,code,name,latitude,longitude,start,close,type,year,Administrativos (femeninos),Administrativos (masculinos),Gastos: Agua,Gastos: Electricidad,Gastos: Infotep,Gastos: TSS,Gastos: Telecomunicaciones,Inversion Acumulada,Naves Construidas,Naves Ocupadas,Numero de Empresas,Obreros (femeninos),Obreros (masculinos),Salario Operarios,Salario Tecnicos,Tecnicos (femeninos),Tecnicos (masculinos)
0,DOM-6NO,Zona Franca 6 de Noviembre ,18.43423576,-70.07709655,2016.0,0.0,private,2000,0.0,0.0,0.0,0.0,0.0,0.0,0.0,0.0,0.0,0.0,0.0,0.0,0.0,0.0,0.0,0.0,0.0
1,DOM-6NO,Zona Franca 6 de Noviembre ,18.43423576,-70.07709655,2016.0,0.0,private,2001,0.0,0.0,0.0,0.0,0.0,0.0,0.0,0.0,0.0,0.0,0.0,0.0,0.0,0.0,0.0,0.0,0.0
2,DOM-6NO,Zona Franca 6 de Noviembre ,18.43423576,-70.07709655,2016.0,0.0,private,2002,0.0,0.0,0.0,0.0,0.0,0.0,0.0,0.0,0.0,0.0,0.0,0.0,0.0,0.0,0.0,0.0,0.0
3,DOM-6NO,Zona Franca 6 de Noviembre ,18.43423576,-70.07709655,2016.0,0.0,private,2003,0.0,0.0,0.0,0.0,0.0,0.0,0.0,0.0,0.0,0.0,0.0,0.0,0.0,0.0,0.0,0.0,0.0
4,DOM-6NO,Zona Franca 6 de Noviembre ,18.43423576,-70.07709655,2016.0,0.0,private,2004,0.0,0.0,0.0,0.0,0.0,0.0,0.0,0.0,0.0,0.0,0.0,0.0,0.0,0.0,0.0,0.0,0.0
5,DOM-6NO,Zona Franca 6 de Noviembre ,18.43423576,-70.07709655,2016.0,0.0,private,2005,0.0,0.0,0.0,0.0,0.0,0.0,0.0,0.0,0.0,0.0,0.0,0.0,0.0,0.0,0.0,0.0,0.0
6,DOM-6NO,Zona Franca 6 de Noviembre ,18.43423576,-70.07709655,2016.0,0.0,private,2006,0.0,0.0,0.0,0.0,0.0,0.0,0.0,0.0,0.0,0.0,0.0,0.0,0.0,0.0,0.0,0.0,0.0
7,DOM-6NO,Zona Franca 6 de Noviembre ,18.43423576,-70.07709655,2016.0,0.0,private,2007,0.0,0.0,0.0,0.0,0.0,0.0,0.0,0.0,0.0,0.0,0.0,0.0,0.0,0.0,0.0,0.0,0.0
8,DOM-6NO,Zona Franca 6 de Noviembre ,18.43423576,-70.07709655,2016.0,0.0,private,2008,0.0,0.0,0.0,0.0,0.0,0.0,0.0,0.0,0.0,0.0,0.0,0.0,0.0,0.0,0.0,0.0,0.0
9,DOM-6NO,Zona Franca 6 de Noviembre ,18.43423576,-70.07709655,2016.0,0.0,private,2009,0.0,0.0,0.0,0.0,0.0,0.0,0.0,0.0,0.0,0.0,0.0,0.0,0.0,0.0,0.0,0.0,0.0
10,DOM-6NO,Zona Franca 6 de Noviembre ,18.43423576,-70.07709655,2016.0,0.0,private,2010,0.0,0.0,0.0,0.0,0.0,0.0,0.0,0.0,0.0,0.0,0.0,0.0,0.0,0.0,0.0,0.0,0.0
11,DOM-6NO,Zona Franca 6 de Noviembre ,18.43423576,-70.07709655,2016.0,0.0,private,2011,0.0,0.0,0.0,0.0,0.0,0.0,0.0,0.0,0.0,0.0,0.0,0.0,0.0,0.0,0.0,0.0,0.0
12,DOM-6NO,Zona Franca 6 de Noviembre ,18.43423576,-70.07709655,2016.0,0.0,private,2012,0.0,0.0,0.0,0.0,0.0,0.0,0.0,0.0,0.0,0.0,0.0,0.0,0.0,0.0,0.0,0.0,0.0
13,DOM-6NO,Zona Franca 6 de Noviembre ,18.43423576,-70.07709655,2016.0,0.0,private,2013,,,0.0,0.0,0.0,0.0,0.0,0.0,0.0,0.0,0.0,,,0.0,0.0,,
14,DOM-6NO,Zona Franca 6 de Noviembre ,18.43423576,-70.07709655,2016.0,0.0,private,2014,0.0,0.0,0.0,0.0,0.0,0.0,0.0,0.0,0.0,0.0,0.0,0.0,0.0,0.0,0.0,0.0,0.0
15,DOM-6NO,Zona Franca 6 de Noviembre ,18.43423576,-70.07709655,2016.0,0.0,private,2015,0.0,0.0,0.0,0.0,0.0,0.0,0.0,0.0,0.0,0.0,0.0,0.0,0.0,0.0,0.0,0.0,0.0
16,DOM-6NO,Zona Franca 6 de Noviembre ,18.43423576,-70.07709655,2016.0,0.0,private,2016,2.0,10.0,162.55,6280.98,184.04,2104.9,359.26,1890354.0,33356.0,33356.0,1.0,26.0,46.0,2200.0,2500.0,0.0,2.0
17,DOM-ALC,Los Alcarrizos ,18.52119218,-70.05086541,1990.0,0.0,public,2000,62.0,81.0,464354.0,9812247.7,766893.43,5638113.84,0.0,19853638.95,482462.0,482462.0,19.0,2105.0,1068.0,620.42,1553.24,59.0,157.0
18,DOM-ALC,Los Alcarrizos ,18.52119218,-70.05086541,1990.0,0.0,public,2001,74.0,77.0,303304.5,9991975.0,664740.87,5522545.9,0.0,19521896.75,563307.0,531735.0,17.0,1361.0,1108.0,680.92,1493.82,39.0,110.0
19,DOM-ALC,Los Alcarrizos ,18.52119218,-70.05086541,1990.0,0.0,public,2002,51.0,83.0,175151.74,7631557.76,532821.61,3930638.13,0.0,14683246.0,563307.6,531735.0,14.0,1143.0,841.0,653.39,1689.0,18.0,89.0
20,DOM-ALC,Los Alcarrizos ,18.52119218,-70.05086541,1990.0,0.0,public,2003,54.0,62.0,449473.79,15851375.59,737730.28,4545852.91,4158720.15,16110722.99,563307.0,523307.0,18.0,1014.0,927.0,810.29,1729.45,31.0,137.0
21,DOM-ALC,Los Alcarrizos ,18.52119218,-70.05086541,1990.0,0.0,public,2004,62.0,63.0,1017732.0,31941101.51,1253120.81,4234373.33,4507834.03,23755065.7,563307.0,526195.0,17.0,1456.0,1360.0,954.82,2221.94,54.0,130.0
22,DOM-ALC,Los Alcarrizos ,18.52119218,-70.05086541,1990.0,0.0,public,2005,56.0,84.0,920207.21,30035567.07,1407623.3,5501330.91,4420022.97,20419701.5,563307.0,526195.0,14.0,1050.0,917.0,1177.06,2312.73,29.0,97.0
23,DOM-ALC,Los Alcarrizos ,18.52119218,-70.05086541,1990.0,0.0,public,2006,60.0,122.0,877829.0,27144131.93,1543897.97,5145037.9,4708623.09,22705077.88,563307.0,510666.0,14.0,910.0,811.0,1510.24,2770.28,31.0,131.0
24,DOM-ALC,Los Alcarrizos ,18.52119218,-70.05086541,1990.0,0.0,public,2007,50.0,54.0,936269.0,13412951.03,962618.42,7169903.25,3178531.56,40192104.07,563307.0,547120.0,14.0,413.0,510.0,1781.92,3446.06,21.0,122.0
25,DOM-ALC,Los Alcarrizos ,18.52119218,-70.05086541,1990.0,0.0,public,2008,45.0,44.0,1435004.34,18897769.79,978345.29,15433680.55,5586756.02,37723217.65,563307.0,547120.0,12.0,435.0,412.0,1479.66,2969.16,44.0,142.0
26,DOM-ALC,Los Alcarrizos ,18.52119218,-70.05086541,1990.0,0.0,public,2009,46.0,48.0,1217425.02,14666398.01,1066418.39,14541632.67,5051923.34,28511505.5,563307.0,563307.0,15.0,383.0,395.0,1779.23,4073.59,35.0,93.0
27,DOM-ALC,Los Alcarrizos ,18.52119218,-70.05086541,1990.0,0.0,public,2010,44.0,55.0,1261781.85,9379610.45,871198.12,18714115.9,3955706.7,21776166.76,583516.0,567166.0,14.0,501.0,407.0,1741.88,3389.04,11.0,60.0
28,DOM-ALC,Los Alcarrizos ,18.52119218,-70.05086541,1990.0,0.0,public,2011,44.0,63.0,1493500.5,14013520.36,933492.0,22596915.27,3314118.53,22307044.2,583516.0,583516.0,13.0,585.0,480.0,1986.42,3762.0,10.0,57.0
29,DOM-ALC,Los Alcarrizos ,18.52119218,-70.05086541,1990.0,0.0,public,2012,39.0,55.0,1192078.77,10572678.8,980049.0,23296070.87,3355000.81,23142258.73,583516.0,386345.12,13.0,608.0,432.0,1801.43,3197.77,26.0,82.0
30,DOM-ALC,Los Alcarrizos ,18.52119218,-70.05086541,1990.0,0.0,public,2013,,,789742.5,11821322.07,1273446.04,24948480.94,4516875.88,29017608.73,619079.63,439920.97,13.0,,,1790.85,3533.52,,
31,DOM-ALC,Los Alcarrizos ,18.52119218,-70.05086541,1990.0,0.0,public,2014,27.0,36.0,747952.08,9756788.47,1022784.27,24852524.06,3432905.23,28846815.7,619079.63,485938.61,12.0,418.0,375.0,2095.67,3852.34,20.0,51.0
32,DOM-ALC,Los Alcarrizos ,18.52119218,-70.05086541,1990.0,0.0,public,2015,40.0,48.0,1435953.34,12778331.28,1141928.41,28271407.9,4495590.62,27461136.4,619079.63,428063.29,10.0,409.0,429.0,2491.69,4420.89,20.0,71.0
33,DOM-ALC,Los Alcarrizos ,18.52119218,-70.05086541,1990.0,0.0,public,2016,48.0,43.0,669.42,11783.2,1256.74,29103.43,3847.24,25518598.92,563991.87,456251.54,11.0,403.0,370.0,2746.32,4293.0,23.0,72.0
34,DOM-ALT,Villa Altagracia ,18.68704785,-70.18063175,1988.0,0.0,private,2000,131.0,106.0,72000.0,4272000.0,793343.19,7560000.0,0.0,33900000.0,202317.26,191273.93,2.0,2476.0,362.0,702.0,1250.0,15.0,41.0
35,DOM-ALT,Villa Altagracia ,18.68704785,-70.18063175,1988.0,0.0,private,2001,11.0,11.0,139000.0,1175000.0,290000.0,3806394.08,0.0,3300000.0,202317.0,184043.0,2.0,1823.0,735.0,743.43,833.68,18.0,32.0
36,DOM-ALT,Villa Altagracia ,18.68704785,-70.18063175,1988.0,0.0,private,2002,14.0,12.0,458376.4,5750000.0,684540.96,10114844.08,0.0,4400000.0,211515.6,200515.6,3.0,1623.0,650.0,629.28,804.0,18.0,31.0
37,DOM-ALT,Villa Altagracia ,18.68704785,-70.18063175,1988.0,0.0,private,2003,5.0,8.0,325540.0,11150215.0,1017692.59,10935678.33,2487088.9,23000000.0,239072.0,194592.0,3.0,1425.0,540.0,815.62,883.42,16.0,19.0
38,DOM-ALT,Villa Altagracia ,18.68704785,-70.18063175,1988.0,0.0,private,2004,3.0,7.0,237188.0,9043136.54,635384.0,3725000.0,2003650.38,23100000.0,239072.0,150112.32,3.0,688.0,242.0,957.67,1966.67,10.0,15.0
39,DOM-ALT,Villa Altagracia ,18.68704785,-70.18063175,1988.0,0.0,private,2005,32.0,22.0,266100.0,6987870.34,408213.28,2107920.47,2286140.75,18054631.52,255211.05,168176.77,4.0,394.0,285.0,1324.23,2319.25,29.0,41.0
40,DOM-ALT,Villa Altagracia ,18.68704785,-70.18063175,1988.0,0.0,private,2006,25.0,17.0,250468.6,4751695.92,381967.26,1201401.88,2163662.03,6644269.47,225375.63,197757.0,7.0,289.0,170.0,1289.14,2167.86,10.0,15.0
41,DOM-ALT,Villa Altagracia ,18.68704785,-70.18063175,1988.0,0.0,private,2007,18.0,18.0,81919.6,1234774.4,93743.3,1647202.68,1371434.34,11473401.61,225375.63,212846.0,9.0,72.0,81.0,1485.51,3489.29,12.0,27.0
42,DOM-ALT,Villa Altagracia ,18.68704785,-70.18063175,1988.0,0.0,private,2008,16.0,10.0,114598.0,318255.38,98723.58,1941581.34,1877264.54,13288869.47,240312.07,189276.85,9.0,78.0,87.0,1524.72,3026.84,4.0,22.0
43,DOM-ALT,Villa Altagracia ,18.68704785,-70.18063175,1988.0,0.0,private,2009,15.0,6.0,84833.6,610390.4,118837.53,1062869.46,1900434.89,10076670.56,240312.07,136402.55,7.0,66.0,63.0,1379.75,4079.53,7.0,27.0
44,DOM-ALT,Villa Altagracia ,18.68704785,-70.18063175,1988.0,0.0,private,2010,8.0,16.0,49118.0,1399795.0,219223.0,5322537.16,1394800.0,7527225.0,240312.07,121071.47,7.0,121.0,120.0,1506.13,2903.04,19.0,19.0
45,DOM-ALT,Villa Altagracia ,18.68704785,-70.18063175,1988.0,0.0,private,2011,8.0,12.0,55852.5,1520517.05,356764.0,7561303.51,1552829.83,5827436.0,240312.07,106936.56,4.0,90.0,84.0,2140.53,5212.5,4.0,8.0
46,DOM-ALT,Villa Altagracia ,18.68704785,-70.18063175,1988.0,0.0,private,2012,11.0,6.0,76099.0,1288332.81,387770.82,7936020.51,1397401.31,5826800.0,240312.07,138017.57,4.0,85.0,100.0,2308.81,4772.18,2.0,17.0
47,DOM-ALT,Villa Altagracia ,18.68704785,-70.18063175,1988.0,0.0,private,2013,,,109895.2,1483792.26,396099.0,9404481.09,1339684.04,3726034.41,240312.07,138017.57,4.0,,,2322.83,4996.25,,
48,DOM-ALT,Villa Altagracia ,18.68704785,-70.18063175,1988.0,0.0,private,2014,10.0,9.0,131185.34,1385432.01,186447.93,7894656.18,543196.14,5407289.4,240312.07,172672.0,4.0,105.0,137.0,3041.68,5007.53,8.0,21.0
49,DOM-ALT,Villa Altagracia ,18.68704785,-70.18063175,1988.0,0.0,private,2015,10.0,5.0,215511.24,2953903.92,672375.3,12614559.92,1074811.05,5949306.9,240312.07,172672.0,4.0,82.0,119.0,2906.62,5640.68,6.0,14.0
50,DOM-ALT,Villa Altagracia ,18.68704785,-70.18063175,1988.0,0.0,private,2016,14.0,10.0,294.3,5659.76,550.26,11903.82,1155.99,11435533.57,240312.07,172734.0,4.0,90.0,134.0,3321.4,5610.0,3.0,14.0
51,DOM-AND,Andres,18.44233642,-69.64978048,2009.0,0.0,private,2000,0.0,0.0,0.0,0.0,0.0,0.0,0.0,0.0,0.0,0.0,0.0,0.0,0.0,0.0,0.0,0.0,0.0
52,DOM-AND,Andres,18.44233642,-69.64978048,2009.0,0.0,private,2001,0.0,0.0,0.0,0.0,0.0,0.0,0.0,0.0,0.0,0.0,0.0,0.0,0.0,0.0,0.0,0.0,0.0
53,DOM-AND,Andres,18.44233642,-69.64978048,2009.0,0.0,private,2002,0.0,0.0,0.0,0.0,0.0,0.0,0.0,0.0,0.0,0.0,0.0,0.0,0.0,0.0,0.0,0.0,0.0
54,DOM-AND,Andres,18.44233642,-69.64978048,2009.0,0.0,private,2003,0.0,0.0,0.0,0.0,0.0,0.0,0.0,0.0,0.0,0.0,0.0,0.0,0.0,0.0,0.0,0.0,0.0
55,DOM-AND,Andres,18.44233642,-69.64978048,2009.0,0.0,private,2004,0.0,0.0,0.0,0.0,0.0,0.0,0.0,0.0,0.0,0.0,0.0,0.0,0.0,0.0,0.0,0.0,0.0
56,DOM-AND,Andres,18.44233642,-69.64978048,2009.0,0.0,private,2005,0.0,0.0,0.0,0.0,0.0,0.0,0.0,0.0,0.0,0.0,0.0,0.0,0.0,0.0,0.0,0.0,0.0
57,DOM-AND,Andres,18.44233642,-69.64978048,2009.0,0.0,private,2006,0.0,0.0,0.0,0.0,0.0,0.0,0.0,0.0,0.0,0.0,0.0,0.0,0.0,0.0,0.0,0.0,0.0
58,DOM-AND,Andres,18.44233642,-69.64978048,2009.0,0.0,private,2007,0.0,0.0,0.0,0.0,0.0,0.0,0.0,0.0,0.0,0.0,0.0,0.0,0.0,0.0,0.0,0.0,0.0
59,DOM-AND,Andres,18.44233642,-69.64978048,2009.0,0.0,private,2008,0.0,0.0,0.0,0.0,0.0,0.0,0.0,0.0,0.0,0.0,0.0,0.0,0.0,0.0,0.0,0.0,0.0
60,DOM-AND,Andres,18.44233642,-69.64978048,2009.0,0.0,private,2009,5.0,4.0,156000.0,1764000.0,0.0,2725541.49,324000.0,148803.0,270488.0,64560.0,1.0,0.0,0.0,1945.0,3514.0,69.0,9.0
61,DOM-AND,Andres,18.44233642,-69.64978048,2009.0,0.0,private,2010,5.0,11.0,0.0,1430112.0,135976.0,3396051.78,1158574.0,150803.0,270488.0,64560.0,1.0,0.0,0.0,0.0,3675.25,7.0,70.0
62,DOM-AND,Andres,18.44233642,-69.64978048,2009.0,0.0,private,2011,2.0,8.0,70000.0,1270858.0,147725.0,3452591.29,778647.54,884314.0,270488.0,100250.0,1.0,0.0,0.0,0.0,3654.0,7.0,50.0
63,DOM-AND,Andres,18.44233642,-69.64978048,2009.0,0.0,private,2012,5.0,7.0,97718.0,2316650.0,183133.0,4182936.78,894234.0,746667.0,270488.0,64500.0,1.0,7.0,41.0,4281.25,6025.0,0.0,6.0
64,DOM-AND,Andres,18.44233642,-69.64978048,2009.0,0.0,private,2013,,,152212.0,2284425.31,202250.54,4514445.53,1041026.99,733390.96,270488.0,64500.0,1.0,,,2664.46,5077.0,,
65,DOM-AND,Andres,18.44233642,-69.64978048,2009.0,0.0,private,2014,8.0,9.0,131630.0,1890308.0,174472.0,3818310.97,965470.0,789922.0,64500.0,64500.0,1.0,3.0,40.0,2168.65,7045.37,1.0,6.0
66,DOM-AND,Andres,18.44233642,-69.64978048,2009.0,0.0,private,2015,7.0,12.0,62040.0,2710157.43,190443.41,3607344.32,1151974.54,803290.0,64500.0,64500.0,1.0,2.0,46.0,3838.76,6936.53,0.0,11.0
67,DOM-AND,Andres,18.44233642,-69.64978048,2009.0,0.0,private,2016,6.0,19.0,201.45,1982.32,215.33,4093.94,1029.41,935650.0,64500.0,64500.0,1.0,2.0,3.0,4000.0,7100.0,0.0,49.0
68,DOM-ARM,La Armeria ,18.42129421,-70.11766012,1990.0,0.0,public,2000,30.0,34.0,86750.0,3561896.0,678543.21,3980122.5,0.0,8620740.19,254469.0,229066.0,10.0,1719.0,808.0,898.9,1978.89,37.0,80.0
69,DOM-ARM,La Armeria ,18.42129421,-70.11766012,1990.0,0.0,public,2001,13.0,21.0,81700.0,2419200.04,281005.92,2921492.85,0.0,5016030.0,275783.0,275783.0,9.0,1285.0,571.0,660.51,1623.56,38.0,53.0
70,DOM-ARM,La Armeria ,18.42129421,-70.11766012,1990.0,0.0,public,2002,20.0,21.0,171953.0,3073773.58,464793.44,4052449.34,0.0,10355021.0,275783.0,275783.0,11.0,1372.0,476.0,621.69,1455.05,43.0,69.0
71,DOM-ARM,La Armeria ,18.42129421,-70.11766012,1990.0,0.0,public,2003,29.0,23.0,37178.0,3817908.51,550258.47,2976086.42,730368.99,7131271.0,275783.0,275783.0,10.0,1276.0,407.0,770.94,1912.75,61.0,78.0
72,DOM-ARM,La Armeria ,18.42129421,-70.11766012,1990.0,0.0,public,2004,24.0,27.0,343650.0,11063851.64,701344.07,2319144.38,1630871.96,8576310.0,337529.0,337529.0,10.0,1306.0,858.0,897.3,2188.89,52.0,79.0
73,DOM-ARM,La Armeria ,18.42129421,-70.11766012,1990.0,0.0,public,2005,17.0,19.0,179433.0,8102430.7,460677.17,2895184.45,1957018.55,9207504.27,337529.0,337529.0,10.0,714.0,265.0,1096.79,2403.32,21.0,61.0
74,DOM-ARM,La Armeria ,18.42129421,-70.11766012,1990.0,0.0,public,2006,29.0,22.0,88058.0,8361395.8,889290.93,2034905.97,2007078.8,11921351.15,337529.0,337529.0,9.0,792.0,378.0,1249.54,2878.17,17.0,50.0
75,DOM-ARM,La Armeria ,18.42129421,-70.11766012,1990.0,0.0,public,2007,24.0,21.0,341660.0,6545460.79,566717.5,5735152.92,3265433.59,16658481.31,337529.0,337529.0,8.0,793.0,278.0,1600.0,1954.0,23.0,49.0
76,DOM-ARM,La Armeria ,18.42129421,-70.11766012,1990.0,0.0,public,2008,26.0,17.0,75021.9,5997554.38,629817.64,11070036.33,3251871.07,16097596.35,337529.0,337529.0,8.0,497.0,172.0,1700.0,2551.0,26.0,51.0
77,DOM-ARM,La Armeria ,18.42129421,-70.11766012,1990.0,0.0,public,2009,18.0,11.0,251406.7,5820089.4,404930.4,8324377.6,2824575.49,7922821.33,337529.0,321213.0,7.0,427.0,156.0,2272.3,3551.6,32.0,33.0
78,DOM-ARM,La Armeria ,18.42129421,-70.11766012,1990.0,0.0,public,2010,11.0,7.0,107733.0,3612196.79,145913.89,4756105.55,1015920.68,8538776.22,337529.0,209763.0,5.0,169.0,85.0,1833.9,3893.25,18.0,26.0
79,DOM-ARM,La Armeria ,18.42129421,-70.11766012,1990.0,0.0,public,2011,8.0,8.0,118693.0,3784639.9,296433.6,5957603.18,987064.0,7005128.7,337529.0,318441.0,5.0,194.0,112.0,2094.6,3359.33,9.0,21.0
80,DOM-ARM,La Armeria ,18.42129421,-70.11766012,1990.0,0.0,public,2012,11.0,12.0,244911.0,4101929.55,349344.39,6053210.57,1106267.34,7648324.93,337529.0,235255.15,6.0,230.0,98.0,2008.12,3131.93,20.0,43.0
81,DOM-ARM,La Armeria ,18.42129421,-70.11766012,1990.0,0.0,public,2013,,,194932.61,3218046.65,206720.75,8277887.88,1248648.85,2234206.89,310078.93,283104.28,6.0,,,2015.8,4402.0,,
82,DOM-ARM,La Armeria ,18.42129421,-70.11766012,1990.0,0.0,public,2014,14.0,14.0,43312.1,2379713.44,197783.28,8024967.52,1183737.23,2728910.8,310078.93,279648.41,6.0,197.0,127.0,2125.79,3956.3,7.0,28.0
83,DOM-ARM,La Armeria ,18.42129421,-70.11766012,1990.0,0.0,public,2015,25.0,28.0,722143.9,20596983.45,550180.07,11133280.32,1509984.22,5452953.6,310078.93,279648.41,8.0,310.0,197.0,2354.15,4300.9,8.0,30.0
84,DOM-ARM,La Armeria ,18.42129421,-70.11766012,1990.0,0.0,public,2016,28.0,38.0,951.47,5046.3,591.82,13470.86,1772.33,7167910.28,337333.2,314720.51,9.0,407.0,218.0,2076.28,4187.17,7.0,27.0
102,DOM-BAN,Bani,18.25315476,-70.40511741,1986.0,0.0,private,2000,40.0,90.0,129226.0,5251803.98,847448.58,8583658.52,0.0,15539933.25,419156.0,402666.0,11.0,3286.0,1066.0,606.8,1496.91,104.0,96.0
103,DOM-BAN,Bani,18.25315476,-70.40511741,1986.0,0.0,private,2001,28.0,101.0,320910.0,3153149.06,582717.94,9424323.58,0.0,12655436.88,419156.0,307882.0,11.0,2723.0,1038.0,724.96,1579.92,82.0,98.0
104,DOM-BAN,Bani,18.25315476,-70.40511741,1986.0,0.0,private,2002,30.0,50.0,185969.6,3614146.12,639097.44,7215875.4,0.0,9491743.0,419156.0,328448.0,9.0,2185.0,797.0,726.12,1509.52,58.0,135.0
105,DOM-BAN,Bani,18.25315476,-70.40511741,1986.0,0.0,private,2003,31.0,46.0,310655.86,6870899.33,1006133.71,6166225.07,1284632.25,8464186.23,419156.0,276442.0,9.0,2034.0,850.0,825.37,1607.14,73.0,154.0
106,DOM-BAN,Bani,18.25315476,-70.40511741,1986.0,0.0,private,2004,20.0,23.0,301136.0,9353623.31,1168661.01,5952381.83,1913874.03,11476981.97,419156.0,295440.0,8.0,2184.0,985.0,1056.18,2148.95,98.0,101.0
107,DOM-BAN,Bani,18.25315476,-70.40511741,1986.0,0.0,private,2005,22.0,30.0,462374.0,9066274.95,997643.26,10238552.77,1924319.62,11633110.54,380148.0,305886.0,10.0,1962.0,936.0,1229.03,2677.5,97.0,95.0
108,DOM-BAN,Bani,18.25315476,-70.40511741,1986.0,0.0,private,2006,16.0,24.0,404351.8,6442155.34,824660.11,5140003.74,1961682.95,11181251.34,380148.0,270686.0,8.0,1183.0,654.0,1311.49,2959.48,84.0,59.0
109,DOM-BAN,Bani,18.25315476,-70.40511741,1986.0,0.0,private,2007,13.0,16.0,353703.8,5868480.39,600845.44,12644412.11,1879179.61,10623336.78,380148.0,187639.0,6.0,883.0,441.0,1225.02,2969.17,90.0,55.0
110,DOM-BAN,Bani,18.25315476,-70.40511741,1986.0,0.0,private,2008,13.0,12.0,278929.0,4476381.38,478238.69,23111357.53,1792031.44,30910851.47,380148.0,202732.0,7.0,1035.0,498.0,1367.12,2927.98,103.0,70.0
111,DOM-BAN,Bani,18.25315476,-70.40511741,1986.0,0.0,private,2009,9.0,13.0,246166.66,3431317.66,789637.82,33686060.71,2104759.61,28193395.0,430138.0,200133.0,5.0,647.0,309.0,1496.4,3268.0,103.0,54.0
112,DOM-BAN,Bani,18.25315476,-70.40511741,1986.0,0.0,private,2010,16.0,22.0,322045.0,7711990.19,785209.75,10096906.3,2595124.47,10800470.35,430138.0,221675.0,6.0,493.0,346.0,1569.25,3412.46,74.0,49.0
113,DOM-BAN,Bani,18.25315476,-70.40511741,1986.0,0.0,private,2011,9.0,19.0,362455.08,9525893.83,516147.5,20538705.08,2187942.39,11832510.3,430138.0,222738.0,6.0,538.0,393.0,1875.22,3684.9,72.0,51.0
114,DOM-BAN,Bani,18.25315476,-70.40511741,1986.0,0.0,private,2012,10.0,12.0,286146.0,10891060.06,619017.32,2958098.68,2672284.25,10903773.99,430138.0,129855.0,6.0,324.0,191.0,2718.83,4803.13,75.0,49.0
115,DOM-BAN,Bani,18.25315476,-70.40511741,1986.0,0.0,private,2013,,,157783.91,2821259.32,141818.72,3959273.19,412106.56,4495089.35,430138.0,97135.0,5.0,,,1885.83,4141.25,,
116,DOM-BAN,Bani,18.25315476,-70.40511741,1986.0,0.0,private,2014,16.0,31.0,289496.4,2783958.92,238145.6,4263878.51,958293.04,4170565.5,430138.0,235911.0,7.0,159.0,201.0,1891.12,4004.09,4.0,77.0
117,DOM-BAN,Bani,18.25315476,-70.40511741,1986.0,0.0,private,2015,26.0,33.0,429835.08,4967735.6,404979.81,5068662.78,1478174.86,5021427.1,430138.0,235911.0,7.0,255.0,131.0,2365.14,5295.21,23.0,40.0
118,DOM-BAN,Bani,18.25315476,-70.40511741,1986.0,0.0,private,2016,19.0,18.0,1388.77,4758.06,766.45,538.36,0.0,7576911.08,430138.0,325286.0,7.0,235.0,132.0,2461.5,5286.29,38.0,54.0
119,DOM-BAR,Barahona ,18.22153648,-71.10145235,1989.0,0.0,public,2000,23.0,32.0,36750.0,7226794.0,234224.39,1126650.0,0.0,6064000.0,235592.0,235592.0,3.0,656.0,473.0,800.0,3166.67,42.0,80.0
120,DOM-BAR,Barahona ,18.22153648,-71.10145235,1989.0,0.0,public,2001,25.0,26.0,53400.0,321000.0,38400.0,330000.0,0.0,15789255.0,498249.0,498249.0,3.0,1031.0,787.0,738.21,1266.67,59.0,164.0
121,DOM-BAR,Barahona ,18.22153648,-71.10145235,1989.0,0.0,public,2002,0.0,3.0,0.0,12840215.64,496800.0,3256070.0,0.0,14750000.0,498249.0,498249.0,3.0,731.0,650.0,800.0,1566.67,45.0,61.0
122,DOM-BAR,Barahona ,18.22153648,-71.10145235,1989.0,0.0,public,2003,1.0,21.0,0.0,30269420.79,735581.9,1630382.78,0.0,18400000.0,498249.0,498249.0,3.0,541.0,623.0,975.0,2150.0,25.0,48.0
123,DOM-BAR,Barahona ,18.22153648,-71.10145235,1989.0,0.0,public,2004,25.0,25.0,58860.0,42455245.6,0.0,2887882.12,1840320.55,13000000.0,498249.0,276405.0,2.0,550.0,750.0,1000.0,2250.0,60.0,155.0
124,DOM-BAR,Barahona ,18.22153648,-71.10145235,1989.0,0.0,public,2005,18.0,8.0,113000.0,45337430.0,360000.0,3000000.0,360000.0,26000000.0,276405.0,276405.0,2.0,690.0,485.0,998.0,1550.0,17.0,27.0
125,DOM-BAR,Barahona ,18.22153648,-71.10145235,1989.0,0.0,public,2006,10.0,10.0,113000.0,45337430.0,360000.0,0.0,360000.0,25800000.0,276405.0,276405.0,2.0,265.0,670.0,1125.0,1500.0,25.0,20.0
126,DOM-BAR,Barahona ,18.22153648,-71.10145235,1989.0,0.0,public,2007,7.0,10.0,400000.0,40000000.0,600000.0,10000000.0,700000.0,33000000.0,276405.0,226157.0,2.0,200.0,610.0,1175.5,2100.0,28.0,30.0
127,DOM-BAR,Barahona ,18.22153648,-71.10145235,1989.0,0.0,public,2008,30.0,20.0,264000.0,38500000.0,720000.0,6291685.04,1200000.0,33000000.0,276405.0,226157.0,2.0,60.0,460.0,1130.4,1500.0,10.0,20.0
128,DOM-BAR,Barahona ,18.22153648,-71.10145235,1989.0,0.0,public,2009,7.0,20.0,172000.0,23000000.0,68000.0,0.0,600000.0,5000000.0,276405.0,223116.0,1.0,42.0,210.0,1247.0,1500.0,1.0,20.0
129,DOM-BAR,Barahona ,18.22153648,-71.10145235,1989.0,0.0,public,2010,1.0,2.0,128552.0,30478185.0,734039.0,4678962.73,657411.0,8000000.0,276405.0,221117.0,1.0,43.0,195.0,1700.0,4000.0,1.0,3.0
130,DOM-BAR,Barahona ,18.22153648,-71.10145235,1989.0,0.0,public,2011,5.0,5.0,128552.4,35949048.84,413347.5,0.0,663464.04,8000000.0,276405.0,239978.0,1.0,15.0,85.0,1467.0,2500.0,0.0,15.0
131,DOM-BAR,Barahona ,18.22153648,-71.10145235,1989.0,0.0,public,2012,5.0,5.0,128552.4,25813861.28,413347.5,14523197.8,546066.47,8000000.0,276405.0,276405.0,1.0,16.0,91.0,1467.0,2500.0,0.0,16.0
132,DOM-BAR,Barahona ,18.22153648,-71.10145235,1989.0,0.0,public,2013,,,228688.4,34848904.4,939695.82,14998964.24,2402409.67,10125453.56,275197.87,275197.87,1.0,,,1467.0,2500.0,,
133,DOM-BAR,Barahona ,18.22153648,-71.10145235,1989.0,0.0,public,2014,10.0,52.0,67802.0,985525.441,60000.0,8284397.51,355560.0,14978000.0,275197.87,275197.87,1.0,523.0,420.0,1666.6,3500.0,157.0,53.0
134,DOM-BAR,Barahona ,18.22153648,-71.10145235,1989.0,0.0,public,2015,31.0,42.0,605755.5,40383864.63,631268.87,51883452.6,2268129.5,14978000.0,275197.87,275197.87,1.0,734.0,559.0,1700.0,2500.0,70.0,52.0
135,DOM-BAR,Barahona ,18.22153648,-71.10145235,1989.0,0.0,public,2016,31.0,43.0,1728.01,40948.45,1258.52,30089.5,1915.2,17700000.0,299420.14,299420.14,1.0,734.0,559.0,1856.12,2510.0,71.0,52.0
153,DOM-BON,Bonao ,18.92425177,-70.40416473,1988.0,0.0,public,2000,23.0,27.0,35432.0,3027130.25,648183.09,5771109.01,0.0,7371588.75,390593.0,331615.0,9.0,1918.0,1667.0,579.0,1075.0,13.0,74.0
154,DOM-BON,Bonao ,18.92425177,-70.40416473,1988.0,0.0,public,2001,24.0,20.0,28432.0,3240635.45,835232.49,8682549.77,0.0,6199952.0,278577.0,278577.0,7.0,1539.0,1137.0,667.0,2096.0,23.0,75.0
155,DOM-BON,Bonao ,18.92425177,-70.40416473,1988.0,0.0,public,2002,20.0,18.0,32522.0,4772521.11,307111.23,4979754.66,0.0,8030856.0,392327.0,312735.59,6.0,1111.0,966.0,657.5,1256.0,5.0,29.0
156,DOM-BON,Bonao ,18.92425177,-70.40416473,1988.0,0.0,public,2003,31.0,11.0,907728.78,10371273.48,319901.72,4459479.29,1750786.35,6515255.25,392327.0,312735.0,6.0,1595.0,1334.0,782.19,1295.83,8.0,73.0
157,DOM-BON,Bonao ,18.92425177,-70.40416473,1988.0,0.0,public,2004,28.0,16.0,234589.08,10814822.07,606118.14,5068724.17,1602793.17,9978904.25,500155.0,500155.0,6.0,1538.0,1335.0,982.0,1629.17,6.0,55.0
158,DOM-BON,Bonao ,18.92425177,-70.40416473,1988.0,0.0,public,2005,21.0,12.0,556297.8,15053601.87,568509.3,30696905.61,1596498.92,12456822.73,500155.0,444411.0,8.0,1484.0,1142.0,1021.5,2033.57,13.0,51.0
159,DOM-BON,Bonao ,18.92425177,-70.40416473,1988.0,0.0,public,2006,18.0,12.0,371096.2,15897982.83,719034.68,5974542.8,3040014.45,16068093.86,500155.0,422047.0,8.0,1067.0,811.0,1218.71,2066.67,6.0,34.0
160,DOM-BON,Bonao ,18.92425177,-70.40416473,1988.0,0.0,public,2007,9.0,4.0,262747.91,13822918.11,571084.69,12613973.54,992152.02,7902683.75,500155.0,365030.0,5.0,713.0,502.0,1149.94,2264.08,4.0,20.0
161,DOM-BON,Bonao ,18.92425177,-70.40416473,1988.0,0.0,public,2008,15.0,3.0,120057.21,2941251.94,203004.2,7995323.93,1012608.13,5229793.4,500155.0,365030.0,3.0,431.0,160.0,1399.5,2597.67,12.0,39.0
162,DOM-BON,Bonao ,18.92425177,-70.40416473,1988.0,0.0,public,2009,10.0,5.0,33491.2,1467699.06,55754.6,1645550.85,754759.94,3090140.81,500155.0,363553.0,4.0,189.0,114.0,1590.62,3657.67,1.0,11.0
163,DOM-BON,Bonao ,18.92425177,-70.40416473,1988.0,0.0,public,2010,12.0,4.0,44658.4,2349687.03,65550.0,1246678.79,905668.81,2710115.0,500155.0,81802.0,3.0,171.0,109.0,1453.71,2247.73,1.0,26.0
164,DOM-BON,Bonao ,18.92425177,-70.40416473,1988.0,0.0,public,2011,11.0,3.0,66988.0,3432219.23,271250.0,5410301.48,993399.75,2502840.0,350390.0,82850.0,2.0,277.0,153.0,1320.5,2642.0,4.0,16.0
165,DOM-BON,Bonao ,18.92425177,-70.40416473,1988.0,0.0,public,2012,12.0,3.0,61405.0,2683090.4,108817.0,4733357.13,995619.77,2674382.0,350390.0,53022.03,2.0,172.0,64.0,1474.34,3338.34,6.0,14.0
166,DOM-BON,Bonao ,18.92425177,-70.40416473,1988.0,0.0,public,2013,,,84987.0,3943415.64,312119.4,3795391.45,1264464.94,3091531.17,363183.27,752840.15,3.0,,,1875.01,3486.58,,
167,DOM-BON,Bonao ,18.92425177,-70.40416473,1988.0,0.0,public,2014,10.0,4.0,85987.6,4563323.95,353728.0,6256241.56,1518616.94,3326537.0,431539.12,69372.93,3.0,185.0,97.0,1846.0,3493.67,6.0,19.0
168,DOM-BON,Bonao ,18.92425177,-70.40416473,1988.0,0.0,public,2015,13.0,5.0,144000.0,4423760.38,333767.0,6975466.02,1064010.82,3198062.0,400634.95,179274.59,3.0,180.0,85.0,2148.67,3796.08,3.0,20.0
169,DOM-BON,Bonao ,18.92425177,-70.40416473,1988.0,0.0,public,2016,9.0,4.0,144.0,4327.98,387.6,7887.88,1215.18,3087012.18,411800.22,253706.18,3.0,194.0,94.0,2251.67,3897.67,4.0,13.0
170,DOM-CAD,Los Candelones ,19.55066181,-70.85609369,2017.0,0.0,private,2000,0.0,0.0,0.0,0.0,0.0,0.0,0.0,0.0,0.0,0.0,0.0,0.0,0.0,0.0,0.0,0.0,0.0
171,DOM-CAD,Los Candelones ,19.55066181,-70.85609369,2017.0,0.0,private,2001,0.0,0.0,0.0,0.0,0.0,0.0,0.0,0.0,0.0,0.0,0.0,0.0,0.0,0.0,0.0,0.0,0.0
172,DOM-CAD,Los Candelones ,19.55066181,-70.85609369,2017.0,0.0,private,2002,0.0,0.0,0.0,0.0,0.0,0.0,0.0,0.0,0.0,0.0,0.0,0.0,0.0,0.0,0.0,0.0,0.0
173,DOM-CAD,Los Candelones ,19.55066181,-70.85609369,2017.0,0.0,private,2003,0.0,0.0,0.0,0.0,0.0,0.0,0.0,0.0,0.0,0.0,0.0,0.0,0.0,0.0,0.0,0.0,0.0
174,DOM-CAD,Los Candelones ,19.55066181,-70.85609369,2017.0,0.0,private,2004,0.0,0.0,0.0,0.0,0.0,0.0,0.0,0.0,0.0,0.0,0.0,0.0,0.0,0.0,0.0,0.0,0.0
175,DOM-CAD,Los Candelones ,19.55066181,-70.85609369,2017.0,0.0,private,2005,0.0,0.0,0.0,0.0,0.0,0.0,0.0,0.0,0.0,0.0,0.0,0.0,0.0,0.0,0.0,0.0,0.0
176,DOM-CAD,Los Candelones ,19.55066181,-70.85609369,2017.0,0.0,private,2006,0.0,0.0,0.0,0.0,0.0,0.0,0.0,0.0,0.0,0.0,0.0,0.0,0.0,0.0,0.0,0.0,0.0
177,DOM-CAD,Los Candelones ,19.55066181,-70.85609369,2017.0,0.0,private,2007,0.0,0.0,0.0,0.0,0.0,0.0,0.0,0.0,0.0,0.0,0.0,0.0,0.0,0.0,0.0,0.0,0.0
178,DOM-CAD,Los Candelones ,19.55066181,-70.85609369,2017.0,0.0,private,2008,0.0,0.0,0.0,0.0,0.0,0.0,0.0,0.0,0.0,0.0,0.0,0.0,0.0,0.0,0.0,0.0,0.0
179,DOM-CAD,Los Candelones ,19.55066181,-70.85609369,2017.0,0.0,private,2009,0.0,0.0,0.0,0.0,0.0,0.0,0.0,0.0,0.0,0.0,0.0,0.0,0.0,0.0,0.0,0.0,0.0
180,DOM-CAD,Los Candelones ,19.55066181,-70.85609369,2017.0,0.0,private,2010,0.0,0.0,0.0,0.0,0.0,0.0,0.0,0.0,0.0,0.0,0.0,0.0,0.0,0.0,0.0,0.0,0.0
181,DOM-CAD,Los Candelones ,19.55066181,-70.85609369,2017.0,0.0,private,2011,0.0,0.0,0.0,0.0,0.0,0.0,0.0,0.0,0.0,0.0,0.0,0.0,0.0,0.0,0.0,0.0,0.0
182,DOM-CAD,Los Candelones ,19.55066181,-70.85609369,2017.0,0.0,private,2012,0.0,0.0,0.0,0.0,0.0,0.0,0.0,0.0,0.0,0.0,0.0,0.0,0.0,0.0,0.0,0.0,0.0
183,DOM-CAD,Los Candelones ,19.55066181,-70.85609369,2017.0,0.0,private,2013,,,0.0,0.0,0.0,0.0,0.0,0.0,0.0,0.0,0.0,,,0.0,0.0,,
184,DOM-CAD,Los Candelones ,19.55066181,-70.85609369,2017.0,0.0,private,2014,0.0,0.0,0.0,0.0,0.0,0.0,0.0,0.0,0.0,0.0,0.0,0.0,0.0,0.0,0.0,0.0,0.0
185,DOM-CAD,Los Candelones ,19.55066181,-70.85609369,2017.0,0.0,private,2015,0.0,0.0,0.0,0.0,0.0,0.0,0.0,0.0,0.0,0.0,0.0,0.0,0.0,0.0,0.0,0.0,0.0
186,DOM-CAD,Los Candelones ,19.55066181,-70.85609369,2017.0,0.0,private,2016,0.0,0.0,0.0,0.0,0.0,0.0,0.0,0.0,0.0,0.0,0.0,0.0,0.0,0.0,0.0,0.0,0.0
204,DOM-CDF,Parque Industrial CDF,19.49516261,-70.71634466,2014.0,0.0,private,2000,0.0,0.0,0.0,0.0,0.0,0.0,0.0,0.0,0.0,0.0,0.0,0.0,0.0,0.0,0.0,0.0,0.0
205,DOM-CDF,Parque Industrial CDF,19.49516261,-70.71634466,2014.0,0.0,private,2001,0.0,0.0,0.0,0.0,0.0,0.0,0.0,0.0,0.0,0.0,0.0,0.0,0.0,0.0,0.0,0.0,0.0
206,DOM-CDF,Parque Industrial CDF,19.49516261,-70.71634466,2014.0,0.0,private,2002,0.0,0.0,0.0,0.0,0.0,0.0,0.0,0.0,0.0,0.0,0.0,0.0,0.0,0.0,0.0,0.0,0.0
207,DOM-CDF,Parque Industrial CDF,19.49516261,-70.71634466,2014.0,0.0,private,2003,0.0,0.0,0.0,0.0,0.0,0.0,0.0,0.0,0.0,0.0,0.0,0.0,0.0,0.0,0.0,0.0,0.0
208,DOM-CDF,Parque Industrial CDF,19.49516261,-70.71634466,2014.0,0.0,private,2004,0.0,0.0,0.0,0.0,0.0,0.0,0.0,0.0,0.0,0.0,0.0,0.0,0.0,0.0,0.0,0.0,0.0
209,DOM-CDF,Parque Industrial CDF,19.49516261,-70.71634466,2014.0,0.0,private,2005,0.0,0.0,0.0,0.0,0.0,0.0,0.0,0.0,0.0,0.0,0.0,0.0,0.0,0.0,0.0,0.0,0.0
210,DOM-CDF,Parque Industrial CDF,19.49516261,-70.71634466,2014.0,0.0,private,2006,0.0,0.0,0.0,0.0,0.0,0.0,0.0,0.0,0.0,0.0,0.0,0.0,0.0,0.0,0.0,0.0,0.0
211,DOM-CDF,Parque Industrial CDF,19.49516261,-70.71634466,2014.0,0.0,private,2007,0.0,0.0,0.0,0.0,0.0,0.0,0.0,0.0,0.0,0.0,0.0,0.0,0.0,0.0,0.0,0.0,0.0
212,DOM-CDF,Parque Industrial CDF,19.49516261,-70.71634466,2014.0,0.0,private,2008,0.0,0.0,0.0,0.0,0.0,0.0,0.0,0.0,0.0,0.0,0.0,0.0,0.0,0.0,0.0,0.0,0.0
213,DOM-CDF,Parque Industrial CDF,19.49516261,-70.71634466,2014.0,0.0,private,2009,0.0,0.0,0.0,0.0,0.0,0.0,0.0,0.0,0.0,0.0,0.0,0.0,0.0,0.0,0.0,0.0,0.0
214,DOM-CDF,Parque Industrial CDF,19.49516261,-70.71634466,2014.0,0.0,private,2010,0.0,0.0,0.0,0.0,0.0,0.0,0.0,0.0,0.0,0.0,0.0,0.0,0.0,0.0,0.0,0.0,0.0
215,DOM-CDF,Parque Industrial CDF,19.49516261,-70.71634466,2014.0,0.0,private,2011,0.0,0.0,0.0,0.0,0.0,0.0,0.0,0.0,0.0,0.0,0.0,0.0,0.0,0.0,0.0,0.0,0.0
216,DOM-CDF,Parque Industrial CDF,19.49516261,-70.71634466,2014.0,0.0,private,2012,0.0,0.0,0.0,0.0,0.0,0.0,0.0,0.0,0.0,0.0,0.0,0.0,0.0,0.0,0.0,0.0,0.0
217,DOM-CDF,Parque Industrial CDF,19.49516261,-70.71634466,2014.0,0.0,private,2013,,,0.0,0.0,0.0,0.0,0.0,0.0,0.0,0.0,0.0,,,0.0,0.0,,
218,DOM-CDF,Parque Industrial CDF,19.49516261,-70.71634466,2014.0,0.0,private,2014,9.0,1.0,549903.74,1131384.14,380853.66,7572279.52,0.0,9951283.2,167992.13,167992.13,1.0,393.0,73.0,1707.69,5179.81,1.0,6.0
219,DOM-CDF,Parque Industrial CDF,19.49516261,-70.71634466,2014.0,0.0,private,2015,10.0,1.0,434475.0,1577590.58,617335.66,10973754.88,640155.83,12385321.3,167992.13,167992.13,1.0,416.0,95.0,1958.59,6693.3,3.0,5.0
220,DOM-CDF,Parque Industrial CDF,19.49516261,-70.71634466,2014.0,0.0,private,2016,10.0,2.0,682.71,1529.18,495.2,10248.76,617.36,13877081.07,167992.13,167992.13,1.0,347.0,31.0,2100.0,6700.0,4.0,5.0
221,DOM-CHE,Chemtec ,18.45851329,-69.28651371,1988.0,0.0,private,2000,65.0,87.0,345045.0,4580529.0,0.0,7149064.81,0.0,13904205.18,456206.0,456206.0,12.0,1173.0,1389.0,694.67,1654.55,51.0,197.0
222,DOM-CHE,Chemtec ,18.45851329,-69.28651371,1988.0,0.0,private,2001,40.0,34.0,425735.6,9328406.08,1005477.13,8646283.47,0.0,15028164.77,456206.0,426206.0,10.0,703.0,1304.0,719.36,1825.71,30.0,90.0
223,DOM-CHE,Chemtec ,18.45851329,-69.28651371,1988.0,0.0,private,2002,33.0,51.0,196905.0,3176860.29,283727.1,2100186.63,0.0,10843940.0,456206.0,426206.0,9.0,263.0,411.0,704.56,1279.0,17.0,23.0
224,DOM-CHE,Chemtec ,18.45851329,-69.28651371,1988.0,0.0,private,2003,24.0,38.0,177396.8,4602130.67,233244.74,1503421.5,825149.72,11701944.0,475000.0,415000.0,11.0,158.0,239.0,852.46,2008.33,2.0,25.0
225,DOM-CHE,Chemtec ,18.45851329,-69.28651371,1988.0,0.0,private,2004,37.0,49.0,246924.0,11929849.17,365370.54,1408059.15,1394311.58,12451195.0,493802.0,420802.0,13.0,460.0,429.0,1000.91,2336.97,12.0,75.0
226,DOM-CHE,Chemtec ,18.45851329,-69.28651371,1988.0,0.0,private,2005,35.0,41.0,209040.6,10402782.44,262804.83,1170073.15,1387635.99,12578026.0,493802.0,478552.0,9.0,326.0,338.0,1140.96,2375.12,6.0,46.0
227,DOM-CHE,Chemtec ,18.45851329,-69.28651371,1988.0,0.0,private,2006,38.0,47.0,233961.6,13242019.36,717258.02,2596859.38,2354743.79,11544005.88,493802.0,493802.0,9.0,337.0,318.0,1202.65,2535.66,8.0,59.0
228,DOM-CHE,Chemtec ,18.45851329,-69.28651371,1988.0,0.0,private,2007,66.0,61.0,244401.23,14349462.98,579777.27,5514547.5,2545750.57,13078586.88,493802.0,478702.0,7.0,545.0,247.0,1270.09,2996.33,40.0,59.0
229,DOM-CHE,Chemtec ,18.45851329,-69.28651371,1988.0,0.0,private,2008,17.0,20.0,171369.0,12808605.5,488682.1,6623097.87,1090189.81,11670132.56,493802.0,493802.0,5.0,234.0,218.0,1283.75,3205.39,8.0,38.0
230,DOM-CHE,Chemtec ,18.45851329,-69.28651371,1988.0,0.0,private,2009,19.0,22.0,166670.99,13993965.2,366915.01,5781557.28,946739.86,9529543.84,493802.0,451333.0,5.0,292.0,161.0,1262.56,3208.0,6.0,37.0
231,DOM-CHE,Chemtec ,18.45851329,-69.28651371,1988.0,0.0,private,2010,18.0,25.0,142915.55,13255139.0,405706.8,10656593.09,1371393.55,9674380.13,493802.0,478596.93,6.0,282.0,217.0,1450.51,3893.67,9.0,31.0
232,DOM-CHE,Chemtec ,18.45851329,-69.28651371,1988.0,0.0,private,2011,33.0,44.0,217974.5,19051156.69,362138.0,10608410.61,1171243.72,12627628.3,493802.0,435158.0,7.0,289.0,215.0,1678.95,3481.23,9.0,44.0
233,DOM-CHE,Chemtec ,18.45851329,-69.28651371,1988.0,0.0,private,2012,29.0,25.0,230259.6,19316760.03,530063.0,10548295.96,1570888.64,22727726.14,493802.0,362413.96,8.0,326.0,238.0,1677.81,4913.58,12.0,36.0
234,DOM-CHE,Chemtec ,18.45851329,-69.28651371,1988.0,0.0,private,2013,,,218541.0,13461109.43,492111.0,9135965.85,1385090.31,15744854.67,493802.0,362413.96,8.0,,,2641.23,5446.43,,
235,DOM-CHE,Chemtec ,18.45851329,-69.28651371,1988.0,0.0,private,2014,25.0,24.0,205647.2,14773378.86,585454.82,11493555.04,2435841.72,10086381.8,1400000.0,1332000.0,7.0,202.0,175.0,2628.74,5743.03,5.0,24.0
236,DOM-CHE,Chemtec ,18.45851329,-69.28651371,1988.0,0.0,private,2015,23.0,23.0,222407.2,19753863.39,700228.34,14392580.28,2633786.51,13252725.1,1400000.0,1332000.0,9.0,302.0,207.0,2541.47,5625.37,4.0,37.0
237,DOM-CHE,Chemtec ,18.45851329,-69.28651371,1988.0,0.0,private,2016,26.0,27.0,167.81,16396.4,707.33,16817.56,1890.4,11888282.0,493802.0,273449.0,7.0,248.0,136.0,2926.96,5899.15,3.0,36.0
238,DOM-CIB,Cibernetico ,18.45320537,-69.66257273,2001.0,0.0,mix,2000,0.0,0.0,0.0,0.0,0.0,0.0,0.0,0.0,0.0,0.0,0.0,0.0,0.0,0.0,0.0,0.0,0.0
239,DOM-CIB,Cibernetico ,18.45320537,-69.66257273,2001.0,0.0,mix,2001,1.0,0.0,0.0,0.0,0.0,0.0,0.0,100000.0,100000.0,1000.0,1.0,0.0,0.0,0.0,0.0,0.0,0.0
240,DOM-CIB,Cibernetico ,18.45320537,-69.66257273,2001.0,0.0,mix,2002,3.0,1.0,0.0,60000.0,0.0,50000.0,0.0,370000.0,100000.0,30000.0,3.0,22.0,1.0,800.0,2936.0,0.0,5.0
241,DOM-CIB,Cibernetico ,18.45320537,-69.66257273,2001.0,0.0,mix,2003,2.0,0.0,0.0,22000.0,3000.0,0.0,70000.0,850000.0,100000.0,17035.0,3.0,0.0,2.0,1233.33,2437.5,0.0,6.0
242,DOM-CIB,Cibernetico ,18.45320537,-69.66257273,2001.0,0.0,mix,2004,1.0,0.0,0.0,0.0,0.0,0.0,0.0,200022.0,100000.0,12773.33,1.0,0.0,1.0,950.0,3000.0,0.0,3.0
243,DOM-CIB,Cibernetico ,18.45320537,-69.66257273,2001.0,0.0,mix,2005,4.0,7.0,0.0,526342.0,10447.0,10362.5,580091.0,447688.04,100000.0,31035.0,2.0,0.0,0.0,0.0,1200.0,2.0,34.0
244,DOM-CIB,Cibernetico ,18.45320537,-69.66257273,2001.0,0.0,mix,2006,5.0,9.0,10105.0,4831007.0,81843.0,48100.0,517666.0,687068.0,100000.0,31735.5,2.0,8.0,5.0,1592.63,2622.5,0.0,12.0
245,DOM-CIB,Cibernetico ,18.45320537,-69.66257273,2001.0,0.0,mix,2007,20.0,24.0,0.0,12222517.82,33644.72,1060673.08,680065.78,4812539.37,100000.0,70210.0,5.0,20.0,28.0,2306.33,3912.5,191.0,508.0
246,DOM-CIB,Cibernetico ,18.45320537,-69.66257273,2001.0,0.0,mix,2008,25.0,23.0,79095.8,19063172.61,1354680.02,4099596.64,1515131.49,27578537.13,100000.0,75235.98,8.0,37.0,69.0,3263.9,5437.29,205.0,493.0
247,DOM-CIB,Cibernetico ,18.45320537,-69.66257273,2001.0,0.0,mix,2009,36.0,43.0,20395.91,17546188.22,1927642.62,6451824.03,25676403.54,26346861.1,100000.0,80000.0,9.0,27.0,75.0,3032.61,3968.06,262.0,523.0
248,DOM-CIB,Cibernetico ,18.45320537,-69.66257273,2001.0,0.0,mix,2010,30.0,31.0,14230.0,5720230.69,131431.5,5099155.57,1973833.61,28720043.69,100000.0,80000.0,8.0,16.0,24.0,1385.5,4120.83,252.0,451.0
249,DOM-CIB,Cibernetico ,18.45320537,-69.66257273,2001.0,0.0,mix,2011,75.0,55.0,0.0,19172437.66,545719.5,10485390.01,5776410.34,23317650.2,100000.0,71570.28,11.0,102.0,202.0,2818.98,4457.43,28.0,94.0
250,DOM-CIB,Cibernetico ,18.45320537,-69.66257273,2001.0,0.0,mix,2012,101.0,77.0,25000.0,18956992.95,4805747.0,96374430.87,39866322.46,8287450.3,100000.0,62426.79,8.0,249.0,243.0,2708.0,5559.35,53.0,105.0
251,DOM-CIB,Cibernetico ,18.45320537,-69.66257273,2001.0,0.0,mix,2013,,,24000.0,23874464.87,776990.5,52890291.12,28866396.63,3113738.42,100000.0,65790.25,9.0,,,2402.67,5455.0,,
252,DOM-CIB,Cibernetico ,18.45320537,-69.66257273,2001.0,0.0,mix,2014,42.0,20.0,105000.0,27786000.0,5631264.31,24121725.52,5382600.94,14723507.1,200000.0,165000.0,6.0,1.0,42.0,3000.0,5602.48,418.0,350.0
253,DOM-CIB,Cibernetico ,18.45320537,-69.66257273,2001.0,0.0,mix,2015,52.0,27.0,109832.0,41757937.42,5761777.0,113420336.6,4173375.14,13991905.0,200000.0,165000.0,5.0,13.0,20.0,2708.0,6328.5,209.0,453.0
254,DOM-CIB,Cibernetico ,18.45320537,-69.66257273,2001.0,0.0,mix,2016,62.0,105.0,67.92,30250.05,1730.13,42716.16,8808.83,14983445.16,200000.0,165000.0,6.0,221.0,141.0,2177.57,6130.0,101.0,159.0
255,DOM-CIP,Caribbean Industrial Park ,19.410116,-70.661171,1997.0,0.0,private,2000,126.0,197.0,457832.0,8864202.0,0.0,4009688.0,0.0,18051016.0,825766.0,825766.0,15.0,1679.0,2522.0,819.27,1952.05,549.0,678.0
256,DOM-CIP,Caribbean Industrial Park ,19.410116,-70.661171,1997.0,0.0,private,2001,120.0,150.0,764430.72,23042736.06,5248053.79,5865570.56,0.0,50560204.77,825766.0,745112.0,14.0,1603.0,2085.0,860.15,1761.5,137.0,342.0
257,DOM-CIP,Caribbean Industrial Park ,19.410116,-70.661171,1997.0,0.0,private,2002,280.0,329.0,704833.4,11147686.73,2201656.58,7135079.04,0.0,46506866.87,860000.0,850000.0,13.0,1842.0,2572.0,819.88,1902.0,122.0,393.0
258,DOM-CIP,Caribbean Industrial Park ,19.410116,-70.661171,1997.0,0.0,private,2003,496.0,354.0,1085400.28,36867922.31,3333914.28,8784222.09,8733568.27,41356877.0,872000.0,872000.0,11.0,2087.0,2043.0,1095.76,2403.13,141.0,484.0
259,DOM-CIP,Caribbean Industrial Park ,19.410116,-70.661171,1997.0,0.0,private,2004,158.0,128.0,3830485.58,87363210.07,4221563.57,7421156.14,13649317.18,87086690.8,879000.0,879000.0,13.0,2425.0,2747.0,1388.02,3227.31,175.0,365.0
260,DOM-CIP,Caribbean Industrial Park ,19.410116,-70.661171,1997.0,0.0,private,2005,149.0,175.0,8757942.18,65407518.8,3197934.44,5980210.85,8538792.75,67237667.9,985000.0,819312.0,15.0,1328.0,2000.0,1735.7,2806.29,284.0,497.0
261,DOM-CIP,Caribbean Industrial Park ,19.410116,-70.661171,1997.0,0.0,private,2006,111.0,112.0,13653532.46,70584347.77,3236198.75,5078569.88,11853413.16,80945068.95,985000.0,931445.37,16.0,1098.0,1466.0,1706.91,3181.8,226.0,544.0
262,DOM-CIP,Caribbean Industrial Park ,19.410116,-70.661171,1997.0,0.0,private,2007,156.0,87.0,9876949.39,106637497.1,7510872.95,43130318.51,14166523.46,106653235.4,985000.0,931445.37,16.0,2024.0,2313.0,1411.92,2753.53,558.0,1372.0
263,DOM-CIP,Caribbean Industrial Park ,19.410116,-70.661171,1997.0,0.0,private,2008,122.0,89.0,11571109.6,90381177.52,5487855.36,191251263.2,15574103.65,94008689.99,1006908.0,789600.0,14.0,1604.0,2168.0,1827.57,3723.66,471.0,1095.0
264,DOM-CIP,Caribbean Industrial Park ,19.410116,-70.661171,1997.0,0.0,private,2009,86.0,65.0,11946023.29,80355505.87,3987825.93,54453450.85,14522582.9,97436928.19,1006908.0,707867.0,15.0,884.0,1614.0,1854.56,3911.5,345.0,598.0
265,DOM-CIP,Caribbean Industrial Park ,19.410116,-70.661171,1997.0,0.0,private,2010,91.0,82.0,5640274.43,45913185.07,48703113.25,73652784.85,7501807.64,98848558.18,1006908.0,602787.0,18.0,810.0,1213.0,2030.66,4211.68,331.0,565.0
266,DOM-CIP,Caribbean Industrial Park ,19.410116,-70.661171,1997.0,0.0,private,2011,113.0,85.0,13561726.1,86861655.83,4350456.33,121479731.0,8915092.61,74088828.3,1006908.0,764694.0,20.0,962.0,1155.0,2466.59,4413.26,286.0,542.0
267,DOM-CIP,Caribbean Industrial Park ,19.410116,-70.661171,1997.0,0.0,private,2012,116.0,91.0,13780807.91,180360924.8,5342132.32,85154028.71,16689509.16,90022192.1,1006908.0,970485.3,20.0,1245.0,1472.0,2230.27,3895.07,441.0,803.0
268,DOM-CIP,Caribbean Industrial Park ,19.410116,-70.661171,1997.0,0.0,private,2013,,,18248566.19,112918397.2,6398596.44,59421102.41,6310606.25,92176467.35,1006908.0,1002276.96,23.0,,,2268.3,3696.46,,
269,DOM-CIP,Caribbean Industrial Park ,19.410116,-70.661171,1997.0,0.0,private,2014,181.0,149.0,25030231.76,128755649.2,7146610.52,181936505.1,10001543.65,81632133.9,1225518.94,1225518.94,27.0,1422.0,1798.0,2298.04,3988.64,443.0,1061.0
270,DOM-CIP,Caribbean Industrial Park ,19.410116,-70.661171,1997.0,0.0,private,2015,377.0,393.0,22133148.27,146043047.4,8480759.54,161131111.9,9700286.51,86613144.4,1225518.94,1225518.94,29.0,1715.0,1660.0,2547.89,3927.18,381.0,937.0
271,DOM-CIP,Caribbean Industrial Park ,19.410116,-70.661171,1997.0,0.0,private,2016,305.0,203.0,21575.69,127272.03,9289.85,170362.39,10326.43,75017908.83,1225518.94,1225518.94,30.0,1629.0,1871.0,2639.78,4950.82,451.0,898.0
272,DOM-CON,Conacado Industrial Park ,19.32373849,-70.27604128,2013.0,0.0,private,2000,0.0,0.0,0.0,0.0,0.0,0.0,0.0,0.0,0.0,0.0,0.0,0.0,0.0,0.0,0.0,0.0,0.0
273,DOM-CON,Conacado Industrial Park ,19.32373849,-70.27604128,2013.0,0.0,private,2001,0.0,0.0,0.0,0.0,0.0,0.0,0.0,0.0,0.0,0.0,0.0,0.0,0.0,0.0,0.0,0.0,0.0
274,DOM-CON,Conacado Industrial Park ,19.32373849,-70.27604128,2013.0,0.0,private,2002,0.0,0.0,0.0,0.0,0.0,0.0,0.0,0.0,0.0,0.0,0.0,0.0,0.0,0.0,0.0,0.0,0.0
275,DOM-CON,Conacado Industrial Park ,19.32373849,-70.27604128,2013.0,0.0,private,2003,0.0,0.0,0.0,0.0,0.0,0.0,0.0,0.0,0.0,0.0,0.0,0.0,0.0,0.0,0.0,0.0,0.0
276,DOM-CON,Conacado Industrial Park ,19.32373849,-70.27604128,2013.0,0.0,private,2004,0.0,0.0,0.0,0.0,0.0,0.0,0.0,0.0,0.0,0.0,0.0,0.0,0.0,0.0,0.0,0.0,0.0
277,DOM-CON,Conacado Industrial Park ,19.32373849,-70.27604128,2013.0,0.0,private,2005,0.0,0.0,0.0,0.0,0.0,0.0,0.0,0.0,0.0,0.0,0.0,0.0,0.0,0.0,0.0,0.0,0.0
278,DOM-CON,Conacado Industrial Park ,19.32373849,-70.27604128,2013.0,0.0,private,2006,0.0,0.0,0.0,0.0,0.0,0.0,0.0,0.0,0.0,0.0,0.0,0.0,0.0,0.0,0.0,0.0,0.0
279,DOM-CON,Conacado Industrial Park ,19.32373849,-70.27604128,2013.0,0.0,private,2007,0.0,0.0,0.0,0.0,0.0,0.0,0.0,0.0,0.0,0.0,0.0,0.0,0.0,0.0,0.0,0.0,0.0
280,DOM-CON,Conacado Industrial Park ,19.32373849,-70.27604128,2013.0,0.0,private,2008,0.0,0.0,0.0,0.0,0.0,0.0,0.0,0.0,0.0,0.0,0.0,0.0,0.0,0.0,0.0,0.0,0.0
281,DOM-CON,Conacado Industrial Park ,19.32373849,-70.27604128,2013.0,0.0,private,2009,0.0,0.0,0.0,0.0,0.0,0.0,0.0,0.0,0.0,0.0,0.0,0.0,0.0,0.0,0.0,0.0,0.0
282,DOM-CON,Conacado Industrial Park ,19.32373849,-70.27604128,2013.0,0.0,private,2010,0.0,0.0,0.0,0.0,0.0,0.0,0.0,0.0,0.0,0.0,0.0,0.0,0.0,0.0,0.0,0.0,0.0
283,DOM-CON,Conacado Industrial Park ,19.32373849,-70.27604128,2013.0,0.0,private,2011,0.0,0.0,0.0,0.0,0.0,0.0,0.0,0.0,0.0,0.0,0.0,0.0,0.0,0.0,0.0,0.0,0.0
284,DOM-CON,Conacado Industrial Park ,19.32373849,-70.27604128,2013.0,0.0,private,2012,0.0,0.0,0.0,0.0,0.0,0.0,0.0,0.0,0.0,0.0,0.0,0.0,0.0,0.0,0.0,0.0,0.0
285,DOM-CON,Conacado Industrial Park ,19.32373849,-70.27604128,2013.0,0.0,private,2013,,,0.0,6321459.58,416580.0,9351421.58,2773958.28,17850000.0,38736.0,38736.0,1.0,,,2937.47,5875.0,,
286,DOM-CON,Conacado Industrial Park ,19.32373849,-70.27604128,2013.0,0.0,private,2014,5.0,8.0,0.0,4556012.57,502808.0,10325863.9,1309617.26,18200000.0,38736.0,38736.0,1.0,4.0,126.0,2909.56,5874.94,4.0,25.0
287,DOM-CON,Conacado Industrial Park ,19.32373849,-70.27604128,2013.0,0.0,private,2015,50.0,67.0,338277.16,7560914.81,550347.87,33159271.05,2115564.1,17036793.9,38736.0,38736.0,1.0,3.0,61.0,2909.56,5874.94,8.0,22.0
288,DOM-CON,Conacado Industrial Park ,19.32373849,-70.27604128,2013.0,0.0,private,2016,79.0,55.0,343.04,7425.37,411.16,9261.6,2420.58,14670572.54,38736.0,38736.0,1.0,12.0,134.0,2909.56,5874.94,18.0,43.0
289,DOM-COT,Cotui,19.03592402,-70.15049018,1990.0,2009.0,public,2000,8.0,8.0,5800.0,129982.91,15626.01,393397.8,0.0,848212.12,65142.0,65142.0,3.0,167.0,173.0,512.33,1141.33,7.0,15.0
290,DOM-COT,Cotui,19.03592402,-70.15049018,1990.0,2009.0,public,2001,6.0,5.0,14353.0,251000.0,25668.49,561580.54,0.0,647057.0,56564.14,43940.0,3.0,176.0,154.0,601.33,1565.33,6.0,22.0
291,DOM-COT,Cotui,19.03592402,-70.15049018,1990.0,2009.0,public,2002,6.0,10.0,34844.0,347500.0,102016.41,709817.98,0.0,707666.0,56564.0,43941.0,3.0,171.0,184.0,625.0,1200.0,16.0,26.0
292,DOM-COT,Cotui,19.03592402,-70.15049018,1990.0,2009.0,public,2003,4.0,4.0,52604.0,566000.0,19675.96,385548.0,118884.87,674500.0,56564.0,43941.0,2.0,175.0,188.0,875.0,1600.0,17.0,27.0
293,DOM-COT,Cotui,19.03592402,-70.15049018,1990.0,2009.0,public,2004,4.0,5.0,36132.0,1468666.0,23802.0,1235538.0,375912.0,991500.0,56608.0,56608.0,3.0,203.0,204.0,949.0,3233.33,13.0,32.0
294,DOM-COT,Cotui,19.03592402,-70.15049018,1990.0,2009.0,public,2005,5.0,5.0,35859.0,739950.0,42693.36,636303.0,175973.0,1270000.0,82965.0,33186.0,3.0,166.0,191.0,1324.66,2328.33,12.0,25.0
295,DOM-COT,Cotui,19.03592402,-70.15049018,1990.0,2009.0,public,2006,2.0,2.0,43800.0,934400.0,55857.0,568595.95,203065.0,350200.0,82965.0,60430.0,1.0,164.0,155.0,1027.0,2500.0,8.0,16.0
296,DOM-COT,Cotui,19.03592402,-70.15049018,1990.0,2009.0,public,2007,2.0,2.0,55920.0,1344448.8,59092.16,1858074.08,203065.0,332690.0,82965.0,49779.0,1.0,144.0,134.0,1100.0,3000.0,8.0,16.0
297,DOM-COT,Cotui,19.03592402,-70.15049018,1990.0,2009.0,public,2008,3.0,2.0,0.0,1048400.0,91114.84,2618099.29,187501.0,350200.0,82965.0,49779.0,1.0,130.0,91.0,1130.0,2500.0,6.0,14.0
298,DOM-COT,Cotui,19.03592402,-70.15049018,1990.0,2009.0,public,2009,3.0,2.0,0.0,872600.0,95049.0,1585289.23,143447.0,350200.0,82965.0,71272.0,1.0,116.0,85.0,0.0,0.0,8.0,18.0
299,DOM-COT,Cotui,19.03592402,-70.15049018,1990.0,2009.0,public,2010,0.0,0.0,0.0,0.0,0.0,809798.75,0.0,0.0,0.0,0.0,0.0,0.0,0.0,0.0,0.0,0.0,0.0
300,DOM-COT,Cotui,19.03592402,-70.15049018,1990.0,2009.0,public,2011,0.0,0.0,0.0,0.0,0.0,0.0,0.0,0.0,0.0,0.0,0.0,0.0,0.0,0.0,0.0,0.0,0.0
301,DOM-COT,Cotui,19.03592402,-70.15049018,1990.0,2009.0,public,2012,0.0,0.0,0.0,0.0,0.0,0.0,0.0,0.0,0.0,0.0,0.0,0.0,0.0,0.0,0.0,0.0,0.0
302,DOM-COT,Cotui,19.03592402,-70.15049018,1990.0,2009.0,public,2013,,,0.0,0.0,0.0,0.0,0.0,0.0,0.0,0.0,0.0,,,0.0,0.0,,
303,DOM-COT,Cotui,19.03592402,-70.15049018,1990.0,2009.0,public,2014,0.0,0.0,0.0,0.0,0.0,0.0,0.0,0.0,0.0,0.0,0.0,0.0,0.0,0.0,0.0,0.0,0.0
304,DOM-COT,Cotui,19.03592402,-70.15049018,1990.0,2009.0,public,2015,0.0,0.0,0.0,0.0,0.0,0.0,0.0,0.0,0.0,0.0,0.0,0.0,0.0,0.0,0.0,0.0,0.0
305,DOM-COT,Cotui,19.03592402,-70.15049018,1990.0,2009.0,public,2016,0.0,0.0,0.0,0.0,0.0,0.0,0.0,0.0,0.0,0.0,0.0,0.0,0.0,0.0,0.0,0.0,0.0
306,DOM-CRI,San Cristobal (Itabo) ,18.38627302,-70.04084591,1986.0,0.0,private,2000,297.0,336.0,2697286.0,68236074.0,5098848.0,24682875.0,0.0,128412185.6,1200000.0,1159418.0,19.0,5575.0,2975.0,821.19,2123.65,376.0,486.0
307,DOM-CRI,San Cristobal (Itabo) ,18.38627302,-70.04084591,1986.0,0.0,private,2001,313.0,430.0,3032356.37,73122148.68,4739782.21,20020772.09,0.0,173673194.0,1394570.0,1333853.0,23.0,5745.0,3194.0,711.75,1874.84,228.0,481.0
308,DOM-CRI,San Cristobal (Itabo) ,18.38627302,-70.04084591,1986.0,0.0,private,2002,310.0,402.0,3489666.31,97960798.42,6135712.96,32466281.31,0.0,167406327.0,1460091.0,1374165.0,24.0,5472.0,3402.0,751.4,1523.07,305.0,506.0
309,DOM-CRI,San Cristobal (Itabo) ,18.38627302,-70.04084591,1986.0,0.0,private,2003,430.0,539.0,3566382.49,191366523.7,7654849.11,25616961.28,25779624.82,54751310.0,1472545.0,1441239.0,25.0,5363.0,3388.0,890.92,1894.4,373.0,658.0
310,DOM-CRI,San Cristobal (Itabo) ,18.38627302,-70.04084591,1986.0,0.0,private,2004,438.0,630.0,4237565.02,276169513.3,10553964.55,19644115.67,40445759.79,160500579.5,1472546.0,1460239.0,32.0,6166.0,3552.0,1160.99,2863.27,241.0,569.0
311,DOM-CRI,San Cristobal (Itabo) ,18.38627302,-70.04084591,1986.0,0.0,private,2005,430.0,577.0,5527065.05,325668370.3,12106799.7,24913736.7,52509586.56,227382639.8,1660774.0,1660774.0,34.0,6201.0,3909.0,1940.7,3654.42,435.0,676.0
312,DOM-CRI,San Cristobal (Itabo) ,18.38627302,-70.04084591,1986.0,0.0,private,2006,449.0,580.0,5755459.54,302698151.6,13300294.87,24977990.92,51836050.67,255296543.6,1739105.0,1682262.0,35.0,7005.0,4118.0,1583.07,3233.77,297.0,515.0
313,DOM-CRI,San Cristobal (Itabo) ,18.38627302,-70.04084591,1986.0,0.0,private,2007,615.0,767.0,6883000.37,348712686.5,64069530.79,125415337.4,51177281.17,192590839.4,1713262.0,1682262.0,35.0,5882.0,3330.0,1385.23,3443.1,314.0,1025.0
314,DOM-CRI,San Cristobal (Itabo) ,18.38627302,-70.04084591,1986.0,0.0,private,2008,552.0,821.0,3792657.25,287747989.2,14403102.46,311271274.8,42540010.22,176024106.6,1713262.0,1682262.0,31.0,6545.0,3585.0,1568.24,3824.82,298.0,968.0
315,DOM-CRI,San Cristobal (Itabo) ,18.38627302,-70.04084591,1986.0,0.0,private,2009,453.0,565.0,4828679.5,232284174.5,14048012.02,283308121.9,36200210.67,170061663.1,1764664.38,1732420.91,37.0,5147.0,2778.0,1722.94,3984.55,184.0,691.0
316,DOM-CRI,San Cristobal (Itabo) ,18.38627302,-70.04084591,1986.0,0.0,private,2010,485.0,508.0,8116708.35,244652532.6,14886567.91,328690788.2,77546134.08,223399295.8,1834324.09,1768518.28,36.0,5857.0,3410.0,1796.64,3837.91,285.0,680.0
317,DOM-CRI,San Cristobal (Itabo) ,18.38627302,-70.04084591,1986.0,0.0,private,2011,506.0,551.0,11165165.4,276332873.9,16396187.01,384701922.1,45403493.51,303716964.3,1834324.09,1834324.09,39.0,6309.0,3433.0,2073.63,4291.88,277.0,754.0
318,DOM-CRI,San Cristobal (Itabo) ,18.38627302,-70.04084591,1986.0,0.0,private,2012,529.0,632.0,11169012.73,365093433.6,25535904.0,456084144.1,66791361.28,353293339.5,2117075.95,2117075.95,38.0,6229.0,3674.0,2156.56,4592.08,312.0,886.0
319,DOM-CRI,San Cristobal (Itabo) ,18.38627302,-70.04084591,1986.0,0.0,private,2013,,,5777537.31,492748791.1,24263505.8,478051549.7,89778610.56,393731783.8,2117075.95,2117075.95,39.0,,,2447.23,4518.31,,
320,DOM-CRI,San Cristobal (Itabo) ,18.38627302,-70.04084591,1986.0,0.0,private,2014,628.0,738.0,6099045.76,584125924.9,26197638.97,539729090.9,95277131.05,457875277.8,2117075.95,2117075.95,43.0,6102.0,4066.0,2433.25,4733.8,561.0,1228.0
321,DOM-CRI,San Cristobal (Itabo) ,18.38627302,-70.04084591,1986.0,0.0,private,2015,736.0,838.0,8981283.89,625331734.0,27439624.32,580494898.8,125589817.5,327128636.3,1927487.0,1927487.0,42.0,6248.0,4179.0,2554.39,5270.49,584.0,1135.0
322,DOM-CRI,San Cristobal (Itabo) ,18.38627302,-70.04084591,1986.0,0.0,private,2016,595.0,722.0,9791.8,651718.62,33549.17,651908.11,118943.46,400875948.6,2112661.37,1948601.37,39.0,6474.0,4327.0,2809.06,5536.06,594.0,1234.0
323,DOM-CTQ,Parque Industrial CTQ ,19.42740185,-70.5940585,2015.0,0.0,private,2000,0.0,0.0,0.0,0.0,0.0,0.0,0.0,0.0,0.0,0.0,0.0,0.0,0.0,0.0,0.0,0.0,0.0
324,DOM-CTQ,Parque Industrial CTQ ,19.42740185,-70.5940585,2015.0,0.0,private,2001,0.0,0.0,0.0,0.0,0.0,0.0,0.0,0.0,0.0,0.0,0.0,0.0,0.0,0.0,0.0,0.0,0.0
325,DOM-CTQ,Parque Industrial CTQ ,19.42740185,-70.5940585,2015.0,0.0,private,2002,0.0,0.0,0.0,0.0,0.0,0.0,0.0,0.0,0.0,0.0,0.0,0.0,0.0,0.0,0.0,0.0,0.0
326,DOM-CTQ,Parque Industrial CTQ ,19.42740185,-70.5940585,2015.0,0.0,private,2003,0.0,0.0,0.0,0.0,0.0,0.0,0.0,0.0,0.0,0.0,0.0,0.0,0.0,0.0,0.0,0.0,0.0
327,DOM-CTQ,Parque Industrial CTQ ,19.42740185,-70.5940585,2015.0,0.0,private,2004,0.0,0.0,0.0,0.0,0.0,0.0,0.0,0.0,0.0,0.0,0.0,0.0,0.0,0.0,0.0,0.0,0.0
328,DOM-CTQ,Parque Industrial CTQ ,19.42740185,-70.5940585,2015.0,0.0,private,2005,0.0,0.0,0.0,0.0,0.0,0.0,0.0,0.0,0.0,0.0,0.0,0.0,0.0,0.0,0.0,0.0,0.0
329,DOM-CTQ,Parque Industrial CTQ ,19.42740185,-70.5940585,2015.0,0.0,private,2006,0.0,0.0,0.0,0.0,0.0,0.0,0.0,0.0,0.0,0.0,0.0,0.0,0.0,0.0,0.0,0.0,0.0
330,DOM-CTQ,Parque Industrial CTQ ,19.42740185,-70.5940585,2015.0,0.0,private,2007,0.0,0.0,0.0,0.0,0.0,0.0,0.0,0.0,0.0,0.0,0.0,0.0,0.0,0.0,0.0,0.0,0.0
331,DOM-CTQ,Parque Industrial CTQ ,19.42740185,-70.5940585,2015.0,0.0,private,2008,0.0,0.0,0.0,0.0,0.0,0.0,0.0,0.0,0.0,0.0,0.0,0.0,0.0,0.0,0.0,0.0,0.0
332,DOM-CTQ,Parque Industrial CTQ ,19.42740185,-70.5940585,2015.0,0.0,private,2009,0.0,0.0,0.0,0.0,0.0,0.0,0.0,0.0,0.0,0.0,0.0,0.0,0.0,0.0,0.0,0.0,0.0
333,DOM-CTQ,Parque Industrial CTQ ,19.42740185,-70.5940585,2015.0,0.0,private,2010,0.0,0.0,0.0,0.0,0.0,0.0,0.0,0.0,0.0,0.0,0.0,0.0,0.0,0.0,0.0,0.0,0.0
334,DOM-CTQ,Parque Industrial CTQ ,19.42740185,-70.5940585,2015.0,0.0,private,2011,0.0,0.0,0.0,0.0,0.0,0.0,0.0,0.0,0.0,0.0,0.0,0.0,0.0,0.0,0.0,0.0,0.0
335,DOM-CTQ,Parque Industrial CTQ ,19.42740185,-70.5940585,2015.0,0.0,private,2012,0.0,0.0,0.0,0.0,0.0,0.0,0.0,0.0,0.0,0.0,0.0,0.0,0.0,0.0,0.0,0.0,0.0
336,DOM-CTQ,Parque Industrial CTQ ,19.42740185,-70.5940585,2015.0,0.0,private,2013,,,0.0,0.0,0.0,0.0,0.0,0.0,0.0,0.0,0.0,,,0.0,0.0,,
337,DOM-CTQ,Parque Industrial CTQ ,19.42740185,-70.5940585,2015.0,0.0,private,2014,0.0,0.0,0.0,0.0,0.0,0.0,0.0,0.0,0.0,0.0,0.0,0.0,0.0,0.0,0.0,0.0,0.0
338,DOM-CTQ,Parque Industrial CTQ ,19.42740185,-70.5940585,2015.0,0.0,private,2015,6.0,7.0,210924.0,1175619.75,408855.6,17210207.04,388228.23,7972912.2,229241.8,229241.8,2.0,295.0,241.0,1850.0,6193.18,0.0,14.0
339,DOM-CTQ,Parque Industrial CTQ ,19.42740185,-70.5940585,2015.0,0.0,private,2016,5.0,6.0,156.82,1388.02,337.61,6913.24,681.41,4417394.92,229241.8,229241.8,2.0,227.0,45.0,1875.0,6340.0,0.0,4.0
340,DOM-DOS,Dos Rios  ,18.91241012,-70.37486281,2006.0,0.0,private,2000,0.0,0.0,0.0,0.0,0.0,0.0,0.0,0.0,0.0,0.0,0.0,0.0,0.0,0.0,0.0,0.0,0.0
341,DOM-DOS,Dos Rios  ,18.91241012,-70.37486281,2006.0,0.0,private,2001,0.0,0.0,0.0,0.0,0.0,0.0,0.0,0.0,0.0,0.0,0.0,0.0,0.0,0.0,0.0,0.0,0.0
342,DOM-DOS,Dos Rios  ,18.91241012,-70.37486281,2006.0,0.0,private,2002,0.0,0.0,0.0,0.0,0.0,0.0,0.0,0.0,0.0,0.0,0.0,0.0,0.0,0.0,0.0,0.0,0.0
343,DOM-DOS,Dos Rios  ,18.91241012,-70.37486281,2006.0,0.0,private,2003,0.0,0.0,0.0,0.0,0.0,0.0,0.0,0.0,0.0,0.0,0.0,0.0,0.0,0.0,0.0,0.0,0.0
344,DOM-DOS,Dos Rios  ,18.91241012,-70.37486281,2006.0,0.0,private,2004,0.0,0.0,0.0,0.0,0.0,0.0,0.0,0.0,0.0,0.0,0.0,0.0,0.0,0.0,0.0,0.0,0.0
345,DOM-DOS,Dos Rios  ,18.91241012,-70.37486281,2006.0,0.0,private,2005,0.0,0.0,0.0,0.0,0.0,0.0,0.0,0.0,0.0,0.0,0.0,0.0,0.0,0.0,0.0,0.0,0.0
346,DOM-DOS,Dos Rios  ,18.91241012,-70.37486281,2006.0,0.0,private,2006,12.0,51.0,0.0,0.0,0.0,0.0,0.0,70000000.0,624080.0,624080.0,1.0,131.0,670.0,2878.26,5551.75,18.0,27.0
347,DOM-DOS,Dos Rios  ,18.91241012,-70.37486281,2006.0,0.0,private,2007,36.0,81.0,944179.0,128144640.0,1148196.0,9285912.29,3151994.17,70000000.0,629460.0,629460.0,1.0,94.0,1158.0,3000.0,6301.75,3.0,31.0
348,DOM-DOS,Dos Rios  ,18.91241012,-70.37486281,2006.0,0.0,private,2008,44.0,89.0,600257.0,128144640.0,2158061.73,46075854.77,2656806.0,110000000.0,629460.0,629460.0,1.0,206.0,1154.0,3210.0,6743.0,11.0,240.0
349,DOM-DOS,Dos Rios  ,18.91241012,-70.37486281,2006.0,0.0,private,2009,24.0,43.0,673403.0,34057156.07,2730700.0,50358358.07,2664237.0,110000000.0,1716800.0,1716800.0,1.0,298.0,1397.0,3272.0,6742.75,25.0,56.0
350,DOM-DOS,Dos Rios  ,18.91241012,-70.37486281,2006.0,0.0,private,2010,1.0,16.0,487800.0,19095998.4,2474246.0,60523386.64,3787776.0,110000000.0,1716800.0,1716800.0,1.0,296.0,1342.0,3509.0,8074.0,42.0,63.0
351,DOM-DOS,Dos Rios  ,18.91241012,-70.37486281,2006.0,0.0,private,2011,29.0,16.0,505504.23,242431456.2,2954679.0,67755357.39,5023155.79,65161871.9,1716800.0,1716800.0,1.0,297.0,1320.0,2758.0,6627.0,45.0,63.0
352,DOM-DOS,Dos Rios  ,18.91241012,-70.37486281,2006.0,0.0,private,2012,50.0,61.0,810266.35,262569413.9,2931445.0,65687494.28,2989781.58,96729338.25,1716800.0,1716800.0,1.0,205.0,991.0,3203.64,7868.56,71.0,383.0
353,DOM-DOS,Dos Rios  ,18.91241012,-70.37486281,2006.0,0.0,private,2013,,,1648006.5,320066304.0,3870226.0,81418614.27,1901730.0,208986256.0,1716800.0,1716800.0,1.0,,,3100.0,5600.0,,
354,DOM-DOS,Dos Rios  ,18.91241012,-70.37486281,2006.0,0.0,private,2014,72.0,73.0,3098246.58,328948693.0,4591614.25,100373200.1,2312752.42,208986256.0,1716800.0,1716800.0,1.0,204.0,1446.0,5091.0,9300.0,40.0,445.0
355,DOM-DOS,Dos Rios  ,18.91241012,-70.37486281,2006.0,0.0,private,2015,60.0,74.0,2619207.74,327002713.0,5666808.0,120924376.8,3370867.01,208986256.0,1716800.0,1716800.0,1.0,248.0,1482.0,3820.0,9000.0,45.0,449.0
356,DOM-DOS,Dos Rios  ,18.91241012,-70.37486281,2006.0,0.0,private,2016,59.0,72.0,2335.96,202952.73,5076.13,124631.26,2818.88,211987405.0,1716800.0,1716800.0,1.0,243.0,1454.0,3252.51,8127.89,42.0,438.0
374,DOM-ELV,Parque Industrial Elva Maria,19.45844729,-70.63018049,2017.0,0.0,private,2000,0.0,0.0,0.0,0.0,0.0,0.0,0.0,0.0,0.0,0.0,0.0,0.0,0.0,0.0,0.0,0.0,0.0
375,DOM-ELV,Parque Industrial Elva Maria,19.45844729,-70.63018049,2017.0,0.0,private,2001,0.0,0.0,0.0,0.0,0.0,0.0,0.0,0.0,0.0,0.0,0.0,0.0,0.0,0.0,0.0,0.0,0.0
376,DOM-ELV,Parque Industrial Elva Maria,19.45844729,-70.63018049,2017.0,0.0,private,2002,0.0,0.0,0.0,0.0,0.0,0.0,0.0,0.0,0.0,0.0,0.0,0.0,0.0,0.0,0.0,0.0,0.0
377,DOM-ELV,Parque Industrial Elva Maria,19.45844729,-70.63018049,2017.0,0.0,private,2003,0.0,0.0,0.0,0.0,0.0,0.0,0.0,0.0,0.0,0.0,0.0,0.0,0.0,0.0,0.0,0.0,0.0
378,DOM-ELV,Parque Industrial Elva Maria,19.45844729,-70.63018049,2017.0,0.0,private,2004,0.0,0.0,0.0,0.0,0.0,0.0,0.0,0.0,0.0,0.0,0.0,0.0,0.0,0.0,0.0,0.0,0.0
379,DOM-ELV,Parque Industrial Elva Maria,19.45844729,-70.63018049,2017.0,0.0,private,2005,0.0,0.0,0.0,0.0,0.0,0.0,0.0,0.0,0.0,0.0,0.0,0.0,0.0,0.0,0.0,0.0,0.0
380,DOM-ELV,Parque Industrial Elva Maria,19.45844729,-70.63018049,2017.0,0.0,private,2006,0.0,0.0,0.0,0.0,0.0,0.0,0.0,0.0,0.0,0.0,0.0,0.0,0.0,0.0,0.0,0.0,0.0
381,DOM-ELV,Parque Industrial Elva Maria,19.45844729,-70.63018049,2017.0,0.0,private,2007,0.0,0.0,0.0,0.0,0.0,0.0,0.0,0.0,0.0,0.0,0.0,0.0,0.0,0.0,0.0,0.0,0.0
382,DOM-ELV,Parque Industrial Elva Maria,19.45844729,-70.63018049,2017.0,0.0,private,2008,0.0,0.0,0.0,0.0,0.0,0.0,0.0,0.0,0.0,0.0,0.0,0.0,0.0,0.0,0.0,0.0,0.0
383,DOM-ELV,Parque Industrial Elva Maria,19.45844729,-70.63018049,2017.0,0.0,private,2009,0.0,0.0,0.0,0.0,0.0,0.0,0.0,0.0,0.0,0.0,0.0,0.0,0.0,0.0,0.0,0.0,0.0
384,DOM-ELV,Parque Industrial Elva Maria,19.45844729,-70.63018049,2017.0,0.0,private,2010,0.0,0.0,0.0,0.0,0.0,0.0,0.0,0.0,0.0,0.0,0.0,0.0,0.0,0.0,0.0,0.0,0.0
385,DOM-ELV,Parque Industrial Elva Maria,19.45844729,-70.63018049,2017.0,0.0,private,2011,0.0,0.0,0.0,0.0,0.0,0.0,0.0,0.0,0.0,0.0,0.0,0.0,0.0,0.0,0.0,0.0,0.0
386,DOM-ELV,Parque Industrial Elva Maria,19.45844729,-70.63018049,2017.0,0.0,private,2012,0.0,0.0,0.0,0.0,0.0,0.0,0.0,0.0,0.0,0.0,0.0,0.0,0.0,0.0,0.0,0.0,0.0
387,DOM-ELV,Parque Industrial Elva Maria,19.45844729,-70.63018049,2017.0,0.0,private,2013,,,0.0,0.0,0.0,0.0,0.0,0.0,0.0,0.0,0.0,,,0.0,0.0,,
388,DOM-ELV,Parque Industrial Elva Maria,19.45844729,-70.63018049,2017.0,0.0,private,2014,0.0,0.0,0.0,0.0,0.0,0.0,0.0,0.0,0.0,0.0,0.0,0.0,0.0,0.0,0.0,0.0,0.0
389,DOM-ELV,Parque Industrial Elva Maria,19.45844729,-70.63018049,2017.0,0.0,private,2015,0.0,0.0,0.0,0.0,0.0,0.0,0.0,0.0,0.0,0.0,0.0,0.0,0.0,0.0,0.0,0.0,0.0
390,DOM-ELV,Parque Industrial Elva Maria,19.45844729,-70.63018049,2017.0,0.0,private,2016,0.0,0.0,0.0,0.0,0.0,0.0,0.0,0.0,0.0,0.0,0.0,0.0,0.0,0.0,0.0,0.0,0.0
391,DOM-EMI,Zona Franca Industrial Emimar ,19.42494677,-70.62298095,2014.0,0.0,private,2000,0.0,0.0,0.0,0.0,0.0,0.0,0.0,0.0,0.0,0.0,0.0,0.0,0.0,0.0,0.0,0.0,0.0
392,DOM-EMI,Zona Franca Industrial Emimar ,19.42494677,-70.62298095,2014.0,0.0,private,2001,0.0,0.0,0.0,0.0,0.0,0.0,0.0,0.0,0.0,0.0,0.0,0.0,0.0,0.0,0.0,0.0,0.0
393,DOM-EMI,Zona Franca Industrial Emimar ,19.42494677,-70.62298095,2014.0,0.0,private,2002,0.0,0.0,0.0,0.0,0.0,0.0,0.0,0.0,0.0,0.0,0.0,0.0,0.0,0.0,0.0,0.0,0.0
394,DOM-EMI,Zona Franca Industrial Emimar ,19.42494677,-70.62298095,2014.0,0.0,private,2003,0.0,0.0,0.0,0.0,0.0,0.0,0.0,0.0,0.0,0.0,0.0,0.0,0.0,0.0,0.0,0.0,0.0
395,DOM-EMI,Zona Franca Industrial Emimar ,19.42494677,-70.62298095,2014.0,0.0,private,2004,0.0,0.0,0.0,0.0,0.0,0.0,0.0,0.0,0.0,0.0,0.0,0.0,0.0,0.0,0.0,0.0,0.0
396,DOM-EMI,Zona Franca Industrial Emimar ,19.42494677,-70.62298095,2014.0,0.0,private,2005,0.0,0.0,0.0,0.0,0.0,0.0,0.0,0.0,0.0,0.0,0.0,0.0,0.0,0.0,0.0,0.0,0.0
397,DOM-EMI,Zona Franca Industrial Emimar ,19.42494677,-70.62298095,2014.0,0.0,private,2006,0.0,0.0,0.0,0.0,0.0,0.0,0.0,0.0,0.0,0.0,0.0,0.0,0.0,0.0,0.0,0.0,0.0
398,DOM-EMI,Zona Franca Industrial Emimar ,19.42494677,-70.62298095,2014.0,0.0,private,2007,0.0,0.0,0.0,0.0,0.0,0.0,0.0,0.0,0.0,0.0,0.0,0.0,0.0,0.0,0.0,0.0,0.0
399,DOM-EMI,Zona Franca Industrial Emimar ,19.42494677,-70.62298095,2014.0,0.0,private,2008,0.0,0.0,0.0,0.0,0.0,0.0,0.0,0.0,0.0,0.0,0.0,0.0,0.0,0.0,0.0,0.0,0.0
400,DOM-EMI,Zona Franca Industrial Emimar ,19.42494677,-70.62298095,2014.0,0.0,private,2009,0.0,0.0,0.0,0.0,0.0,0.0,0.0,0.0,0.0,0.0,0.0,0.0,0.0,0.0,0.0,0.0,0.0
401,DOM-EMI,Zona Franca Industrial Emimar ,19.42494677,-70.62298095,2014.0,0.0,private,2010,0.0,0.0,0.0,0.0,0.0,0.0,0.0,0.0,0.0,0.0,0.0,0.0,0.0,0.0,0.0,0.0,0.0
402,DOM-EMI,Zona Franca Industrial Emimar ,19.42494677,-70.62298095,2014.0,0.0,private,2011,0.0,0.0,0.0,0.0,0.0,0.0,0.0,0.0,0.0,0.0,0.0,0.0,0.0,0.0,0.0,0.0,0.0
403,DOM-EMI,Zona Franca Industrial Emimar ,19.42494677,-70.62298095,2014.0,0.0,private,2012,0.0,0.0,0.0,0.0,0.0,0.0,0.0,0.0,0.0,0.0,0.0,0.0,0.0,0.0,0.0,0.0,0.0
404,DOM-EMI,Zona Franca Industrial Emimar ,19.42494677,-70.62298095,2014.0,0.0,private,2013,,,0.0,0.0,0.0,0.0,0.0,0.0,0.0,0.0,0.0,,,0.0,0.0,,
405,DOM-EMI,Zona Franca Industrial Emimar ,19.42494677,-70.62298095,2014.0,0.0,private,2014,12.0,21.0,203568.0,11098754.41,1180647.0,27070578.81,621684.7,4030000.0,104018.0,104018.0,3.0,268.0,137.0,1810.77,4000.0,10.0,22.0
406,DOM-EMI,Zona Franca Industrial Emimar ,19.42494677,-70.62298095,2014.0,0.0,private,2015,36.0,24.0,297605.0,12249484.23,1444840.2,91818063.81,496408.48,4030000.0,153225.0,153225.0,5.0,908.0,413.0,2146.94,4875.0,19.0,54.0
407,DOM-EMI,Zona Franca Industrial Emimar ,19.42494677,-70.62298095,2014.0,0.0,private,2016,38.0,17.0,100.21,8744.58,566.01,40556.79,495.41,7121521.1,153225.0,153225.0,5.0,1149.0,532.0,2266.94,4875.0,38.0,82.0
408,DOM-ESP,Esperanza ,19.59381238,-70.97901224,1988.0,0.0,public,2000,169.0,328.0,235384.0,10290123.02,1403431.0,8541176.67,0.0,25175096.0,679713.0,679713.0,10.0,2277.0,4412.0,794.85,1830.0,103.0,173.0
409,DOM-ESP,Esperanza ,19.59381238,-70.97901224,1988.0,0.0,public,2001,171.0,309.0,259157.0,23236495.09,1751138.77,14099855.7,0.0,18349267.0,679713.0,679713.0,9.0,2357.0,3672.0,797.0,1593.0,67.0,121.0
410,DOM-ESP,Esperanza ,19.59381238,-70.97901224,1988.0,0.0,public,2002,136.0,274.0,600361.59,11383978.96,1818471.18,9721779.74,0.0,12978335.35,312487.0,312487.0,9.0,2299.0,3105.0,777.31,1612.8,96.0,266.0
411,DOM-ESP,Esperanza ,19.59381238,-70.97901224,1988.0,0.0,public,2003,176.0,357.0,1646453.79,21276192.5,2666631.66,15483501.07,2264735.88,12821702.37,313705.0,313705.0,10.0,2456.0,3775.0,843.71,2035.0,122.0,285.0
412,DOM-ESP,Esperanza ,19.59381238,-70.97901224,1988.0,0.0,public,2004,100.0,159.0,1502703.85,40428423.28,3719079.72,11827736.77,2235950.78,16494059.37,388483.88,388483.88,10.0,2483.0,3510.0,1082.56,2148.08,174.0,455.0
413,DOM-ESP,Esperanza ,19.59381238,-70.97901224,1988.0,0.0,public,2005,95.0,156.0,1204814.09,28562158.58,3998300.23,10306497.5,3163163.26,16458862.26,531487.34,446614.83,9.0,2081.0,2639.0,1376.5,3300.0,134.0,225.0
414,DOM-ESP,Esperanza ,19.59381238,-70.97901224,1988.0,0.0,public,2006,105.0,244.0,43152.0,905161.66,33096.0,259060.45,271998.48,15128216.15,486506.57,441821.91,6.0,1977.0,2673.0,1373.76,3470.25,91.0,175.0
415,DOM-ESP,Esperanza ,19.59381238,-70.97901224,1988.0,0.0,public,2007,47.0,68.0,1555832.35,32366169.94,3934617.92,47197889.84,2138450.21,26105748.75,528342.42,415988.28,6.0,1260.0,2398.0,1485.54,3300.0,194.0,296.0
416,DOM-ESP,Esperanza ,19.59381238,-70.97901224,1988.0,0.0,public,2008,52.0,63.0,1321031.1,27035862.11,2189339.07,55337825.15,2089375.6,28691078.0,545494.34,507133.0,6.0,1134.0,1561.0,1737.17,3550.0,78.0,226.0
417,DOM-ESP,Esperanza ,19.59381238,-70.97901224,1988.0,0.0,public,2009,83.0,118.0,1527619.28,24216673.43,2354881.0,56081496.45,1518836.68,25574506.0,545494.34,367372.34,8.0,1177.0,1780.0,1869.03,3853.29,66.0,217.0
418,DOM-ESP,Esperanza ,19.59381238,-70.97901224,1988.0,0.0,public,2010,87.0,109.0,1296558.94,29460537.51,3674774.0,78520783.23,1609078.23,28160673.0,545494.34,454746.12,8.0,1457.0,1766.0,1917.25,3441.63,102.0,140.0
419,DOM-ESP,Esperanza ,19.59381238,-70.97901224,1988.0,0.0,public,2011,46.0,83.0,1346949.2,22457580.01,2454459.5,54124216.8,2061739.49,22456491.7,545494.34,299993.51,6.0,824.0,1087.0,1616.67,3312.5,61.0,92.0
420,DOM-ESP,Esperanza ,19.59381238,-70.97901224,1988.0,0.0,public,2012,54.0,160.0,1070635.68,14917069.85,2067027.0,44572745.02,2096991.52,21562882.0,545494.34,373076.21,4.0,579.0,1008.0,1900.0,3700.0,64.0,125.0
421,DOM-ESP,Esperanza ,19.59381238,-70.97901224,1988.0,0.0,public,2013,,,259071.2,7783729.34,829491.3,36741950.52,597288.45,13765140.0,545494.34,466714.26,5.0,,,2125.48,4437.5,,
422,DOM-ESP,Esperanza ,19.59381238,-70.97901224,1988.0,0.0,public,2014,49.0,138.0,316144.6,12163312.0,1421702.34,53087174.97,1150624.84,22563480.0,545494.34,545494.34,6.0,727.0,1662.0,2251.63,4885.71,90.0,188.0
423,DOM-ESP,Esperanza ,19.59381238,-70.97901224,1988.0,0.0,public,2015,54.0,140.0,1690076.12,28329627.02,2938003.2,68525580.21,4242648.8,21882449.0,548530.94,548530.94,6.0,993.0,1770.0,2351.49,5225.38,88.0,192.0
424,DOM-ESP,Esperanza ,19.59381238,-70.97901224,1988.0,0.0,public,2016,52.0,112.0,2006.3,28788.4,4187.29,91748.26,5126.37,19795843.72,548530.94,548530.94,6.0,1055.0,1757.0,2302.99,5021.32,92.0,222.0
425,DOM-EXC,Excel Boca Chica ,18.45806505,-69.63004786,1995.0,0.0,private,2000,4.0,5.0,4680.0,294179.0,58337.55,466635.0,0.0,1505224.0,35000.0,24760.0,2.0,176.0,10.0,656.0,1269.0,15.0,10.0
426,DOM-EXC,Excel Boca Chica ,18.45806505,-69.63004786,1995.0,0.0,private,2001,6.0,6.0,19925.0,362000.0,61500.0,513000.0,0.0,1850848.0,35000.0,24760.0,2.0,140.0,33.0,1159.5,3027.0,16.0,12.0
427,DOM-EXC,Excel Boca Chica ,18.45806505,-69.63004786,1995.0,0.0,private,2002,7.0,10.0,10800.0,386200.0,70891.0,462894.0,0.0,2366666.0,36000.0,24760.0,2.0,78.0,16.0,1145.5,1769.5,12.0,5.0
428,DOM-EXC,Excel Boca Chica ,18.45806505,-69.63004786,1995.0,0.0,private,2003,10.0,12.0,11183.0,879912.0,100825.88,527425.0,708896.0,2429044.0,39000.0,39000.0,2.0,75.0,17.0,1557.0,2134.69,12.0,6.0
429,DOM-EXC,Excel Boca Chica ,18.45806505,-69.63004786,1995.0,0.0,private,2004,12.0,12.0,9504.0,1159680.0,160057.47,527458.0,1205420.0,3270065.43,39000.0,39000.0,4.0,78.0,19.0,1716.67,2187.0,10.0,8.0
430,DOM-EXC,Excel Boca Chica ,18.45806505,-69.63004786,1995.0,0.0,private,2005,13.0,13.0,22500.0,1503711.65,120907.0,545832.63,1626148.0,2866943.55,39000.0,39000.0,4.0,57.0,27.0,1783.33,2766.67,8.0,8.0
431,DOM-EXC,Excel Boca Chica ,18.45806505,-69.63004786,1995.0,0.0,private,2006,18.0,18.0,1473944.15,38360768.55,3778927.69,15180225.04,1681533.46,1955626.55,35000.0,35000.0,4.0,58.0,29.0,2250.0,3958.33,0.0,7.0
432,DOM-EXC,Excel Boca Chica ,18.45806505,-69.63004786,1995.0,0.0,private,2007,23.0,13.0,68000.0,2048091.0,241752.0,1186469.88,3239228.8,2329221.93,35000.0,35000.0,3.0,58.0,33.0,2172.5,5868.33,0.0,7.0
433,DOM-EXC,Excel Boca Chica ,18.45806505,-69.63004786,1995.0,0.0,private,2008,3.0,6.0,48260.0,1375450.0,349547.42,297987.59,2388511.0,3069408.0,35000.0,35000.0,2.0,13.0,30.0,2672.0,8781.7,5.0,5.0
434,DOM-EXC,Excel Boca Chica ,18.45806505,-69.63004786,1995.0,0.0,private,2009,16.0,4.0,51749.0,47790.34,224040.0,3606656.63,1804556.55,3108964.0,39000.0,39000.0,2.0,2.0,39.0,2671.81,8998.95,2.0,7.0
435,DOM-EXC,Excel Boca Chica ,18.45806505,-69.63004786,1995.0,0.0,private,2010,15.0,6.0,86549.83,1584746.77,407875.48,4189065.88,1903336.36,3323751.86,39000.0,39000.0,2.0,1.0,44.0,2700.0,3471.13,2.0,7.0
436,DOM-EXC,Excel Boca Chica ,18.45806505,-69.63004786,1995.0,0.0,private,2011,10.0,6.0,14000.0,3222000.0,253000.0,418612.08,900000.0,5980000.0,39000.0,39000.0,2.0,2.0,45.0,2800.0,4450.0,2.0,8.0
437,DOM-EXC,Excel Boca Chica ,18.45806505,-69.63004786,1995.0,0.0,private,2012,7.0,6.0,9000.0,4000000.0,200357.0,3583783.68,750000.0,8000000.0,39000.0,39000.0,1.0,2.0,40.0,3000.0,6500.0,2.0,8.0
438,DOM-EXC,Excel Boca Chica ,18.45806505,-69.63004786,1995.0,0.0,private,2013,,,23000.0,4250000.0,258873.0,4260678.89,960000.0,6732500.0,390000.0,390000.0,1.0,,,2666.6,4800.0,,
439,DOM-EXC,Excel Boca Chica ,18.45806505,-69.63004786,1995.0,0.0,private,2014,16.0,9.0,39600.0,6063319.36,345740.4,5231061.87,1864173.34,7930600.0,39000.0,39000.0,1.0,2.0,33.0,3333.24,4807.94,0.0,35.0
440,DOM-EXC,Excel Boca Chica ,18.45806505,-69.63004786,1995.0,0.0,private,2015,17.0,9.0,96000.0,7929219.5,490280.0,6001314.2,3179094.72,8330000.0,39000.0,39000.0,1.0,2.0,53.0,3450.0,5100.0,0.0,15.0
441,DOM-EXC,Excel Boca Chica ,18.45806505,-69.63004786,1995.0,0.0,private,2016,17.0,11.0,432.6,7751.0,662.0,6992.72,2650.0,8330000.0,87800.0,87800.0,1.0,2.0,61.0,2593.05,5800.0,3.0,14.0
442,DOM-FLO,La Flor Dominicana ,19.48619912,-70.62006966,2019.0,0.0,private,2000,0.0,0.0,0.0,0.0,0.0,0.0,0.0,0.0,0.0,0.0,0.0,0.0,0.0,0.0,0.0,0.0,0.0
443,DOM-FLO,La Flor Dominicana ,19.48619912,-70.62006966,2019.0,0.0,private,2001,0.0,0.0,0.0,0.0,0.0,0.0,0.0,0.0,0.0,0.0,0.0,0.0,0.0,0.0,0.0,0.0,0.0
444,DOM-FLO,La Flor Dominicana ,19.48619912,-70.62006966,2019.0,0.0,private,2002,0.0,0.0,0.0,0.0,0.0,0.0,0.0,0.0,0.0,0.0,0.0,0.0,0.0,0.0,0.0,0.0,0.0
445,DOM-FLO,La Flor Dominicana ,19.48619912,-70.62006966,2019.0,0.0,private,2003,0.0,0.0,0.0,0.0,0.0,0.0,0.0,0.0,0.0,0.0,0.0,0.0,0.0,0.0,0.0,0.0,0.0
446,DOM-FLO,La Flor Dominicana ,19.48619912,-70.62006966,2019.0,0.0,private,2004,0.0,0.0,0.0,0.0,0.0,0.0,0.0,0.0,0.0,0.0,0.0,0.0,0.0,0.0,0.0,0.0,0.0
447,DOM-FLO,La Flor Dominicana ,19.48619912,-70.62006966,2019.0,0.0,private,2005,0.0,0.0,0.0,0.0,0.0,0.0,0.0,0.0,0.0,0.0,0.0,0.0,0.0,0.0,0.0,0.0,0.0
448,DOM-FLO,La Flor Dominicana ,19.48619912,-70.62006966,2019.0,0.0,private,2006,0.0,0.0,0.0,0.0,0.0,0.0,0.0,0.0,0.0,0.0,0.0,0.0,0.0,0.0,0.0,0.0,0.0
449,DOM-FLO,La Flor Dominicana ,19.48619912,-70.62006966,2019.0,0.0,private,2007,0.0,0.0,0.0,0.0,0.0,0.0,0.0,0.0,0.0,0.0,0.0,0.0,0.0,0.0,0.0,0.0,0.0
450,DOM-FLO,La Flor Dominicana ,19.48619912,-70.62006966,2019.0,0.0,private,2008,0.0,0.0,0.0,0.0,0.0,0.0,0.0,0.0,0.0,0.0,0.0,0.0,0.0,0.0,0.0,0.0,0.0
451,DOM-FLO,La Flor Dominicana ,19.48619912,-70.62006966,2019.0,0.0,private,2009,0.0,0.0,0.0,0.0,0.0,0.0,0.0,0.0,0.0,0.0,0.0,0.0,0.0,0.0,0.0,0.0,0.0
452,DOM-FLO,La Flor Dominicana ,19.48619912,-70.62006966,2019.0,0.0,private,2010,0.0,0.0,0.0,0.0,0.0,0.0,0.0,0.0,0.0,0.0,0.0,0.0,0.0,0.0,0.0,0.0,0.0
453,DOM-FLO,La Flor Dominicana ,19.48619912,-70.62006966,2019.0,0.0,private,2011,0.0,0.0,0.0,0.0,0.0,0.0,0.0,0.0,0.0,0.0,0.0,0.0,0.0,0.0,0.0,0.0,0.0
454,DOM-FLO,La Flor Dominicana ,19.48619912,-70.62006966,2019.0,0.0,private,2012,0.0,0.0,0.0,0.0,0.0,0.0,0.0,0.0,0.0,0.0,0.0,0.0,0.0,0.0,0.0,0.0,0.0
455,DOM-FLO,La Flor Dominicana ,19.48619912,-70.62006966,2019.0,0.0,private,2013,,,0.0,0.0,0.0,0.0,0.0,0.0,0.0,0.0,0.0,,,0.0,0.0,,
456,DOM-FLO,La Flor Dominicana ,19.48619912,-70.62006966,2019.0,0.0,private,2014,0.0,0.0,0.0,0.0,0.0,0.0,0.0,0.0,0.0,0.0,0.0,0.0,0.0,0.0,0.0,0.0,0.0
457,DOM-FLO,La Flor Dominicana ,19.48619912,-70.62006966,2019.0,0.0,private,2015,0.0,0.0,0.0,0.0,0.0,0.0,0.0,0.0,0.0,0.0,0.0,0.0,0.0,0.0,0.0,0.0,0.0
458,DOM-FLO,La Flor Dominicana ,19.48619912,-70.62006966,2019.0,0.0,private,2016,0.0,0.0,0.0,0.0,0.0,0.0,0.0,0.0,0.0,0.0,0.0,0.0,0.0,0.0,0.0,0.0,0.0
459,DOM-FRA,San Francisco de Macoris ,19.27537126,-70.28770858,1990.0,0.0,public,2000,11.0,10.0,155744.0,1271259.0,133094.38,1937598.0,0.0,5331860.0,152007.0,107925.0,5.0,514.0,398.0,547.18,1575.0,24.0,27.0
460,DOM-FRA,San Francisco de Macoris ,19.27537126,-70.28770858,1990.0,0.0,public,2001,20.0,13.0,144790.0,1262821.0,169572.0,2471334.0,0.0,5737738.0,180935.0,180935.0,6.0,395.0,357.0,764.92,4260.0,22.0,35.0
461,DOM-FRA,San Francisco de Macoris ,19.27537126,-70.28770858,1990.0,0.0,public,2002,19.0,6.0,183425.0,1171659.02,139932.25,1855853.22,0.0,5276529.0,180935.0,164935.0,5.0,641.0,519.0,733.6,1380.0,4.0,67.0
462,DOM-FRA,San Francisco de Macoris ,19.27537126,-70.28770858,1990.0,0.0,public,2003,18.0,6.0,183970.0,3107986.38,134164.82,2494719.22,504653.03,5152726.27,180935.0,149470.0,5.0,512.0,480.0,805.8,1465.6,2.0,32.0
463,DOM-FRA,San Francisco de Macoris ,19.27537126,-70.28770858,1990.0,0.0,public,2004,20.0,5.0,199660.0,4597762.1,872913.0,1513103.0,802987.27,5617302.37,147515.0,147515.0,5.0,596.0,408.0,907.15,1840.0,9.0,41.0
464,DOM-FRA,San Francisco de Macoris ,19.27537126,-70.28770858,1990.0,0.0,public,2005,14.0,5.0,189315.4,3857469.33,341433.69,1704888.96,1069807.25,2347939.3,164584.0,164584.0,4.0,317.0,301.0,1135.27,2925.75,6.0,47.0
465,DOM-FRA,San Francisco de Macoris ,19.27537126,-70.28770858,1990.0,0.0,public,2006,15.0,5.0,406065.77,4265731.7,352767.02,1538836.81,790240.25,1990981.67,164584.0,98694.0,4.0,296.0,284.0,1180.46,3050.75,14.0,37.0
466,DOM-FRA,San Francisco de Macoris ,19.27537126,-70.28770858,1990.0,0.0,public,2007,16.0,1.0,131864.66,3714134.71,280707.02,4880664.06,394075.88,645107.69,164584.0,82897.0,2.0,264.0,222.0,1026.92,2250.0,5.0,31.0
467,DOM-FRA,San Francisco de Macoris ,19.27537126,-70.28770858,1990.0,0.0,public,2008,7.0,1.0,26718.0,682100.99,38193.93,3319852.88,101375.12,596096.89,164584.0,82897.0,2.0,41.0,29.0,1078.85,2250.0,5.0,19.0
468,DOM-FRA,San Francisco de Macoris ,19.27537126,-70.28770858,1990.0,0.0,public,2009,1.0,1.0,26718.0,724743.81,52802.0,1211011.08,100809.59,999000.0,164584.0,16584.0,1.0,43.0,18.0,1247.0,2000.0,5.0,17.0
469,DOM-FRA,San Francisco de Macoris ,19.27537126,-70.28770858,1990.0,0.0,public,2010,1.0,1.0,26718.0,694055.57,60331.0,1611791.29,100414.48,131939.96,164584.0,48989.0,1.0,50.0,19.0,1246.15,2500.0,5.0,18.0
470,DOM-FRA,San Francisco de Macoris ,19.27537126,-70.28770858,1990.0,0.0,public,2011,2.0,2.0,26718.0,1072866.99,73794.0,1985346.79,119289.24,1053438.3,164584.0,81654.0,2.0,63.0,23.0,1246.15,2500.0,5.0,21.0
471,DOM-FRA,San Francisco de Macoris ,19.27537126,-70.28770858,1990.0,0.0,public,2012,2.0,4.0,29936.0,1087059.64,85744.26,1945604.44,149412.62,588095.0,164584.0,64746.58,2.0,60.0,27.0,1479.23,2800.0,5.0,23.0
472,DOM-FRA,San Francisco de Macoris ,19.27537126,-70.28770858,1990.0,0.0,public,2013,,,26718.0,1095019.0,83881.0,2305575.81,116761.0,572061.16,159588.95,64746.58,2.0,,,1589.23,3800.0,,
473,DOM-FRA,San Francisco de Macoris ,19.27537126,-70.28770858,1990.0,0.0,public,2014,1.0,2.0,27803.33,1156683.37,98000.2,2513008.97,147885.77,344510.7,168398.35,64746.58,2.0,63.0,23.0,1796.58,3015.4,6.0,21.0
474,DOM-FRA,San Francisco de Macoris ,19.27537126,-70.28770858,1990.0,0.0,public,2015,3.0,3.0,96540.0,1204258.97,121506.0,2749604.74,329018.32,291266.4,168398.35,68730.94,2.0,67.0,27.0,1930.35,3316.5,6.0,21.0
475,DOM-FRA,San Francisco de Macoris ,19.27537126,-70.28770858,1990.0,0.0,public,2016,2.0,1.0,96.0,1305.68,130.4,2826.4,350.56,3353902.07,167242.44,71844.61,2.0,66.0,27.0,1910.43,3316.54,6.0,21.0
476,DOM-GLO,Global Zona Franca Ind. ,18.53043559,-70.01195079,1995.0,0.0,private,2000,6.0,10.0,0.0,0.0,0.0,710000.0,0.0,9719625.77,199067.0,199067.0,3.0,235.0,94.0,783.33,1961.67,3.0,10.0
477,DOM-GLO,Global Zona Franca Ind. ,18.53043559,-70.01195079,1995.0,0.0,private,2001,6.0,14.0,0.0,0.0,107800.0,1209000.0,0.0,10459813.08,199067.0,199067.0,3.0,341.0,97.0,783.33,4416.67,4.0,11.0
478,DOM-GLO,Global Zona Franca Ind. ,18.53043559,-70.01195079,1995.0,0.0,private,2002,5.0,16.0,0.0,0.0,80500.0,888000.0,0.0,8388888.0,199067.0,174738.0,2.0,283.0,102.0,800.0,1322.0,2.0,12.0
479,DOM-GLO,Global Zona Franca Ind. ,18.53043559,-70.01195079,1995.0,0.0,private,2003,4.0,17.0,35000.0,0.0,80300.0,263800.0,266000.0,8888888.0,199067.0,174738.0,2.0,177.0,88.0,892.5,1674.5,3.0,14.0
480,DOM-GLO,Global Zona Franca Ind. ,18.53043559,-70.01195079,1995.0,0.0,private,2004,4.0,11.0,480000.0,0.0,29100.0,0.0,372000.0,7733334.0,199067.0,174473.0,2.0,151.0,80.0,1000.0,1900.0,2.0,16.0
481,DOM-GLO,Global Zona Franca Ind. ,18.53043559,-70.01195079,1995.0,0.0,private,2005,6.0,2.0,619500.0,0.0,27100.0,56096.0,540000.0,4600000.0,199067.0,151894.0,1.0,2.0,63.0,1865.0,2031.81,1.0,10.0
482,DOM-GLO,Global Zona Franca Ind. ,18.53043559,-70.01195079,1995.0,0.0,private,2006,6.0,7.0,16500.0,1688391.0,177589.0,580432.63,2655577.24,4900000.0,199067.0,174738.0,1.0,1.0,63.0,1500.0,2500.0,3.0,10.0
483,DOM-GLO,Global Zona Franca Ind. ,18.53043559,-70.01195079,1995.0,0.0,private,2007,0.0,0.0,0.0,0.0,0.0,0.0,0.0,0.0,0.0,0.0,0.0,0.0,0.0,1510.85,4231.5,0.0,0.0
484,DOM-GLO,Global Zona Franca Ind. ,18.53043559,-70.01195079,1995.0,0.0,private,2008,0.0,0.0,0.0,0.0,0.0,0.0,0.0,0.0,0.0,0.0,0.0,0.0,0.0,1937.0,3645.67,0.0,0.0
485,DOM-GLO,Global Zona Franca Ind. ,18.53043559,-70.01195079,1995.0,0.0,private,2009,0.0,0.0,0.0,0.0,0.0,0.0,0.0,0.0,0.0,0.0,0.0,0.0,0.0,0.0,0.0,0.0,0.0
486,DOM-GLO,Global Zona Franca Ind. ,18.53043559,-70.01195079,1995.0,0.0,private,2010,0.0,0.0,0.0,0.0,0.0,0.0,0.0,0.0,0.0,0.0,0.0,0.0,0.0,0.0,0.0,0.0,0.0
487,DOM-GLO,Global Zona Franca Ind. ,18.53043559,-70.01195079,1995.0,0.0,private,2011,0.0,0.0,0.0,0.0,0.0,0.0,0.0,0.0,0.0,0.0,0.0,0.0,0.0,0.0,0.0,0.0,0.0
488,DOM-GLO,Global Zona Franca Ind. ,18.53043559,-70.01195079,1995.0,0.0,private,2012,1.0,0.0,0.0,23233.0,0.0,0.0,5000.0,187420.0,53800.0,10760.0,1.0,0.0,1.0,1900.0,3600.0,0.0,2.0
489,DOM-GLO,Global Zona Franca Ind. ,18.53043559,-70.01195079,1995.0,0.0,private,2013,,,0.0,200000.0,4200.0,81620.0,200000.0,402925.0,53800.0,22596.0,2.0,,,2834.48,5750.0,,
490,DOM-GLO,Global Zona Franca Ind. ,18.53043559,-70.01195079,1995.0,0.0,private,2014,3.0,3.0,0.0,230000.0,4300.0,152198.92,210000.0,440900.0,500261.0,500261.0,2.0,0.0,3.0,2900.0,3850.0,0.0,2.0
491,DOM-GLO,Global Zona Franca Ind. ,18.53043559,-70.01195079,1995.0,0.0,private,2015,4.0,1.0,0.0,263440.0,10200.0,236797.31,256384.0,428211.0,500261.0,500261.0,2.0,0.0,10.0,2942.24,0.0,0.0,0.0
492,DOM-GLO,Global Zona Franca Ind. ,18.53043559,-70.01195079,1995.0,0.0,private,2016,4.0,1.0,0.0,285.88,19.59,390.93,270.3,728733.0,500261.0,500261.0,2.0,0.0,9.0,2942.24,0.0,0.0,0.0
493,DOM-GUR,Gurabo ,19.48857084,-70.658343,1993.0,0.0,private,2000,171.0,221.0,673920.0,6820179.91,751991.0,2867796.0,0.0,5390954.0,240000.0,136000.0,3.0,884.0,1041.0,698.67,800.0,6.0,7.0
494,DOM-GUR,Gurabo ,19.48857084,-70.658343,1993.0,0.0,private,2001,66.0,127.0,395066.0,7685350.16,1165096.0,6301187.0,0.0,7524131.0,240000.0,136000.0,3.0,923.0,1116.0,866.73,1576.47,87.0,178.0
495,DOM-GUR,Gurabo ,19.48857084,-70.658343,1993.0,0.0,private,2002,107.0,185.0,347268.5,7760382.02,1112175.0,4566917.01,0.0,6173123.44,470107.57,407646.7,3.0,735.0,1045.0,867.81,1570.18,206.0,266.0
496,DOM-GUR,Gurabo ,19.48857084,-70.658343,1993.0,0.0,private,2003,94.0,151.0,303199.19,9305761.59,1255761.0,4541115.0,1401856.91,6210741.0,470107.0,411746.0,5.0,724.0,671.0,1200.0,1838.0,133.0,155.0
497,DOM-GUR,Gurabo ,19.48857084,-70.658343,1993.0,0.0,private,2004,213.0,55.0,391412.56,36051786.93,1408057.59,3136495.38,5330115.02,10256846.97,480874.66,480874.66,6.0,985.0,1136.0,1315.67,3205.83,69.0,119.0
498,DOM-GUR,Gurabo ,19.48857084,-70.658343,1993.0,0.0,private,2005,92.0,119.0,1393096.82,25398122.2,2483425.18,8292794.05,7297096.92,7955826.97,480874.66,480874.66,6.0,944.0,990.0,1359.53,2674.84,188.0,363.0
499,DOM-GUR,Gurabo ,19.48857084,-70.658343,1993.0,0.0,private,2006,33.0,44.0,948000.0,13464000.0,162000.0,180000.0,800000.0,16641399.67,480874.66,223360.35,6.0,934.0,1062.0,1430.5,3641.67,81.0,165.0
500,DOM-GUR,Gurabo ,19.48857084,-70.658343,1993.0,0.0,private,2007,229.0,272.0,954563.18,19780486.01,2750516.63,30275394.53,7168606.93,24958839.6,487020.0,451820.0,9.0,1051.0,1158.0,0.0,0.0,19.0,86.0
501,DOM-GUR,Gurabo ,19.48857084,-70.658343,1993.0,0.0,private,2008,61.0,79.0,325826.52,13636635.67,1857585.26,40260473.37,8840869.52,12312060.73,500261.0,400061.0,8.0,412.0,519.0,0.0,0.0,73.0,130.0
502,DOM-GUR,Gurabo ,19.48857084,-70.658343,1993.0,0.0,private,2009,62.0,88.0,674806.25,11403163.67,1893232.39,37227903.31,11686139.94,10867492.33,500261.0,213080.0,6.0,510.0,653.0,1717.97,3135.0,79.0,149.0
503,DOM-GUR,Gurabo ,19.48857084,-70.658343,1993.0,0.0,private,2010,54.0,87.0,311000.0,12891988.97,1562663.58,35128415.46,16495693.88,7227145.02,500261.0,297121.0,7.0,426.0,587.0,1828.33,3744.29,27.0,93.0
504,DOM-GUR,Gurabo ,19.48857084,-70.658343,1993.0,0.0,private,2011,74.0,63.0,95000.0,15419362.97,1951756.0,47803457.56,41410801.39,6222335.0,500261.0,307282.6,7.0,617.0,708.0,2100.0,3932.19,44.0,84.0
505,DOM-GUR,Gurabo ,19.48857084,-70.658343,1993.0,0.0,private,2012,87.0,81.0,64000.0,18725821.73,2734365.0,57914806.36,36422680.56,17197448.36,500261.0,288794.6,9.0,619.0,907.0,2245.24,3376.83,34.0,139.0
506,DOM-GUR,Gurabo ,19.48857084,-70.658343,1993.0,0.0,private,2013,,,825478.44,30809070.45,5600439.0,95478874.39,2604272.44,14981963.52,500261.0,297908.0,8.0,,,2511.86,3774.07,,
507,DOM-GUR,Gurabo ,19.48857084,-70.658343,1993.0,0.0,private,2014,139.0,168.0,1455259.92,35021178.09,5505088.1,110362972.6,5033726.12,24826481.0,164366.2,143372.8,8.0,1070.0,1672.0,2254.37,4068.59,67.0,176.0
508,DOM-GUR,Gurabo ,19.48857084,-70.658343,1993.0,0.0,private,2015,138.0,174.0,1397507.76,30215613.44,4858621.27,204852510.3,6854202.92,25429550.4,204440.0,192920.0,8.0,1225.0,1812.0,2569.86,4579.84,73.0,168.0
509,DOM-GUR,Gurabo ,19.48857084,-70.658343,1993.0,0.0,private,2016,167.0,227.0,1029.33,28780.76,5562.56,59793.58,6769.59,27261655.52,204440.0,204440.0,7.0,1003.0,1277.0,2452.83,5962.81,447.0,696.0
510,DOM-HAI,Hainamosa ,18.51389836,-69.81584618,1988.0,0.0,private,2000,38.0,58.0,1045561.0,7327312.15,761254.39,6555330.14,0.0,10485771.0,414600.0,384301.0,11.0,1130.0,1670.0,618.27,1282.13,68.0,42.0
511,DOM-HAI,Hainamosa ,18.51389836,-69.81584618,1988.0,0.0,private,2001,67.0,58.0,216586.0,6442176.72,119995.0,4741768.0,0.0,9975665.39,414600.0,384301.0,12.0,816.0,484.0,667.58,1616.89,177.0,163.0
512,DOM-HAI,Hainamosa ,18.51389836,-69.81584618,1988.0,0.0,private,2002,66.0,93.0,195260.0,3066879.32,593747.0,4377994.72,0.0,6319385.0,414600.0,304989.0,13.0,772.0,443.0,792.27,1129.0,28.0,55.0
513,DOM-HAI,Hainamosa ,18.51389836,-69.81584618,1988.0,0.0,private,2003,66.0,99.0,283300.0,4021745.75,415963.68,2457641.0,2386604.58,22736105.85,414600.0,293967.0,12.0,1033.0,481.0,887.56,2383.66,23.0,75.0
514,DOM-HAI,Hainamosa ,18.51389836,-69.81584618,1988.0,0.0,private,2004,28.0,49.0,229300.0,6239029.97,942991.0,1762905.5,2510288.69,7538698.0,481763.45,391036.87,9.0,1057.0,598.0,924.73,2402.29,21.0,50.0
515,DOM-HAI,Hainamosa ,18.51389836,-69.81584618,1988.0,0.0,private,2005,20.0,19.0,638501.88,4453966.57,297415.31,1701630.67,2521981.89,5808123.7,481763.45,391036.87,9.0,357.0,361.0,1055.02,2159.71,47.0,31.0
516,DOM-HAI,Hainamosa ,18.51389836,-69.81584618,1988.0,0.0,private,2006,39.0,33.0,816580.7,17583342.54,2039169.34,4013257.62,6526264.71,6962329.0,481763.45,182217.93,10.0,229.0,558.0,1218.5,2625.23,28.0,27.0
517,DOM-HAI,Hainamosa ,18.51389836,-69.81584618,1988.0,0.0,private,2007,29.0,22.0,313017.28,4742077.77,628093.65,9867398.78,3298443.24,9095812.52,481763.45,194717.0,11.0,423.0,332.0,1308.9,2728.57,27.0,42.0
518,DOM-HAI,Hainamosa ,18.51389836,-69.81584618,1988.0,0.0,private,2008,24.0,28.0,169362.75,12673790.84,325985.56,7359112.89,2732556.05,11086818.52,507400.04,261884.46,12.0,432.0,339.0,1571.39,3048.02,7.0,30.0
519,DOM-HAI,Hainamosa ,18.51389836,-69.81584618,1988.0,0.0,private,2009,22.0,17.0,384904.0,5433532.73,894210.0,9994010.75,2182791.27,12415013.52,507400.04,360574.43,8.0,420.0,244.0,1554.41,2986.77,8.0,24.0
520,DOM-HAI,Hainamosa ,18.51389836,-69.81584618,1988.0,0.0,private,2010,21.0,17.0,393809.82,9405248.11,234923.36,8938240.41,2326703.73,12482560.08,507400.04,360574.43,7.0,522.0,230.0,1834.07,4000.13,5.0,35.0
521,DOM-HAI,Hainamosa ,18.51389836,-69.81584618,1988.0,0.0,private,2011,9.0,14.0,404017.04,2141319.84,234768.38,8464688.63,2043424.84,11066456.6,507400.04,202876.74,6.0,127.0,133.0,1925.18,3777.83,10.0,23.0
522,DOM-HAI,Hainamosa ,18.51389836,-69.81584618,1988.0,0.0,private,2012,13.0,11.0,652060.69,1685146.08,246199.98,5319429.44,2602977.64,9794817.22,507400.04,244154.62,5.0,150.0,184.0,1878.28,3486.6,3.0,31.0
523,DOM-HAI,Hainamosa ,18.51389836,-69.81584618,1988.0,0.0,private,2013,,,359600.0,1724470.21,1230642.21,9279582.11,2891678.3,14223911.22,507400.04,301137.97,5.0,,,3620.0,4615.15,,
524,DOM-HAI,Hainamosa ,18.51389836,-69.81584618,1988.0,0.0,private,2014,16.0,8.0,865000.0,1549000.0,313222.0,7460893.92,2464800.0,14811170.4,507400.04,294803.17,4.0,129.0,143.0,2142.12,4664.25,7.0,31.0
525,DOM-HAI,Hainamosa ,18.51389836,-69.81584618,1988.0,0.0,private,2015,23.0,13.0,960588.95,3790425.74,593079.0,9009647.35,3046946.65,21419086.9,507400.04,294803.17,7.0,164.0,177.0,2427.38,5675.0,21.0,44.0
526,DOM-HAI,Hainamosa ,18.51389836,-69.81584618,1988.0,0.0,private,2016,26.0,11.0,1454.6,2256.12,649.38,12098.4,3975.91,22329475.47,696241.94,483257.17,5.0,189.0,187.0,3100.0,7300.0,23.0,57.0
527,DOM-HAN,Hato Nuevo ,18.53692314,-70.06254185,2001.0,0.0,public,2000,0.0,0.0,0.0,0.0,0.0,0.0,0.0,0.0,0.0,0.0,0.0,0.0,0.0,0.0,0.0,0.0,0.0
528,DOM-HAN,Hato Nuevo ,18.53692314,-70.06254185,2001.0,0.0,public,2001,5.0,5.0,0.0,0.0,0.0,26000.0,0.0,5500000.0,132166.0,132166.0,1.0,137.0,137.0,1000.0,2500.0,16.0,16.0
529,DOM-HAN,Hato Nuevo ,18.53692314,-70.06254185,2001.0,0.0,public,2002,5.0,4.0,0.0,116161.0,38047.0,136327.0,0.0,5500000.0,132166.0,132166.0,2.0,194.0,105.0,577.0,1813.5,14.0,10.0
530,DOM-HAN,Hato Nuevo ,18.53692314,-70.06254185,2001.0,0.0,public,2003,7.0,5.0,0.0,120170.0,271119.0,1056703.0,501782.0,2500000.0,144147.0,117987.0,2.0,192.0,303.0,973.85,2750.0,17.0,5.0
531,DOM-HAN,Hato Nuevo ,18.53692314,-70.06254185,2001.0,0.0,public,2004,12.0,6.0,0.0,0.0,368472.0,990426.23,951456.0,2750000.0,133726.0,133726.0,2.0,216.0,466.0,1073.4,3000.0,18.0,24.0
532,DOM-HAN,Hato Nuevo ,18.53692314,-70.06254185,2001.0,0.0,public,2005,15.0,3.0,0.0,0.0,504545.0,1603910.0,1320500.0,1050000.0,133726.0,133726.0,2.0,204.0,146.0,1223.4,3500.0,27.0,17.0
533,DOM-HAN,Hato Nuevo ,18.53692314,-70.06254185,2001.0,0.0,public,2006,6.0,5.0,20824.8,637287.54,117052.9,528104.91,396921.83,1050000.0,149419.0,149419.0,2.0,116.0,88.0,1270.8,2350.0,25.0,16.0
534,DOM-HAN,Hato Nuevo ,18.53692314,-70.06254185,2001.0,0.0,public,2007,11.0,4.0,23301.6,155154.69,30655.81,320032.51,508099.03,1568802.79,149419.0,149419.0,3.0,28.0,34.0,1422.19,3400.0,2.0,5.0
535,DOM-HAN,Hato Nuevo ,18.53692314,-70.06254185,2001.0,0.0,public,2008,12.0,8.0,0.0,2082907.03,39935.82,1386102.35,545186.8,16168567.63,149419.0,149419.0,3.0,35.0,20.0,1869.45,3000.0,3.0,9.0
536,DOM-HAN,Hato Nuevo ,18.53692314,-70.06254185,2001.0,0.0,public,2009,8.0,7.0,0.0,939754.48,75963.0,1518011.28,1009185.24,14974244.52,149419.0,149419.0,4.0,33.0,19.0,1736.16,2989.32,3.0,9.0
537,DOM-HAN,Hato Nuevo ,18.53692314,-70.06254185,2001.0,0.0,public,2010,12.0,10.0,0.0,2424512.99,94978.0,2271884.71,1441265.05,16721603.52,149419.0,149419.0,5.0,57.0,45.0,1833.42,3770.4,7.0,13.0
538,DOM-HAN,Hato Nuevo ,18.53692314,-70.06254185,2001.0,0.0,public,2011,17.0,9.0,0.0,2862853.03,659869.44,3391599.58,1176226.24,18372661.8,149919.0,149919.0,5.0,19.0,42.0,2459.43,4212.5,37.0,15.0
539,DOM-HAN,Hato Nuevo ,18.53692314,-70.06254185,2001.0,0.0,public,2012,16.0,12.0,12604.8,4245553.6,231136.22,4528433.46,1735756.37,18962933.17,149919.0,136972.59,5.0,12.0,41.0,2573.63,4841.15,10.0,21.0
540,DOM-HAN,Hato Nuevo ,18.53692314,-70.06254185,2001.0,0.0,public,2013,,,27114.64,696404.56,249128.46,5672992.11,1530037.86,20061888.25,156895.13,136635.07,5.0,,,2936.27,5901.16,,
541,DOM-HAN,Hato Nuevo ,18.53692314,-70.06254185,2001.0,0.0,public,2014,25.0,30.0,1181744.0,3825404.56,409209.2,8605677.56,3068764.0,19516688.6,156085.13,152376.03,5.0,46.0,104.0,3030.05,5442.5,9.0,22.0
542,DOM-HAN,Hato Nuevo ,18.53692314,-70.06254185,2001.0,0.0,public,2015,31.0,31.0,155120.0,5428204.55,639205.8,11447627.44,5631280.68,31710575.8,168360.39,168360.39,5.0,49.0,72.0,3171.2,4851.33,5.0,20.0
543,DOM-HAN,Hato Nuevo ,18.53692314,-70.06254185,2001.0,0.0,public,2016,33.0,35.0,2.0,4381.42,604.91,11054.81,2728.03,25844201.88,165292.0,165292.0,5.0,36.0,67.0,3712.5,5866.67,8.0,21.0
544,DOM-HAT,Hato Mayor ,18.76258519,-69.26597733,1990.0,0.0,public,2000,6.0,12.0,0.0,0.0,0.0,0.0,0.0,2376975.0,82000.0,66097.0,3.0,309.0,166.0,587.33,1700.0,8.0,17.0
545,DOM-HAT,Hato Mayor ,18.76258519,-69.26597733,1990.0,0.0,public,2001,3.0,6.0,53991.0,191325.4,66213.43,1464406.36,0.0,2081975.0,68033.0,54436.0,2.0,454.0,228.0,700.0,3250.0,1.0,12.0
546,DOM-HAT,Hato Mayor ,18.76258519,-69.26597733,1990.0,0.0,public,2002,3.0,9.0,84186.0,317265.07,134091.69,393885.86,0.0,1351975.0,68033.0,39581.0,1.0,237.0,110.0,822.0,1395.0,3.0,14.0
547,DOM-HAT,Hato Mayor ,18.76258519,-69.26597733,1990.0,0.0,public,2003,4.0,2.0,41257.5,689937.68,109119.16,680984.38,185789.93,1141975.0,51846.0,39500.0,1.0,247.0,98.0,750.0,2000.0,3.0,14.0
548,DOM-HAT,Hato Mayor ,18.76258519,-69.26597733,1990.0,0.0,public,2004,5.0,2.0,37290.0,1033823.0,141385.0,5143272.0,168289.0,1141975.0,68034.0,55019.0,1.0,267.0,94.0,821.4,2100.0,6.0,14.0
549,DOM-HAT,Hato Mayor ,18.76258519,-69.26597733,1990.0,0.0,public,2005,6.0,4.0,372130.0,1156172.85,192756.89,730462.7,432544.17,1241975.0,55019.0,55019.0,2.0,330.0,118.0,1039.44,2500.0,5.0,17.0
550,DOM-HAT,Hato Mayor ,18.76258519,-69.26597733,1990.0,0.0,public,2006,8.0,2.0,382275.84,11411760.55,373877.66,1738237.94,3439481.18,1301975.0,55019.0,55019.0,2.0,590.0,157.0,1122.0,3500.0,4.0,6.0
551,DOM-HAT,Hato Mayor ,18.76258519,-69.26597733,1990.0,0.0,public,2007,7.0,3.0,167537.0,1550157.69,269957.19,5178699.49,951364.95,600000.0,55019.0,55019.0,2.0,519.0,131.0,1131.5,3500.0,15.0,32.0
552,DOM-HAT,Hato Mayor ,18.76258519,-69.26597733,1990.0,0.0,public,2008,6.0,2.0,26746.2,1373647.19,296327.15,13329847.85,287485.56,480000.0,55019.0,27510.0,2.0,280.0,53.0,1144.0,3500.0,7.0,12.0
553,DOM-HAT,Hato Mayor ,18.76258519,-69.26597733,1990.0,0.0,public,2009,0.0,0.0,0.0,0.0,0.0,5091840.89,0.0,0.0,0.0,0.0,0.0,0.0,0.0,0.0,0.0,0.0,0.0
554,DOM-HAT,Hato Mayor ,18.76258519,-69.26597733,1990.0,0.0,public,2010,0.0,0.0,0.0,0.0,0.0,0.0,0.0,0.0,0.0,0.0,0.0,0.0,0.0,0.0,0.0,0.0,0.0
555,DOM-HAT,Hato Mayor ,18.76258519,-69.26597733,1990.0,0.0,public,2011,2.0,1.0,30000.0,1205000.0,64400.0,1308828.94,40500.0,350000.0,55019.0,55019.0,1.0,58.0,20.0,1063.0,2800.0,2.0,1.0
556,DOM-HAT,Hato Mayor ,18.76258519,-69.26597733,1990.0,0.0,public,2012,5.0,0.0,44076.0,1488861.54,64105.0,2074890.22,92270.16,3501456.0,55019.0,39581.4,1.0,159.0,65.0,1500.0,3300.0,6.0,8.0
557,DOM-HAT,Hato Mayor ,18.76258519,-69.26597733,1990.0,0.0,public,2013,,,45932.4,1362799.0,116052.0,6140043.1,100173.0,1141975.0,711387.96,711387.96,1.0,,,1665.0,3800.0,,
558,DOM-HAT,Hato Mayor ,18.76258519,-69.26597733,1990.0,0.0,public,2014,7.0,2.0,45932.4,2015763.11,213042.0,0.0,242151.71,1201975.0,88375.65,79397.6,1.0,120.0,51.0,1666.0,5000.0,12.0,10.0
559,DOM-HAT,Hato Mayor ,18.76258519,-69.26597733,1990.0,0.0,public,2015,7.0,2.0,45932.4,2316299.2,213042.0,0.0,242151.71,1401975.0,88375.65,79397.6,1.0,119.0,51.0,1666.0,5000.0,11.0,10.0
560,DOM-HAT,Hato Mayor ,18.76258519,-69.26597733,1990.0,0.0,public,2016,9.0,2.0,34.2,1820.91,200.24,6035.39,392.56,1237451.0,61688.68,61688.68,1.0,144.0,55.0,1916.0,5000.0,22.0,10.0
561,DOM-HER,Parque Z.F. Tecnologica de Herrera ,18.44047267,-69.9817525,2013.0,0.0,private,2000,0.0,0.0,0.0,0.0,0.0,0.0,0.0,0.0,0.0,0.0,0.0,0.0,0.0,0.0,0.0,0.0,0.0
562,DOM-HER,Parque Z.F. Tecnologica de Herrera ,18.44047267,-69.9817525,2013.0,0.0,private,2001,0.0,0.0,0.0,0.0,0.0,0.0,0.0,0.0,0.0,0.0,0.0,0.0,0.0,0.0,0.0,0.0,0.0
563,DOM-HER,Parque Z.F. Tecnologica de Herrera ,18.44047267,-69.9817525,2013.0,0.0,private,2002,0.0,0.0,0.0,0.0,0.0,0.0,0.0,0.0,0.0,0.0,0.0,0.0,0.0,0.0,0.0,0.0,0.0
564,DOM-HER,Parque Z.F. Tecnologica de Herrera ,18.44047267,-69.9817525,2013.0,0.0,private,2003,0.0,0.0,0.0,0.0,0.0,0.0,0.0,0.0,0.0,0.0,0.0,0.0,0.0,0.0,0.0,0.0,0.0
565,DOM-HER,Parque Z.F. Tecnologica de Herrera ,18.44047267,-69.9817525,2013.0,0.0,private,2004,0.0,0.0,0.0,0.0,0.0,0.0,0.0,0.0,0.0,0.0,0.0,0.0,0.0,0.0,0.0,0.0,0.0
566,DOM-HER,Parque Z.F. Tecnologica de Herrera ,18.44047267,-69.9817525,2013.0,0.0,private,2005,0.0,0.0,0.0,0.0,0.0,0.0,0.0,0.0,0.0,0.0,0.0,0.0,0.0,0.0,0.0,0.0,0.0
567,DOM-HER,Parque Z.F. Tecnologica de Herrera ,18.44047267,-69.9817525,2013.0,0.0,private,2006,0.0,0.0,0.0,0.0,0.0,0.0,0.0,0.0,0.0,0.0,0.0,0.0,0.0,0.0,0.0,0.0,0.0
568,DOM-HER,Parque Z.F. Tecnologica de Herrera ,18.44047267,-69.9817525,2013.0,0.0,private,2007,0.0,0.0,0.0,0.0,0.0,0.0,0.0,0.0,0.0,0.0,0.0,0.0,0.0,0.0,0.0,0.0,0.0
569,DOM-HER,Parque Z.F. Tecnologica de Herrera ,18.44047267,-69.9817525,2013.0,0.0,private,2008,0.0,0.0,0.0,0.0,0.0,0.0,0.0,0.0,0.0,0.0,0.0,0.0,0.0,0.0,0.0,0.0,0.0
570,DOM-HER,Parque Z.F. Tecnologica de Herrera ,18.44047267,-69.9817525,2013.0,0.0,private,2009,0.0,0.0,0.0,0.0,0.0,0.0,0.0,0.0,0.0,0.0,0.0,0.0,0.0,0.0,0.0,0.0,0.0
571,DOM-HER,Parque Z.F. Tecnologica de Herrera ,18.44047267,-69.9817525,2013.0,0.0,private,2010,0.0,0.0,0.0,0.0,0.0,0.0,0.0,0.0,0.0,0.0,0.0,0.0,0.0,0.0,0.0,0.0,0.0
572,DOM-HER,Parque Z.F. Tecnologica de Herrera ,18.44047267,-69.9817525,2013.0,0.0,private,2011,0.0,0.0,0.0,0.0,0.0,0.0,0.0,0.0,0.0,0.0,0.0,0.0,0.0,0.0,0.0,0.0,0.0
573,DOM-HER,Parque Z.F. Tecnologica de Herrera ,18.44047267,-69.9817525,2013.0,0.0,private,2012,0.0,0.0,0.0,0.0,0.0,0.0,0.0,0.0,0.0,0.0,0.0,0.0,0.0,0.0,0.0,0.0,0.0
574,DOM-HER,Parque Z.F. Tecnologica de Herrera ,18.44047267,-69.9817525,2013.0,0.0,private,2013,,,5512.74,2010114.41,42635.67,0.0,292656.78,1553488.63,23698.25,23698.25,1.0,,,2800.0,3500.0,,
575,DOM-HER,Parque Z.F. Tecnologica de Herrera ,18.44047267,-69.9817525,2013.0,0.0,private,2014,11.0,15.0,0.0,6210003.0,2002214.0,0.0,18041328.0,1467025.0,23698.25,23698.25,1.0,0.0,0.0,0.0,477.0,230.0,270.0
576,DOM-HER,Parque Z.F. Tecnologica de Herrera ,18.44047267,-69.9817525,2013.0,0.0,private,2015,12.0,17.0,0.0,0.0,6753.0,162235.57,0.0,3385283.6,23698.25,23698.25,2.0,0.0,0.0,0.0,6873.76,227.0,240.0
577,DOM-HER,Parque Z.F. Tecnologica de Herrera ,18.44047267,-69.9817525,2013.0,0.0,private,2016,11.0,12.0,574.88,15759.18,1773.95,28767.46,23008.99,3480183.61,23698.25,23698.25,2.0,0.0,0.0,0.0,6885.26,184.0,240.0
595,DOM-HIP,La Herradura Industrial Park  ,19.45074236,-70.74300157,2015.0,0.0,private,2000,0.0,0.0,0.0,0.0,0.0,0.0,0.0,0.0,0.0,0.0,0.0,0.0,0.0,0.0,0.0,0.0,0.0
596,DOM-HIP,La Herradura Industrial Park  ,19.45074236,-70.74300157,2015.0,0.0,private,2001,0.0,0.0,0.0,0.0,0.0,0.0,0.0,0.0,0.0,0.0,0.0,0.0,0.0,0.0,0.0,0.0,0.0
597,DOM-HIP,La Herradura Industrial Park  ,19.45074236,-70.74300157,2015.0,0.0,private,2002,0.0,0.0,0.0,0.0,0.0,0.0,0.0,0.0,0.0,0.0,0.0,0.0,0.0,0.0,0.0,0.0,0.0
598,DOM-HIP,La Herradura Industrial Park  ,19.45074236,-70.74300157,2015.0,0.0,private,2003,0.0,0.0,0.0,0.0,0.0,0.0,0.0,0.0,0.0,0.0,0.0,0.0,0.0,0.0,0.0,0.0,0.0
599,DOM-HIP,La Herradura Industrial Park  ,19.45074236,-70.74300157,2015.0,0.0,private,2004,0.0,0.0,0.0,0.0,0.0,0.0,0.0,0.0,0.0,0.0,0.0,0.0,0.0,0.0,0.0,0.0,0.0
600,DOM-HIP,La Herradura Industrial Park  ,19.45074236,-70.74300157,2015.0,0.0,private,2005,0.0,0.0,0.0,0.0,0.0,0.0,0.0,0.0,0.0,0.0,0.0,0.0,0.0,0.0,0.0,0.0,0.0
601,DOM-HIP,La Herradura Industrial Park  ,19.45074236,-70.74300157,2015.0,0.0,private,2006,0.0,0.0,0.0,0.0,0.0,0.0,0.0,0.0,0.0,0.0,0.0,0.0,0.0,0.0,0.0,0.0,0.0
602,DOM-HIP,La Herradura Industrial Park  ,19.45074236,-70.74300157,2015.0,0.0,private,2007,0.0,0.0,0.0,0.0,0.0,0.0,0.0,0.0,0.0,0.0,0.0,0.0,0.0,0.0,0.0,0.0,0.0
603,DOM-HIP,La Herradura Industrial Park  ,19.45074236,-70.74300157,2015.0,0.0,private,2008,0.0,0.0,0.0,0.0,0.0,0.0,0.0,0.0,0.0,0.0,0.0,0.0,0.0,0.0,0.0,0.0,0.0
604,DOM-HIP,La Herradura Industrial Park  ,19.45074236,-70.74300157,2015.0,0.0,private,2009,0.0,0.0,0.0,0.0,0.0,0.0,0.0,0.0,0.0,0.0,0.0,0.0,0.0,0.0,0.0,0.0,0.0
605,DOM-HIP,La Herradura Industrial Park  ,19.45074236,-70.74300157,2015.0,0.0,private,2010,0.0,0.0,0.0,0.0,0.0,0.0,0.0,0.0,0.0,0.0,0.0,0.0,0.0,0.0,0.0,0.0,0.0
606,DOM-HIP,La Herradura Industrial Park  ,19.45074236,-70.74300157,2015.0,0.0,private,2011,0.0,0.0,0.0,0.0,0.0,0.0,0.0,0.0,0.0,0.0,0.0,0.0,0.0,0.0,0.0,0.0,0.0
607,DOM-HIP,La Herradura Industrial Park  ,19.45074236,-70.74300157,2015.0,0.0,private,2012,0.0,0.0,0.0,0.0,0.0,0.0,0.0,0.0,0.0,0.0,0.0,0.0,0.0,0.0,0.0,0.0,0.0
608,DOM-HIP,La Herradura Industrial Park  ,19.45074236,-70.74300157,2015.0,0.0,private,2013,,,0.0,0.0,0.0,0.0,0.0,0.0,0.0,0.0,0.0,,,0.0,0.0,,
609,DOM-HIP,La Herradura Industrial Park  ,19.45074236,-70.74300157,2015.0,0.0,private,2014,0.0,0.0,0.0,0.0,0.0,0.0,0.0,0.0,0.0,0.0,0.0,0.0,0.0,0.0,0.0,0.0,0.0
610,DOM-HIP,La Herradura Industrial Park  ,19.45074236,-70.74300157,2015.0,0.0,private,2015,0.0,2.0,60000.0,2400000.0,14282.0,320930.14,42000.0,3009858.1,120000.0,120000.0,1.0,1.0,15.0,3475.0,3375.0,2.0,3.0
611,DOM-HIP,La Herradura Industrial Park  ,19.45074236,-70.74300157,2015.0,0.0,private,2016,0.0,1.0,70.0,2600.0,21.72,492.63,46.5,3009858.14,120000.0,120000.0,1.0,0.0,11.0,2475.0,3375.0,1.0,1.0
612,DOM-HIS,La Hispaniola  ,18.92390206,-70.40485331,2005.0,0.0,private,2000,0.0,0.0,0.0,0.0,0.0,0.0,0.0,0.0,0.0,0.0,0.0,0.0,0.0,0.0,0.0,0.0,0.0
613,DOM-HIS,La Hispaniola  ,18.92390206,-70.40485331,2005.0,0.0,private,2001,0.0,0.0,0.0,0.0,0.0,0.0,0.0,0.0,0.0,0.0,0.0,0.0,0.0,0.0,0.0,0.0,0.0
614,DOM-HIS,La Hispaniola  ,18.92390206,-70.40485331,2005.0,0.0,private,2002,0.0,0.0,0.0,0.0,0.0,0.0,0.0,0.0,0.0,0.0,0.0,0.0,0.0,0.0,0.0,0.0,0.0
615,DOM-HIS,La Hispaniola  ,18.92390206,-70.40485331,2005.0,0.0,private,2003,0.0,0.0,0.0,0.0,0.0,0.0,0.0,0.0,0.0,0.0,0.0,0.0,0.0,0.0,0.0,0.0,0.0
616,DOM-HIS,La Hispaniola  ,18.92390206,-70.40485331,2005.0,0.0,private,2004,0.0,0.0,0.0,0.0,0.0,0.0,0.0,0.0,0.0,0.0,0.0,0.0,0.0,0.0,0.0,0.0,0.0
617,DOM-HIS,La Hispaniola  ,18.92390206,-70.40485331,2005.0,0.0,private,2005,3.0,1.0,0.0,8586570.0,102900.0,358513.0,216787.0,1599051.22,77635.0,72635.0,1.0,5.0,81.0,1322.0,4275.0,1.0,4.0
618,DOM-HIS,La Hispaniola  ,18.92390206,-70.40485331,2005.0,0.0,private,2006,0.0,5.0,0.0,7393166.0,68104.0,297845.86,324599.0,2000000.0,117247.0,72635.0,1.0,10.0,66.0,1575.0,1800.0,0.0,4.0
619,DOM-HIS,La Hispaniola  ,18.92390206,-70.40485331,2005.0,0.0,private,2007,0.0,3.0,0.0,3254154.21,48254.65,882409.67,245254.36,1200000.0,117247.0,72635.0,1.0,3.0,52.0,0.0,0.0,0.0,2.0
620,DOM-HIS,La Hispaniola  ,18.92390206,-70.40485331,2005.0,0.0,private,2008,1.0,2.0,64912.0,11465044.6,43415.6,3392724.46,143092.91,3679944.94,86968.35,86968.35,1.0,8.0,81.0,0.0,0.0,1.0,5.0
621,DOM-HIS,La Hispaniola  ,18.92390206,-70.40485331,2005.0,0.0,private,2009,1.0,2.0,64912.0,11465044.6,43415.6,2994391.88,143092.91,3679944.94,86968.4,86968.4,1.0,6.0,81.0,2551.0,4852.0,3.0,5.0
622,DOM-HIS,La Hispaniola  ,18.92390206,-70.40485331,2005.0,0.0,private,2010,3.0,3.0,12444.0,1276002.0,0.0,2178303.41,144198.16,3500000.0,86968.4,86968.4,1.0,3.0,13.0,1172.48,0.0,0.0,0.0
623,DOM-HIS,La Hispaniola  ,18.92390206,-70.40485331,2005.0,0.0,private,2011,1.0,1.0,0.0,0.0,148138.0,0.0,168705.0,2968677.0,86968.4,86968.4,1.0,3.0,10.0,1458.46,2538.75,2.0,1.0
624,DOM-HIS,La Hispaniola  ,18.92390206,-70.40485331,2005.0,0.0,private,2012,1.0,2.0,55000.0,12316294.49,0.0,0.0,422057.97,2828048.7,86968.4,86968.4,1.0,0.0,3.0,1620.95,6167.0,0.0,3.0
625,DOM-HIS,La Hispaniola  ,18.92390206,-70.40485331,2005.0,0.0,private,2013,,,0.0,12269100.0,0.0,0.0,225300.0,3545762.3,86968.4,86968.4,1.0,,,3800.0,5000.0,,
626,DOM-HIS,La Hispaniola  ,18.92390206,-70.40485331,2005.0,0.0,private,2014,2.0,2.0,55000.0,9265149.0,541522.0,2944687.58,2716639.0,3605100.0,86968.4,86968.4,1.0,3.0,73.0,3980.0,4500.0,0.0,1.0
627,DOM-HIS,La Hispaniola  ,18.92390206,-70.40485331,2005.0,0.0,private,2015,2.0,2.0,50000.0,22182095.37,146936.25,0.0,514220.67,4065900.0,86968.4,86968.4,1.0,3.0,51.0,3250.0,4200.0,0.0,2.0
628,DOM-HIS,La Hispaniola  ,18.92390206,-70.40485331,2005.0,0.0,private,2016,0.0,5.0,24.21,5209.76,0.0,0.0,217.94,4930475.0,86968.4,86968.4,1.0,0.0,50.0,4900.0,5100.0,0.0,8.0
629,DOM-HIT,Zona Franca Hit,18.4418766,-69.65026915,2018.0,0.0,private,2000,0.0,0.0,0.0,0.0,0.0,0.0,0.0,0.0,0.0,0.0,0.0,0.0,0.0,0.0,0.0,0.0,0.0
630,DOM-HIT,Zona Franca Hit,18.4418766,-69.65026915,2018.0,0.0,private,2001,0.0,0.0,0.0,0.0,0.0,0.0,0.0,0.0,0.0,0.0,0.0,0.0,0.0,0.0,0.0,0.0,0.0
631,DOM-HIT,Zona Franca Hit,18.4418766,-69.65026915,2018.0,0.0,private,2002,0.0,0.0,0.0,0.0,0.0,0.0,0.0,0.0,0.0,0.0,0.0,0.0,0.0,0.0,0.0,0.0,0.0
632,DOM-HIT,Zona Franca Hit,18.4418766,-69.65026915,2018.0,0.0,private,2003,0.0,0.0,0.0,0.0,0.0,0.0,0.0,0.0,0.0,0.0,0.0,0.0,0.0,0.0,0.0,0.0,0.0
633,DOM-HIT,Zona Franca Hit,18.4418766,-69.65026915,2018.0,0.0,private,2004,0.0,0.0,0.0,0.0,0.0,0.0,0.0,0.0,0.0,0.0,0.0,0.0,0.0,0.0,0.0,0.0,0.0
634,DOM-HIT,Zona Franca Hit,18.4418766,-69.65026915,2018.0,0.0,private,2005,0.0,0.0,0.0,0.0,0.0,0.0,0.0,0.0,0.0,0.0,0.0,0.0,0.0,0.0,0.0,0.0,0.0
635,DOM-HIT,Zona Franca Hit,18.4418766,-69.65026915,2018.0,0.0,private,2006,0.0,0.0,0.0,0.0,0.0,0.0,0.0,0.0,0.0,0.0,0.0,0.0,0.0,0.0,0.0,0.0,0.0
636,DOM-HIT,Zona Franca Hit,18.4418766,-69.65026915,2018.0,0.0,private,2007,0.0,0.0,0.0,0.0,0.0,0.0,0.0,0.0,0.0,0.0,0.0,0.0,0.0,0.0,0.0,0.0,0.0
637,DOM-HIT,Zona Franca Hit,18.4418766,-69.65026915,2018.0,0.0,private,2008,0.0,0.0,0.0,0.0,0.0,0.0,0.0,0.0,0.0,0.0,0.0,0.0,0.0,0.0,0.0,0.0,0.0
638,DOM-HIT,Zona Franca Hit,18.4418766,-69.65026915,2018.0,0.0,private,2009,0.0,0.0,0.0,0.0,0.0,0.0,0.0,0.0,0.0,0.0,0.0,0.0,0.0,0.0,0.0,0.0,0.0
639,DOM-HIT,Zona Franca Hit,18.4418766,-69.65026915,2018.0,0.0,private,2010,0.0,0.0,0.0,0.0,0.0,0.0,0.0,0.0,0.0,0.0,0.0,0.0,0.0,0.0,0.0,0.0,0.0
640,DOM-HIT,Zona Franca Hit,18.4418766,-69.65026915,2018.0,0.0,private,2011,0.0,0.0,0.0,0.0,0.0,0.0,0.0,0.0,0.0,0.0,0.0,0.0,0.0,0.0,0.0,0.0,0.0
641,DOM-HIT,Zona Franca Hit,18.4418766,-69.65026915,2018.0,0.0,private,2012,0.0,0.0,0.0,0.0,0.0,0.0,0.0,0.0,0.0,0.0,0.0,0.0,0.0,0.0,0.0,0.0,0.0
642,DOM-HIT,Zona Franca Hit,18.4418766,-69.65026915,2018.0,0.0,private,2013,,,0.0,0.0,0.0,0.0,0.0,0.0,0.0,0.0,0.0,,,0.0,0.0,,
643,DOM-HIT,Zona Franca Hit,18.4418766,-69.65026915,2018.0,0.0,private,2014,0.0,0.0,0.0,0.0,0.0,0.0,0.0,0.0,0.0,0.0,0.0,0.0,0.0,0.0,0.0,0.0,0.0
644,DOM-HIT,Zona Franca Hit,18.4418766,-69.65026915,2018.0,0.0,private,2015,0.0,0.0,0.0,0.0,0.0,0.0,0.0,0.0,0.0,0.0,0.0,0.0,0.0,0.0,0.0,0.0,0.0
645,DOM-HIT,Zona Franca Hit,18.4418766,-69.65026915,2018.0,0.0,private,2016,0.0,0.0,0.0,0.0,0.0,0.0,0.0,0.0,0.0,0.0,0.0,0.0,0.0,0.0,0.0,0.0,0.0
663,DOM-INE,Parque Industrial INETAB ,19.48954984,-70.72195582,2016.0,0.0,private,2000,0.0,0.0,0.0,0.0,0.0,0.0,0.0,0.0,0.0,0.0,0.0,0.0,0.0,0.0,0.0,0.0,0.0
664,DOM-INE,Parque Industrial INETAB ,19.48954984,-70.72195582,2016.0,0.0,private,2001,0.0,0.0,0.0,0.0,0.0,0.0,0.0,0.0,0.0,0.0,0.0,0.0,0.0,0.0,0.0,0.0,0.0
665,DOM-INE,Parque Industrial INETAB ,19.48954984,-70.72195582,2016.0,0.0,private,2002,0.0,0.0,0.0,0.0,0.0,0.0,0.0,0.0,0.0,0.0,0.0,0.0,0.0,0.0,0.0,0.0,0.0
666,DOM-INE,Parque Industrial INETAB ,19.48954984,-70.72195582,2016.0,0.0,private,2003,0.0,0.0,0.0,0.0,0.0,0.0,0.0,0.0,0.0,0.0,0.0,0.0,0.0,0.0,0.0,0.0,0.0
667,DOM-INE,Parque Industrial INETAB ,19.48954984,-70.72195582,2016.0,0.0,private,2004,0.0,0.0,0.0,0.0,0.0,0.0,0.0,0.0,0.0,0.0,0.0,0.0,0.0,0.0,0.0,0.0,0.0
668,DOM-INE,Parque Industrial INETAB ,19.48954984,-70.72195582,2016.0,0.0,private,2005,0.0,0.0,0.0,0.0,0.0,0.0,0.0,0.0,0.0,0.0,0.0,0.0,0.0,0.0,0.0,0.0,0.0
669,DOM-INE,Parque Industrial INETAB ,19.48954984,-70.72195582,2016.0,0.0,private,2006,0.0,0.0,0.0,0.0,0.0,0.0,0.0,0.0,0.0,0.0,0.0,0.0,0.0,0.0,0.0,0.0,0.0
670,DOM-INE,Parque Industrial INETAB ,19.48954984,-70.72195582,2016.0,0.0,private,2007,0.0,0.0,0.0,0.0,0.0,0.0,0.0,0.0,0.0,0.0,0.0,0.0,0.0,0.0,0.0,0.0,0.0
671,DOM-INE,Parque Industrial INETAB ,19.48954984,-70.72195582,2016.0,0.0,private,2008,0.0,0.0,0.0,0.0,0.0,0.0,0.0,0.0,0.0,0.0,0.0,0.0,0.0,0.0,0.0,0.0,0.0
672,DOM-INE,Parque Industrial INETAB ,19.48954984,-70.72195582,2016.0,0.0,private,2009,0.0,0.0,0.0,0.0,0.0,0.0,0.0,0.0,0.0,0.0,0.0,0.0,0.0,0.0,0.0,0.0,0.0
673,DOM-INE,Parque Industrial INETAB ,19.48954984,-70.72195582,2016.0,0.0,private,2010,0.0,0.0,0.0,0.0,0.0,0.0,0.0,0.0,0.0,0.0,0.0,0.0,0.0,0.0,0.0,0.0,0.0
674,DOM-INE,Parque Industrial INETAB ,19.48954984,-70.72195582,2016.0,0.0,private,2011,0.0,0.0,0.0,0.0,0.0,0.0,0.0,0.0,0.0,0.0,0.0,0.0,0.0,0.0,0.0,0.0,0.0
675,DOM-INE,Parque Industrial INETAB ,19.48954984,-70.72195582,2016.0,0.0,private,2012,0.0,0.0,0.0,0.0,0.0,0.0,0.0,0.0,0.0,0.0,0.0,0.0,0.0,0.0,0.0,0.0,0.0
676,DOM-INE,Parque Industrial INETAB ,19.48954984,-70.72195582,2016.0,0.0,private,2013,,,0.0,0.0,0.0,0.0,0.0,0.0,0.0,0.0,0.0,,,0.0,0.0,,
677,DOM-INE,Parque Industrial INETAB ,19.48954984,-70.72195582,2016.0,0.0,private,2014,0.0,0.0,0.0,0.0,0.0,0.0,0.0,0.0,0.0,0.0,0.0,0.0,0.0,0.0,0.0,0.0,0.0
678,DOM-INE,Parque Industrial INETAB ,19.48954984,-70.72195582,2016.0,0.0,private,2015,0.0,0.0,0.0,0.0,0.0,0.0,0.0,0.0,0.0,0.0,0.0,0.0,0.0,0.0,0.0,0.0,0.0
679,DOM-INE,Parque Industrial INETAB ,19.48954984,-70.72195582,2016.0,0.0,private,2016,14.0,25.0,1268.17,10010.0,138.28,11357.78,1120.0,11243908.33,242896.24,242896.24,2.0,271.0,165.0,2165.13,6757.44,4.0,7.0
680,DOM-INF,ZF Ind. y de Servicios Norte Infiesto ,18.49179288,-69.98528116,2014.0,0.0,private,2000,0.0,0.0,0.0,0.0,0.0,0.0,0.0,0.0,0.0,0.0,0.0,0.0,0.0,0.0,0.0,0.0,0.0
681,DOM-INF,ZF Ind. y de Servicios Norte Infiesto ,18.49179288,-69.98528116,2014.0,0.0,private,2001,0.0,0.0,0.0,0.0,0.0,0.0,0.0,0.0,0.0,0.0,0.0,0.0,0.0,0.0,0.0,0.0,0.0
682,DOM-INF,ZF Ind. y de Servicios Norte Infiesto ,18.49179288,-69.98528116,2014.0,0.0,private,2002,0.0,0.0,0.0,0.0,0.0,0.0,0.0,0.0,0.0,0.0,0.0,0.0,0.0,0.0,0.0,0.0,0.0
683,DOM-INF,ZF Ind. y de Servicios Norte Infiesto ,18.49179288,-69.98528116,2014.0,0.0,private,2003,0.0,0.0,0.0,0.0,0.0,0.0,0.0,0.0,0.0,0.0,0.0,0.0,0.0,0.0,0.0,0.0,0.0
684,DOM-INF,ZF Ind. y de Servicios Norte Infiesto ,18.49179288,-69.98528116,2014.0,0.0,private,2004,0.0,0.0,0.0,0.0,0.0,0.0,0.0,0.0,0.0,0.0,0.0,0.0,0.0,0.0,0.0,0.0,0.0
685,DOM-INF,ZF Ind. y de Servicios Norte Infiesto ,18.49179288,-69.98528116,2014.0,0.0,private,2005,0.0,0.0,0.0,0.0,0.0,0.0,0.0,0.0,0.0,0.0,0.0,0.0,0.0,0.0,0.0,0.0,0.0
686,DOM-INF,ZF Ind. y de Servicios Norte Infiesto ,18.49179288,-69.98528116,2014.0,0.0,private,2006,0.0,0.0,0.0,0.0,0.0,0.0,0.0,0.0,0.0,0.0,0.0,0.0,0.0,0.0,0.0,0.0,0.0
687,DOM-INF,ZF Ind. y de Servicios Norte Infiesto ,18.49179288,-69.98528116,2014.0,0.0,private,2007,0.0,0.0,0.0,0.0,0.0,0.0,0.0,0.0,0.0,0.0,0.0,0.0,0.0,0.0,0.0,0.0,0.0
688,DOM-INF,ZF Ind. y de Servicios Norte Infiesto ,18.49179288,-69.98528116,2014.0,0.0,private,2008,0.0,0.0,0.0,0.0,0.0,0.0,0.0,0.0,0.0,0.0,0.0,0.0,0.0,0.0,0.0,0.0,0.0
689,DOM-INF,ZF Ind. y de Servicios Norte Infiesto ,18.49179288,-69.98528116,2014.0,0.0,private,2009,0.0,0.0,0.0,0.0,0.0,0.0,0.0,0.0,0.0,0.0,0.0,0.0,0.0,0.0,0.0,0.0,0.0
690,DOM-INF,ZF Ind. y de Servicios Norte Infiesto ,18.49179288,-69.98528116,2014.0,0.0,private,2010,0.0,0.0,0.0,0.0,0.0,0.0,0.0,0.0,0.0,0.0,0.0,0.0,0.0,0.0,0.0,0.0,0.0
691,DOM-INF,ZF Ind. y de Servicios Norte Infiesto ,18.49179288,-69.98528116,2014.0,0.0,private,2011,0.0,0.0,0.0,0.0,0.0,0.0,0.0,0.0,0.0,0.0,0.0,0.0,0.0,0.0,0.0,0.0,0.0
692,DOM-INF,ZF Ind. y de Servicios Norte Infiesto ,18.49179288,-69.98528116,2014.0,0.0,private,2012,0.0,0.0,0.0,0.0,0.0,0.0,0.0,0.0,0.0,0.0,0.0,0.0,0.0,0.0,0.0,0.0,0.0
693,DOM-INF,ZF Ind. y de Servicios Norte Infiesto ,18.49179288,-69.98528116,2014.0,0.0,private,2013,,,0.0,0.0,0.0,0.0,0.0,0.0,0.0,0.0,0.0,,,0.0,0.0,,
694,DOM-INF,ZF Ind. y de Servicios Norte Infiesto ,18.49179288,-69.98528116,2014.0,0.0,private,2014,1.0,2.0,0.0,180000.0,18000.0,631880.54,360000.0,201930.5,92105.6,92105.6,1.0,1.0,6.0,7000.0,0.0,0.0,0.0
695,DOM-INF,ZF Ind. y de Servicios Norte Infiesto ,18.49179288,-69.98528116,2014.0,0.0,private,2015,1.0,2.0,22350.0,231140.68,22353.52,465430.14,520311.87,201930.5,92105.6,92105.6,1.0,1.0,5.0,2800.0,0.0,0.0,0.0
696,DOM-INF,ZF Ind. y de Servicios Norte Infiesto ,18.49179288,-69.98528116,2014.0,0.0,private,2016,1.0,1.0,2.24,393.93,19.41,408.95,460.24,210000.0,92105.6,92105.6,1.0,1.0,5.0,3818.0,4826.0,0.0,1.0
697,DOM-INT,Interexport Free Zone ,18.21182991,-71.11042584,2010.0,0.0,private,2000,0.0,0.0,0.0,0.0,0.0,0.0,0.0,0.0,0.0,0.0,0.0,0.0,0.0,0.0,0.0,0.0,0.0
698,DOM-INT,Interexport Free Zone ,18.21182991,-71.11042584,2010.0,0.0,private,2001,0.0,0.0,0.0,0.0,0.0,0.0,0.0,0.0,0.0,0.0,0.0,0.0,0.0,0.0,0.0,0.0,0.0
699,DOM-INT,Interexport Free Zone ,18.21182991,-71.11042584,2010.0,0.0,private,2002,0.0,0.0,0.0,0.0,0.0,0.0,0.0,0.0,0.0,0.0,0.0,0.0,0.0,0.0,0.0,0.0,0.0
700,DOM-INT,Interexport Free Zone ,18.21182991,-71.11042584,2010.0,0.0,private,2003,0.0,0.0,0.0,0.0,0.0,0.0,0.0,0.0,0.0,0.0,0.0,0.0,0.0,0.0,0.0,0.0,0.0
701,DOM-INT,Interexport Free Zone ,18.21182991,-71.11042584,2010.0,0.0,private,2004,0.0,0.0,0.0,0.0,0.0,0.0,0.0,0.0,0.0,0.0,0.0,0.0,0.0,0.0,0.0,0.0,0.0
702,DOM-INT,Interexport Free Zone ,18.21182991,-71.11042584,2010.0,0.0,private,2005,0.0,0.0,0.0,0.0,0.0,0.0,0.0,0.0,0.0,0.0,0.0,0.0,0.0,0.0,0.0,0.0,0.0
703,DOM-INT,Interexport Free Zone ,18.21182991,-71.11042584,2010.0,0.0,private,2006,0.0,0.0,0.0,0.0,0.0,0.0,0.0,0.0,0.0,0.0,0.0,0.0,0.0,0.0,0.0,0.0,0.0
704,DOM-INT,Interexport Free Zone ,18.21182991,-71.11042584,2010.0,0.0,private,2007,0.0,0.0,0.0,0.0,0.0,0.0,0.0,0.0,0.0,0.0,0.0,0.0,0.0,0.0,0.0,0.0,0.0
705,DOM-INT,Interexport Free Zone ,18.21182991,-71.11042584,2010.0,0.0,private,2008,0.0,0.0,0.0,0.0,0.0,0.0,0.0,0.0,0.0,0.0,0.0,0.0,0.0,0.0,0.0,0.0,0.0
706,DOM-INT,Interexport Free Zone ,18.21182991,-71.11042584,2010.0,0.0,private,2009,0.0,0.0,0.0,0.0,0.0,0.0,0.0,0.0,0.0,0.0,0.0,0.0,0.0,0.0,0.0,0.0,0.0
707,DOM-INT,Interexport Free Zone ,18.21182991,-71.11042584,2010.0,0.0,private,2010,10.0,19.0,134412.0,746966.74,171005.0,3808915.65,1076580.0,45300000.0,73382.0,73382.0,1.0,0.0,113.0,1475.0,3600.0,0.0,47.0
708,DOM-INT,Interexport Free Zone ,18.21182991,-71.11042584,2010.0,0.0,private,2011,10.0,21.0,134563.2,3535691.11,245035.0,5137158.94,600000.0,46400000.0,73382.0,73382.0,1.0,0.0,157.0,1500.0,3700.0,0.0,47.0
709,DOM-INT,Interexport Free Zone ,18.21182991,-71.11042584,2010.0,0.0,private,2012,8.0,19.0,130000.0,3400000.0,230000.0,5703169.51,600000.0,46400000.0,73382.0,73382.0,1.0,0.0,141.0,1550.0,3700.0,0.0,40.0
710,DOM-INT,Interexport Free Zone ,18.21182991,-71.11042584,2010.0,0.0,private,2013,,,144000.0,11200000.0,340000.0,6629143.57,2552689.0,15267843.0,73382.93,73382.93,1.0,,,3610.0,10000.0,,
711,DOM-INT,Interexport Free Zone ,18.21182991,-71.11042584,2010.0,0.0,private,2014,13.0,22.0,131632.4,10511630.69,355468.0,7601807.78,2342975.73,5700000.0,73382.0,73382.0,1.0,0.0,95.0,3700.0,10200.0,0.0,104.0
712,DOM-INT,Interexport Free Zone ,18.21182991,-71.11042584,2010.0,0.0,private,2015,13.0,35.0,14856.23,9318612.86,337506.37,7497175.6,2184808.93,5700000.0,73382.0,73382.0,1.0,0.0,135.0,2000.0,4119.0,0.0,42.0
713,DOM-INT,Interexport Free Zone ,18.21182991,-71.11042584,2010.0,0.0,private,2016,11.0,36.0,16.39,10632.05,394.7,8950.48,2082.57,7300000.0,73382.0,73382.0,1.0,0.0,157.0,2078.0,4119.0,0.0,41.0
714,DOM-ISI,San Isidro ,18.50033327,-69.7873092,1986.0,0.0,private,2000,201.0,149.0,757785.81,31646223.4,5325528.84,17460230.61,0.0,66947689.9,900000.0,810944.0,26.0,3185.0,2059.0,687.24,1509.77,1171.0,705.0
715,DOM-ISI,San Isidro ,18.50033327,-69.7873092,1986.0,0.0,private,2001,289.0,241.0,1092184.99,37173666.23,3489325.33,18061333.76,0.0,80277740.85,973647.0,973647.0,36.0,3615.0,1530.0,721.14,1893.87,893.0,715.0
716,DOM-ISI,San Isidro ,18.50033327,-69.7873092,1986.0,0.0,private,2002,267.0,278.0,1209174.76,39847745.24,3891923.61,20355128.26,0.0,80359019.37,1123787.0,995606.0,37.0,3276.0,1160.0,743.91,1815.64,1187.0,920.0
717,DOM-ISI,San Isidro ,18.50033327,-69.7873092,1986.0,0.0,private,2003,258.0,236.0,1651186.39,76825402.54,4772733.2,19598138.37,25973656.16,88929794.99,1164304.0,1083653.0,40.0,3371.0,1478.0,1116.47,2642.12,1353.0,1573.0
718,DOM-ISI,San Isidro ,18.50033327,-69.7873092,1986.0,0.0,private,2004,257.0,379.0,2365592.24,168897478.6,8347091.28,15039551.66,40913432.72,119380624.7,1169994.6,1169994.6,42.0,3607.0,3250.0,1307.96,3094.52,973.0,1154.0
719,DOM-ISI,San Isidro ,18.50033327,-69.7873092,1986.0,0.0,private,2005,283.0,328.0,2224881.78,117089825.7,6835304.55,13508504.63,52040178.21,146063919.8,1188543.36,1188543.36,42.0,4116.0,2042.0,1437.19,3349.5,364.0,537.0
720,DOM-ISI,San Isidro ,18.50033327,-69.7873092,1986.0,0.0,private,2006,329.0,333.0,2222645.17,113312390.4,8214332.99,12164657.93,42519465.27,144863643.0,1281783.96,1132779.95,35.0,4145.0,2494.0,1539.45,3246.17,401.0,828.0
721,DOM-ISI,San Isidro ,18.50033327,-69.7873092,1986.0,0.0,private,2007,361.0,380.0,2717371.32,146519634.5,10692956.55,94221029.94,66325717.37,149106646.7,1311572.06,1193031.14,38.0,4050.0,2061.0,1563.31,3566.23,581.0,834.0
722,DOM-ISI,San Isidro ,18.50033327,-69.7873092,1986.0,0.0,private,2008,299.0,269.0,5353475.48,139838599.5,12002827.39,218994541.8,86535330.7,133164130.9,1377095.03,1297573.2,38.0,4676.0,2344.0,1647.71,3744.22,628.0,1138.0
723,DOM-ISI,San Isidro ,18.50033327,-69.7873092,1986.0,0.0,private,2009,291.0,202.0,2437470.02,143815211.4,9861386.33,411432905.9,74765997.22,127627579.5,1377095.03,1224533.52,37.0,4147.0,2289.0,1926.93,4410.48,663.0,1077.0
724,DOM-ISI,San Isidro ,18.50033327,-69.7873092,1986.0,0.0,private,2010,358.0,303.0,2484410.69,153059641.0,12653971.77,389491791.6,71732684.29,138930602.0,1444060.68,1343361.28,39.0,4882.0,2943.0,2235.0,4981.44,744.0,1226.0
725,DOM-ISI,San Isidro ,18.50033327,-69.7873092,1986.0,0.0,private,2011,313.0,322.0,2376390.64,192686630.6,14663263.75,412295561.0,108673423.5,160469275.9,1444060.68,1230581.95,34.0,5307.0,3091.0,2079.84,4674.14,491.0,853.0
726,DOM-ISI,San Isidro ,18.50033327,-69.7873092,1986.0,0.0,private,2012,307.0,300.0,3962188.82,221826562.5,27454926.47,293276150.9,39959027.02,173580748.7,1616489.32,1237278.31,31.0,5449.0,3221.0,1945.32,4981.46,569.0,1001.0
727,DOM-ISI,San Isidro ,18.50033327,-69.7873092,1986.0,0.0,private,2013,,,3436959.51,220033255.5,20581817.62,455073620.2,39386233.22,193516526.9,1617488.85,1321595.88,32.0,,,2202.15,4931.33,,
728,DOM-ISI,San Isidro ,18.50033327,-69.7873092,1986.0,0.0,private,2014,335.0,364.0,3881109.81,291017114.6,25885097.88,468762268.2,31533448.28,267320687.0,1617488.85,1460680.0,34.0,5253.0,2077.0,2219.47,4927.78,1385.0,1925.0
729,DOM-ISI,San Isidro ,18.50033327,-69.7873092,1986.0,0.0,private,2015,376.0,410.0,2787900.23,304271060.5,22991903.43,588972991.2,57163142.31,209311735.1,1549454.35,1290113.02,33.0,5416.0,2015.0,2388.04,5508.69,1170.0,2093.0
730,DOM-ISI,San Isidro ,18.50033327,-69.7873092,1986.0,0.0,private,2016,378.0,352.0,2739.7,275492.7,19965.49,475700.78,43754.95,185910845.6,1586270.31,1286412.35,32.0,4076.0,3556.0,2485.39,5284.14,1233.0,2009.0
748,DOM-JAN,Ecopark Industrial Free Zone ,19.43705956,-70.70483542,1997.0,0.0,private,2000,6.0,11.0,0.0,1920000.0,0.0,0.0,0.0,10200000.0,140000.0,108307.0,2.0,30.0,196.0,705.0,2843.98,5.0,17.0
749,DOM-JAN,Ecopark Industrial Free Zone ,19.43705956,-70.70483542,1997.0,0.0,private,2001,18.0,43.0,552421.93,6760855.85,175778.0,756000.0,0.0,18605411.0,140000.0,140000.0,3.0,156.0,330.0,704.87,1600.33,1.0,35.0
750,DOM-JAN,Ecopark Industrial Free Zone ,19.43705956,-70.70483542,1997.0,0.0,private,2002,6.0,3.0,580000.0,7200000.0,1080000.0,900000.0,0.0,18042060.0,140000.0,140000.0,2.0,109.0,424.0,818.75,1836.0,9.0,16.0
751,DOM-JAN,Ecopark Industrial Free Zone ,19.43705956,-70.70483542,1997.0,0.0,private,2003,117.0,66.0,513944.02,18533222.7,487847.8,3155411.87,1562350.12,16141588.76,200000.0,200000.0,2.0,184.0,595.0,1217.98,1345.01,74.0,114.0
752,DOM-JAN,Ecopark Industrial Free Zone ,19.43705956,-70.70483542,1997.0,0.0,private,2004,113.0,64.0,956347.0,30313416.0,754210.42,3798224.0,1659158.07,16141588.76,200000.0,200000.0,2.0,390.0,761.0,1225.0,1486.97,62.0,231.0
753,DOM-JAN,Ecopark Industrial Free Zone ,19.43705956,-70.70483542,1997.0,0.0,private,2005,65.0,29.0,2322318.6,33049721.8,1177780.2,3615864.3,3194773.2,29218513.96,200000.0,200000.0,3.0,256.0,729.0,1394.47,3107.5,86.0,157.0
754,DOM-JAN,Ecopark Industrial Free Zone ,19.43705956,-70.70483542,1997.0,0.0,private,2006,22.0,55.0,2393837.98,30372231.57,1166095.12,3488336.13,3439315.11,31297739.0,200000.0,200000.0,3.0,468.0,608.0,1072.54,3352.33,20.0,47.0
755,DOM-JAN,Ecopark Industrial Free Zone ,19.43705956,-70.70483542,1997.0,0.0,private,2007,16.0,46.0,1471836.0,31935192.65,1135998.67,9462968.92,3663069.4,28167965.1,200000.0,200000.0,3.0,374.0,486.0,1322.66,3680.75,18.0,36.0
756,DOM-JAN,Ecopark Industrial Free Zone ,19.43705956,-70.70483542,1997.0,0.0,private,2008,3.0,0.0,251632.16,2655783.4,132451.56,2861072.95,111470.0,285600.0,200000.0,60847.26,1.0,78.0,93.0,1350.0,4500.0,1.0,2.0
757,DOM-JAN,Ecopark Industrial Free Zone ,19.43705956,-70.70483542,1997.0,0.0,private,2009,6.0,4.0,161609.4,3490166.16,124002.0,3116546.99,237844.93,4657734.25,284071.0,191764.0,2.0,118.0,185.0,1630.0,4350.0,2.0,5.0
758,DOM-JAN,Ecopark Industrial Free Zone ,19.43705956,-70.70483542,1997.0,0.0,private,2010,14.0,18.0,615072.58,13945897.54,334097.4,8668598.43,697056.73,11426448.0,284071.0,191764.0,2.0,51.0,164.0,1615.0,4650.0,0.0,12.0
759,DOM-JAN,Ecopark Industrial Free Zone ,19.43705956,-70.70483542,1997.0,0.0,private,2011,15.0,23.0,783814.74,18071842.11,386102.2,10224814.6,801517.7,5473432.9,284071.0,191764.0,2.0,115.0,241.0,1965.0,6200.0,0.0,13.0
760,DOM-JAN,Ecopark Industrial Free Zone ,19.43705956,-70.70483542,1997.0,0.0,private,2012,17.0,14.0,1146753.41,27578770.12,576502.72,11403839.62,1373811.47,15473775.0,284071.0,191764.0,2.0,123.0,232.0,2149.29,4770.09,0.0,42.0
761,DOM-JAN,Ecopark Industrial Free Zone ,19.43705956,-70.70483542,1997.0,0.0,private,2013,,,1063050.05,29306465.2,673044.2,18590770.49,1641925.27,17103479.83,217606.0,217606.0,2.0,,,2204.03,5496.0,,
762,DOM-JAN,Ecopark Industrial Free Zone ,19.43705956,-70.70483542,1997.0,0.0,private,2014,19.0,17.0,1144444.56,32100746.7,658344.27,12857526.61,1913365.94,17778662.4,217606.0,217606.0,3.0,1.0,228.0,1882.38,6040.67,3.0,48.0
763,DOM-JAN,Ecopark Industrial Free Zone ,19.43705956,-70.70483542,1997.0,0.0,private,2015,14.0,25.0,1161581.0,23618678.0,445562.22,19370105.96,1642602.0,19810494.0,217606.0,217606.0,3.0,20.0,282.0,2190.05,6561.18,15.0,81.0
764,DOM-JAN,Ecopark Industrial Free Zone ,19.43705956,-70.70483542,1997.0,0.0,private,2016,18.0,32.0,1222.73,24590.47,477.14,14091.49,1773.81,22017101.0,217606.0,217606.0,3.0,73.0,343.0,2231.2,7325.0,14.0,86.0
765,DOM-JOB,Zona Franca Jobo Industrial,19.47548577,-70.64268481,2015.0,0.0,private,2000,0.0,0.0,0.0,0.0,0.0,0.0,0.0,0.0,0.0,0.0,0.0,0.0,0.0,0.0,0.0,0.0,0.0
766,DOM-JOB,Zona Franca Jobo Industrial,19.47548577,-70.64268481,2015.0,0.0,private,2001,0.0,0.0,0.0,0.0,0.0,0.0,0.0,0.0,0.0,0.0,0.0,0.0,0.0,0.0,0.0,0.0,0.0
767,DOM-JOB,Zona Franca Jobo Industrial,19.47548577,-70.64268481,2015.0,0.0,private,2002,0.0,0.0,0.0,0.0,0.0,0.0,0.0,0.0,0.0,0.0,0.0,0.0,0.0,0.0,0.0,0.0,0.0
768,DOM-JOB,Zona Franca Jobo Industrial,19.47548577,-70.64268481,2015.0,0.0,private,2003,0.0,0.0,0.0,0.0,0.0,0.0,0.0,0.0,0.0,0.0,0.0,0.0,0.0,0.0,0.0,0.0,0.0
769,DOM-JOB,Zona Franca Jobo Industrial,19.47548577,-70.64268481,2015.0,0.0,private,2004,0.0,0.0,0.0,0.0,0.0,0.0,0.0,0.0,0.0,0.0,0.0,0.0,0.0,0.0,0.0,0.0,0.0
770,DOM-JOB,Zona Franca Jobo Industrial,19.47548577,-70.64268481,2015.0,0.0,private,2005,0.0,0.0,0.0,0.0,0.0,0.0,0.0,0.0,0.0,0.0,0.0,0.0,0.0,0.0,0.0,0.0,0.0
771,DOM-JOB,Zona Franca Jobo Industrial,19.47548577,-70.64268481,2015.0,0.0,private,2006,0.0,0.0,0.0,0.0,0.0,0.0,0.0,0.0,0.0,0.0,0.0,0.0,0.0,0.0,0.0,0.0,0.0
772,DOM-JOB,Zona Franca Jobo Industrial,19.47548577,-70.64268481,2015.0,0.0,private,2007,0.0,0.0,0.0,0.0,0.0,0.0,0.0,0.0,0.0,0.0,0.0,0.0,0.0,0.0,0.0,0.0,0.0
773,DOM-JOB,Zona Franca Jobo Industrial,19.47548577,-70.64268481,2015.0,0.0,private,2008,0.0,0.0,0.0,0.0,0.0,0.0,0.0,0.0,0.0,0.0,0.0,0.0,0.0,0.0,0.0,0.0,0.0
774,DOM-JOB,Zona Franca Jobo Industrial,19.47548577,-70.64268481,2015.0,0.0,private,2009,0.0,0.0,0.0,0.0,0.0,0.0,0.0,0.0,0.0,0.0,0.0,0.0,0.0,0.0,0.0,0.0,0.0
775,DOM-JOB,Zona Franca Jobo Industrial,19.47548577,-70.64268481,2015.0,0.0,private,2010,0.0,0.0,0.0,0.0,0.0,0.0,0.0,0.0,0.0,0.0,0.0,0.0,0.0,0.0,0.0,0.0,0.0
776,DOM-JOB,Zona Franca Jobo Industrial,19.47548577,-70.64268481,2015.0,0.0,private,2011,0.0,0.0,0.0,0.0,0.0,0.0,0.0,0.0,0.0,0.0,0.0,0.0,0.0,0.0,0.0,0.0,0.0
777,DOM-JOB,Zona Franca Jobo Industrial,19.47548577,-70.64268481,2015.0,0.0,private,2012,0.0,0.0,0.0,0.0,0.0,0.0,0.0,0.0,0.0,0.0,0.0,0.0,0.0,0.0,0.0,0.0,0.0
778,DOM-JOB,Zona Franca Jobo Industrial,19.47548577,-70.64268481,2015.0,0.0,private,2013,,,0.0,0.0,0.0,0.0,0.0,0.0,0.0,0.0,0.0,,,0.0,0.0,,
779,DOM-JOB,Zona Franca Jobo Industrial,19.47548577,-70.64268481,2015.0,0.0,private,2014,0.0,0.0,0.0,0.0,0.0,0.0,0.0,0.0,0.0,0.0,0.0,0.0,0.0,0.0,0.0,0.0,0.0
780,DOM-JOB,Zona Franca Jobo Industrial,19.47548577,-70.64268481,2015.0,0.0,private,2015,5.0,4.0,6500.0,85000.0,10200.0,3437592.01,15300.0,235000.0,110000.0,110000.0,2.0,17.0,26.0,2000.0,3250.0,0.0,3.0
781,DOM-JOB,Zona Franca Jobo Industrial,19.47548577,-70.64268481,2015.0,0.0,private,2016,5.0,2.0,50.53,1360.0,47.17,1078.43,122.23,6534700.0,110000.0,110000.0,2.0,6.0,17.0,2208.98,3630.6,0.0,6.0
799,DOM-KGC,Parque Ind. KG Compania Comercial,19.5498392,-70.84249449,2014.0,0.0,private,2000,0.0,0.0,0.0,0.0,0.0,0.0,0.0,0.0,0.0,0.0,0.0,0.0,0.0,0.0,0.0,0.0,0.0
800,DOM-KGC,Parque Ind. KG Compania Comercial,19.5498392,-70.84249449,2014.0,0.0,private,2001,0.0,0.0,0.0,0.0,0.0,0.0,0.0,0.0,0.0,0.0,0.0,0.0,0.0,0.0,0.0,0.0,0.0
801,DOM-KGC,Parque Ind. KG Compania Comercial,19.5498392,-70.84249449,2014.0,0.0,private,2002,0.0,0.0,0.0,0.0,0.0,0.0,0.0,0.0,0.0,0.0,0.0,0.0,0.0,0.0,0.0,0.0,0.0
802,DOM-KGC,Parque Ind. KG Compania Comercial,19.5498392,-70.84249449,2014.0,0.0,private,2003,0.0,0.0,0.0,0.0,0.0,0.0,0.0,0.0,0.0,0.0,0.0,0.0,0.0,0.0,0.0,0.0,0.0
803,DOM-KGC,Parque Ind. KG Compania Comercial,19.5498392,-70.84249449,2014.0,0.0,private,2004,0.0,0.0,0.0,0.0,0.0,0.0,0.0,0.0,0.0,0.0,0.0,0.0,0.0,0.0,0.0,0.0,0.0
804,DOM-KGC,Parque Ind. KG Compania Comercial,19.5498392,-70.84249449,2014.0,0.0,private,2005,0.0,0.0,0.0,0.0,0.0,0.0,0.0,0.0,0.0,0.0,0.0,0.0,0.0,0.0,0.0,0.0,0.0
805,DOM-KGC,Parque Ind. KG Compania Comercial,19.5498392,-70.84249449,2014.0,0.0,private,2006,0.0,0.0,0.0,0.0,0.0,0.0,0.0,0.0,0.0,0.0,0.0,0.0,0.0,0.0,0.0,0.0,0.0
806,DOM-KGC,Parque Ind. KG Compania Comercial,19.5498392,-70.84249449,2014.0,0.0,private,2007,0.0,0.0,0.0,0.0,0.0,0.0,0.0,0.0,0.0,0.0,0.0,0.0,0.0,0.0,0.0,0.0,0.0
807,DOM-KGC,Parque Ind. KG Compania Comercial,19.5498392,-70.84249449,2014.0,0.0,private,2008,0.0,0.0,0.0,0.0,0.0,0.0,0.0,0.0,0.0,0.0,0.0,0.0,0.0,0.0,0.0,0.0,0.0
808,DOM-KGC,Parque Ind. KG Compania Comercial,19.5498392,-70.84249449,2014.0,0.0,private,2009,0.0,0.0,0.0,0.0,0.0,0.0,0.0,0.0,0.0,0.0,0.0,0.0,0.0,0.0,0.0,0.0,0.0
809,DOM-KGC,Parque Ind. KG Compania Comercial,19.5498392,-70.84249449,2014.0,0.0,private,2010,0.0,0.0,0.0,0.0,0.0,0.0,0.0,0.0,0.0,0.0,0.0,0.0,0.0,0.0,0.0,0.0,0.0
810,DOM-KGC,Parque Ind. KG Compania Comercial,19.5498392,-70.84249449,2014.0,0.0,private,2011,0.0,0.0,0.0,0.0,0.0,0.0,0.0,0.0,0.0,0.0,0.0,0.0,0.0,0.0,0.0,0.0,0.0
811,DOM-KGC,Parque Ind. KG Compania Comercial,19.5498392,-70.84249449,2014.0,0.0,private,2012,0.0,0.0,0.0,0.0,0.0,0.0,0.0,0.0,0.0,0.0,0.0,0.0,0.0,0.0,0.0,0.0,0.0
812,DOM-KGC,Parque Ind. KG Compania Comercial,19.5498392,-70.84249449,2014.0,0.0,private,2013,,,0.0,0.0,0.0,0.0,0.0,0.0,0.0,0.0,0.0,,,0.0,0.0,,
813,DOM-KGC,Parque Ind. KG Compania Comercial,19.5498392,-70.84249449,2014.0,0.0,private,2014,3.0,1.0,71029.07,175472.76,264878.0,5755292.16,225504.08,2658123.3,48300.0,48300.0,1.0,323.0,60.0,1900.0,4000.0,0.0,5.0
814,DOM-KGC,Parque Ind. KG Compania Comercial,19.5498392,-70.84249449,2014.0,0.0,private,2015,4.0,1.0,73420.06,182851.78,296012.0,6504848.16,306934.45,2691026.9,52821.0,52821.0,1.0,364.0,64.0,2056.0,4200.0,0.0,5.0
815,DOM-KGC,Parque Ind. KG Compania Comercial,19.5498392,-70.84249449,2014.0,0.0,private,2016,3.0,1.0,6.0,183.44,239.11,5001.6,283.01,1378419.0,52821.0,52821.0,1.0,286.0,53.0,2070.0,4200.0,0.0,3.0
833,DOM-LAS,Las Americas ,18.46024249,-69.7068226,1989.0,0.0,private,2000,481.0,426.0,659109.0,39819296.51,3828482.0,18075614.0,0.0,106989708.0,1200000.0,1200000.0,19.0,5721.0,3052.0,637.65,2002.17,206.0,349.0
834,DOM-LAS,Las Americas ,18.46024249,-69.7068226,1989.0,0.0,private,2001,280.0,335.0,1056567.94,47191306.25,4016915.25,54461047.49,0.0,129646562.0,1193592.0,1174335.0,20.0,5035.0,2651.0,821.14,1926.11,364.0,371.0
835,DOM-LAS,Las Americas ,18.46024249,-69.7068226,1989.0,0.0,private,2002,340.0,383.0,1136512.06,55145120.07,4140679.86,36699902.02,0.0,135824379.2,1136891.0,1030903.0,21.0,5500.0,2854.0,726.3,1872.13,185.0,291.0
836,DOM-LAS,Las Americas ,18.46024249,-69.7068226,1989.0,0.0,private,2003,332.0,388.0,2031771.94,89759303.35,4603336.69,19479075.1,13600259.12,139389061.7,1136891.0,1136891.0,18.0,5335.0,3420.0,940.37,2466.1,373.0,288.0
837,DOM-LAS,Las Americas ,18.46024249,-69.7068226,1989.0,0.0,private,2004,332.0,415.0,3096066.94,139655957.0,6526259.0,32545714.87,18415056.64,185309783.6,1390819.85,1390819.85,22.0,5860.0,3689.0,1085.49,2613.05,320.0,549.0
838,DOM-LAS,Las Americas ,18.46024249,-69.7068226,1989.0,0.0,private,2005,313.0,381.0,4128403.43,161252682.0,8250162.38,32098790.74,22157331.78,181067451.1,1406078.05,1363211.42,23.0,5611.0,3604.0,1222.53,2884.53,298.0,737.0
839,DOM-LAS,Las Americas ,18.46024249,-69.7068226,1989.0,0.0,private,2006,366.0,375.0,4335997.8,182068757.3,9630952.12,19939434.03,24776671.92,197337263.0,1433942.56,1398034.37,22.0,5816.0,3540.0,1571.95,3928.73,421.0,719.0
840,DOM-LAS,Las Americas ,18.46024249,-69.7068226,1989.0,0.0,private,2007,421.0,668.0,5390349.74,226515732.7,11418837.77,82758069.47,26473088.44,184298723.9,1509756.37,1509756.37,23.0,5330.0,3713.0,1703.15,4345.44,443.0,735.0
841,DOM-LAS,Las Americas ,18.46024249,-69.7068226,1989.0,0.0,private,2008,437.0,632.0,4833209.31,183340508.6,12706874.59,320520331.0,24558280.98,368203479.7,1556161.04,1490595.62,23.0,6757.0,4070.0,1719.97,3306.37,574.0,619.0
842,DOM-LAS,Las Americas ,18.46024249,-69.7068226,1989.0,0.0,private,2009,352.0,559.0,3545105.17,184663047.5,10989941.71,183177753.7,20264154.81,410015315.9,1625617.59,1552422.89,22.0,6296.0,2445.0,1660.91,4126.97,645.0,712.0
843,DOM-LAS,Las Americas ,18.46024249,-69.7068226,1989.0,0.0,private,2010,330.0,441.0,3022288.53,148893774.2,10669461.19,212243524.6,16907982.24,393617488.6,1625617.59,1178022.88,21.0,5701.0,2991.0,1690.91,4124.22,623.0,824.0
844,DOM-LAS,Las Americas ,18.46024249,-69.7068226,1989.0,0.0,private,2011,361.0,495.0,3809589.07,187574926.9,12122941.99,220785052.0,23002757.29,357020442.4,1625617.59,1307209.33,25.0,6449.0,2402.0,1801.59,4196.55,458.0,836.0
845,DOM-LAS,Las Americas ,18.46024249,-69.7068226,1989.0,0.0,private,2012,370.0,480.0,3990137.71,217385839.1,13698401.94,229389506.7,20807743.47,342177049.4,1628263.92,1240384.81,23.0,6893.0,2385.0,1851.55,4372.81,540.0,906.0
846,DOM-LAS,Las Americas ,18.46024249,-69.7068226,1989.0,0.0,private,2013,,,3851365.74,25912209.5,16200357.34,255825296.2,26736742.44,405978614.9,1657963.19,1353201.78,24.0,,,1982.76,4995.19,,
847,DOM-LAS,Las Americas ,18.46024249,-69.7068226,1989.0,0.0,private,2014,484.0,612.0,3707055.18,243770121.4,16453650.06,378837030.9,28663996.9,356027384.7,1699062.37,1554553.83,24.0,7449.0,2473.0,2439.19,5024.97,402.0,729.0
848,DOM-LAS,Las Americas ,18.46024249,-69.7068226,1989.0,0.0,private,2015,517.0,487.0,4337957.99,280476699.9,18741943.54,463645784.0,36698243.86,333853320.5,1638117.54,1638117.54,25.0,7918.0,2647.0,2689.76,4865.58,611.0,839.0
849,DOM-LAS,Las Americas ,18.46024249,-69.7068226,1989.0,0.0,private,2016,429.0,397.0,3484.4,247328.3,18492.23,411903.86,40217.23,383936907.5,1638117.54,1638117.54,26.0,7475.0,2615.0,2990.45,5713.0,783.0,1040.0
850,DOM-LEO,Parque Industrial Eduardo Leon Jimenes ,19.46227703,-70.671318,2018.0,0.0,private,2000,0.0,0.0,0.0,0.0,0.0,0.0,0.0,0.0,0.0,0.0,0.0,0.0,0.0,0.0,0.0,0.0,0.0
851,DOM-LEO,Parque Industrial Eduardo Leon Jimenes ,19.46227703,-70.671318,2018.0,0.0,private,2001,0.0,0.0,0.0,0.0,0.0,0.0,0.0,0.0,0.0,0.0,0.0,0.0,0.0,0.0,0.0,0.0,0.0
852,DOM-LEO,Parque Industrial Eduardo Leon Jimenes ,19.46227703,-70.671318,2018.0,0.0,private,2002,0.0,0.0,0.0,0.0,0.0,0.0,0.0,0.0,0.0,0.0,0.0,0.0,0.0,0.0,0.0,0.0,0.0
853,DOM-LEO,Parque Industrial Eduardo Leon Jimenes ,19.46227703,-70.671318,2018.0,0.0,private,2003,0.0,0.0,0.0,0.0,0.0,0.0,0.0,0.0,0.0,0.0,0.0,0.0,0.0,0.0,0.0,0.0,0.0
854,DOM-LEO,Parque Industrial Eduardo Leon Jimenes ,19.46227703,-70.671318,2018.0,0.0,private,2004,0.0,0.0,0.0,0.0,0.0,0.0,0.0,0.0,0.0,0.0,0.0,0.0,0.0,0.0,0.0,0.0,0.0
855,DOM-LEO,Parque Industrial Eduardo Leon Jimenes ,19.46227703,-70.671318,2018.0,0.0,private,2005,0.0,0.0,0.0,0.0,0.0,0.0,0.0,0.0,0.0,0.0,0.0,0.0,0.0,0.0,0.0,0.0,0.0
856,DOM-LEO,Parque Industrial Eduardo Leon Jimenes ,19.46227703,-70.671318,2018.0,0.0,private,2006,0.0,0.0,0.0,0.0,0.0,0.0,0.0,0.0,0.0,0.0,0.0,0.0,0.0,0.0,0.0,0.0,0.0
857,DOM-LEO,Parque Industrial Eduardo Leon Jimenes ,19.46227703,-70.671318,2018.0,0.0,private,2007,0.0,0.0,0.0,0.0,0.0,0.0,0.0,0.0,0.0,0.0,0.0,0.0,0.0,0.0,0.0,0.0,0.0
858,DOM-LEO,Parque Industrial Eduardo Leon Jimenes ,19.46227703,-70.671318,2018.0,0.0,private,2008,0.0,0.0,0.0,0.0,0.0,0.0,0.0,0.0,0.0,0.0,0.0,0.0,0.0,0.0,0.0,0.0,0.0
859,DOM-LEO,Parque Industrial Eduardo Leon Jimenes ,19.46227703,-70.671318,2018.0,0.0,private,2009,0.0,0.0,0.0,0.0,0.0,0.0,0.0,0.0,0.0,0.0,0.0,0.0,0.0,0.0,0.0,0.0,0.0
860,DOM-LEO,Parque Industrial Eduardo Leon Jimenes ,19.46227703,-70.671318,2018.0,0.0,private,2010,0.0,0.0,0.0,0.0,0.0,0.0,0.0,0.0,0.0,0.0,0.0,0.0,0.0,0.0,0.0,0.0,0.0
861,DOM-LEO,Parque Industrial Eduardo Leon Jimenes ,19.46227703,-70.671318,2018.0,0.0,private,2011,0.0,0.0,0.0,0.0,0.0,0.0,0.0,0.0,0.0,0.0,0.0,0.0,0.0,0.0,0.0,0.0,0.0
862,DOM-LEO,Parque Industrial Eduardo Leon Jimenes ,19.46227703,-70.671318,2018.0,0.0,private,2012,0.0,0.0,0.0,0.0,0.0,0.0,0.0,0.0,0.0,0.0,0.0,0.0,0.0,0.0,0.0,0.0,0.0
863,DOM-LEO,Parque Industrial Eduardo Leon Jimenes ,19.46227703,-70.671318,2018.0,0.0,private,2013,,,0.0,0.0,0.0,0.0,0.0,0.0,0.0,0.0,0.0,,,0.0,0.0,,
864,DOM-LEO,Parque Industrial Eduardo Leon Jimenes ,19.46227703,-70.671318,2018.0,0.0,private,2014,0.0,0.0,0.0,0.0,0.0,0.0,0.0,0.0,0.0,0.0,0.0,0.0,0.0,0.0,0.0,0.0,0.0
865,DOM-LEO,Parque Industrial Eduardo Leon Jimenes ,19.46227703,-70.671318,2018.0,0.0,private,2015,0.0,0.0,0.0,0.0,0.0,0.0,0.0,0.0,0.0,0.0,0.0,0.0,0.0,0.0,0.0,0.0,0.0
866,DOM-LEO,Parque Industrial Eduardo Leon Jimenes ,19.46227703,-70.671318,2018.0,0.0,private,2016,0.0,0.0,0.0,0.0,0.0,0.0,0.0,0.0,0.0,0.0,0.0,0.0,0.0,0.0,0.0,0.0,0.0
867,DOM-LIM,El Limonal ,19.44195379,-70.63858151,2005.0,0.0,private,2000,0.0,0.0,0.0,0.0,0.0,0.0,0.0,0.0,0.0,0.0,0.0,0.0,0.0,0.0,0.0,0.0,0.0
868,DOM-LIM,El Limonal ,19.44195379,-70.63858151,2005.0,0.0,private,2001,0.0,0.0,0.0,0.0,0.0,0.0,0.0,0.0,0.0,0.0,0.0,0.0,0.0,0.0,0.0,0.0,0.0
869,DOM-LIM,El Limonal ,19.44195379,-70.63858151,2005.0,0.0,private,2002,0.0,0.0,0.0,0.0,0.0,0.0,0.0,0.0,0.0,0.0,0.0,0.0,0.0,0.0,0.0,0.0,0.0
870,DOM-LIM,El Limonal ,19.44195379,-70.63858151,2005.0,0.0,private,2003,0.0,0.0,0.0,0.0,0.0,0.0,0.0,0.0,0.0,0.0,0.0,0.0,0.0,0.0,0.0,0.0,0.0
871,DOM-LIM,El Limonal ,19.44195379,-70.63858151,2005.0,0.0,private,2004,0.0,0.0,0.0,0.0,0.0,0.0,0.0,0.0,0.0,0.0,0.0,0.0,0.0,0.0,0.0,0.0,0.0
872,DOM-LIM,El Limonal ,19.44195379,-70.63858151,2005.0,0.0,private,2005,8.0,15.0,31314.0,342221.0,215746.39,167796.0,478261.38,3816492.03,40199.0,40199.0,3.0,127.0,105.0,1158.99,1962.61,6.0,17.0
873,DOM-LIM,El Limonal ,19.44195379,-70.63858151,2005.0,0.0,private,2006,9.0,10.0,0.0,43391834.21,863991.31,860031.1,1722712.0,4198206.6,40199.0,40199.0,3.0,109.0,75.0,1300.0,1833.33,3.0,12.0
874,DOM-LIM,El Limonal ,19.44195379,-70.63858151,2005.0,0.0,private,2007,10.0,10.0,0.0,0.0,147455.11,1068882.06,368812.75,4049887.1,40219.0,40219.0,3.0,59.0,72.0,1726.75,2508.46,2.0,7.0
875,DOM-LIM,El Limonal ,19.44195379,-70.63858151,2005.0,0.0,private,2008,9.0,10.0,0.0,0.0,114186.46,3069128.87,321598.37,2848669.88,40219.0,40219.0,3.0,61.0,69.0,1926.93,2626.23,2.0,8.0
876,DOM-LIM,El Limonal ,19.44195379,-70.63858151,2005.0,0.0,private,2009,7.0,6.0,0.0,0.0,107114.0,693746.23,333102.0,3777074.21,40219.0,40219.0,2.0,62.0,100.0,1600.0,4098.0,3.0,7.0
877,DOM-LIM,El Limonal ,19.44195379,-70.63858151,2005.0,0.0,private,2010,6.0,2.0,0.0,0.0,160265.75,4102334.28,418396.0,5526995.41,46445.0,46445.0,2.0,80.0,70.0,2050.0,3903.0,6.0,10.0
878,DOM-LIM,El Limonal ,19.44195379,-70.63858151,2005.0,0.0,private,2011,6.0,2.0,0.0,0.0,194796.0,0.0,361723.0,5087227.7,46445.0,46445.0,2.0,134.0,106.0,1800.0,3300.0,6.0,11.0
879,DOM-LIM,El Limonal ,19.44195379,-70.63858151,2005.0,0.0,private,2012,7.0,5.0,0.0,0.0,161892.0,4622677.78,407652.0,5087227.7,75000.0,75000.0,2.0,67.0,36.0,1800.0,3300.0,9.0,12.0
880,DOM-LIM,El Limonal ,19.44195379,-70.63858151,2005.0,0.0,private,2013,,,0.0,180000.0,400657.0,25942393.21,777916.19,5396532.18,75000.0,75000.0,4.0,,,1984.39,3233.33,,
881,DOM-LIM,El Limonal ,19.44195379,-70.63858151,2005.0,0.0,private,2014,24.0,24.0,470751.84,2811290.02,478989.87,7872473.7,1055349.74,7409162.0,75000.0,75000.0,6.0,165.0,125.0,2886.51,4205.25,5.0,22.0
882,DOM-LIM,El Limonal ,19.44195379,-70.63858151,2005.0,0.0,private,2015,26.0,17.0,569976.4,5150982.66,390261.39,9784219.92,1112253.18,3586845.4,75000.0,75000.0,5.0,155.0,63.0,2821.85,4340.74,5.0,15.0
883,DOM-LIM,El Limonal ,19.44195379,-70.63858151,2005.0,0.0,private,2016,25.0,23.0,57.24,8197.46,454.13,9995.44,1658.17,5604124.68,75000.0,75000.0,5.0,131.0,68.0,2381.51,4815.08,7.0,13.0
901,DOM-MAC,San Pedro de Macoris ,18.45274371,-69.28915784,1973.0,0.0,public,2000,325.0,318.0,696067.85,45780419.63,6340525.83,46509414.03,0.0,83818075.57,2439826.0,2407036.0,51.0,9442.0,6022.0,679.22,1497.67,676.0,958.0
902,DOM-MAC,San Pedro de Macoris ,18.45274371,-69.28915784,1973.0,0.0,public,2001,294.0,308.0,941548.7,42492996.64,49587329.02,40567674.67,0.0,77047150.49,2439826.0,2201865.0,54.0,9122.0,4671.0,730.36,1840.88,729.0,1089.0
903,DOM-MAC,San Pedro de Macoris ,18.45274371,-69.28915784,1973.0,0.0,public,2002,284.0,334.0,832889.6,45096382.52,6110219.77,40249781.28,0.0,69008769.12,2439826.0,2284135.0,49.0,9370.0,5127.0,738.79,1651.84,635.0,921.0
904,DOM-MAC,San Pedro de Macoris ,18.45274371,-69.28915784,1973.0,0.0,public,2003,299.0,340.0,1274951.86,83155099.4,5751414.08,36102364.97,12960394.39,83843844.0,2439826.0,2341862.0,52.0,9325.0,5012.0,881.92,1768.23,551.0,1106.0
905,DOM-MAC,San Pedro de Macoris ,18.45274371,-69.28915784,1973.0,0.0,public,2004,410.0,411.0,1792134.44,168840272.3,8752216.53,29957206.33,20734780.03,100904818.5,2431726.0,2431726.0,55.0,9995.0,5668.0,1128.62,2263.59,852.0,1185.0
906,DOM-MAC,San Pedro de Macoris ,18.45274371,-69.28915784,1973.0,0.0,public,2005,299.0,309.0,1766853.12,139794467.6,8063748.73,33295179.64,17971475.14,106283114.0,2431726.0,2242404.0,53.0,7075.0,4014.0,1219.91,2355.55,469.0,924.0
907,DOM-MAC,San Pedro de Macoris ,18.45274371,-69.28915784,1973.0,0.0,public,2006,231.0,306.0,1951867.2,101201162.9,8371382.54,26184091.22,16694728.7,104410800.5,2431726.0,2299373.0,42.0,6420.0,3287.0,1262.41,2541.07,431.0,760.0
908,DOM-MAC,San Pedro de Macoris ,18.45274371,-69.28915784,1973.0,0.0,public,2007,266.0,273.0,2290715.0,112400543.1,9183358.85,132387488.3,16454189.5,117742843.3,2431726.0,2204466.0,40.0,6543.0,2708.0,1393.5,2766.06,474.0,895.0
909,DOM-MAC,San Pedro de Macoris ,18.45274371,-69.28915784,1973.0,0.0,public,2008,276.0,299.0,1421141.21,121725770.0,7252105.62,178460231.2,17182123.84,98933247.8,2431726.0,2204466.0,42.0,4580.0,3559.0,1526.47,3136.07,454.0,762.0
910,DOM-MAC,San Pedro de Macoris ,18.45274371,-69.28915784,1973.0,0.0,public,2009,250.0,283.0,1938210.99,100969161.5,7202291.63,147644846.7,17544897.54,110444428.2,2431726.0,2336329.0,43.0,5213.0,2559.0,1525.7,3274.26,386.0,695.0
911,DOM-MAC,San Pedro de Macoris ,18.45274371,-69.28915784,1973.0,0.0,public,2010,261.0,298.0,1615155.36,135001450.1,8392928.24,208176476.8,15180371.45,105633982.4,2431726.0,2262372.0,38.0,5772.0,2718.0,1676.7,3625.8,443.0,808.0
912,DOM-MAC,San Pedro de Macoris ,18.45274371,-69.28915784,1973.0,0.0,public,2011,257.0,235.0,2729766.76,161665303.2,9061747.91,209165737.6,17741368.17,117392030.2,2431726.0,2355714.0,41.0,4966.0,2306.0,1696.06,3585.41,352.0,733.0
913,DOM-MAC,San Pedro de Macoris ,18.45274371,-69.28915784,1973.0,0.0,public,2012,275.0,243.0,2244070.84,188382145.5,12063316.06,195300219.7,17642783.18,133914998.3,3059519.26,2844507.84,40.0,4933.0,2358.0,1931.32,3910.83,439.0,867.0
914,DOM-MAC,San Pedro de Macoris ,18.45274371,-69.28915784,1973.0,0.0,public,2013,,,2410798.68,186522155.5,9519604.56,227796382.3,17372439.8,125926492.5,2823599.09,2655473.46,39.0,,,2064.54,4401.23,,
915,DOM-MAC,San Pedro de Macoris ,18.45274371,-69.28915784,1973.0,0.0,public,2014,288.0,341.0,2317914.65,221808160.3,11669026.33,243711653.3,19988840.02,148635877.4,2823599.09,2674042.13,39.0,5478.0,2770.0,2145.03,4517.71,303.0,788.0
916,DOM-MAC,San Pedro de Macoris ,18.45274371,-69.28915784,1973.0,0.0,public,2015,327.0,416.0,2166360.47,212345332.3,14631933.08,305064307.3,17902622.64,288228578.3,2823599.09,2793741.96,41.0,6346.0,3200.0,2329.66,4704.03,340.0,1035.0
917,DOM-MAC,San Pedro de Macoris ,18.45274371,-69.28915784,1973.0,0.0,public,2016,339.0,466.0,2873.28,208110.17,14814.92,354985.98,24336.08,306711790.8,3199449.9,3028019.11,40.0,6275.0,3132.0,2417.01,5012.79,337.0,985.0
952,DOM-MEL,Villa Mella ,18.522265,-69.90166418,1989.0,0.0,public,2000,107.0,31.0,104220.0,6796128.3,998486.48,10408004.0,0.0,33528000.0,400209.0,400209.0,2.0,3089.0,121.0,825.0,2500.0,400.0,247.0
953,DOM-MEL,Villa Mella ,18.522265,-69.90166418,1989.0,0.0,public,2001,35.0,36.0,99000.0,6283739.67,1206755.16,6326465.86,0.0,32130784.0,400289.32,338988.0,2.0,2552.0,243.0,1303.0,4529.5,256.0,177.0
954,DOM-MEL,Villa Mella ,18.522265,-69.90166418,1989.0,0.0,public,2002,140.0,62.0,3000.0,1438059.25,168457.27,705577.0,0.0,9791777.0,367830.52,311061.0,3.0,1551.0,90.0,742.33,1938.0,65.0,103.0
955,DOM-MEL,Villa Mella ,18.522265,-69.90166418,1989.0,0.0,public,2003,25.0,11.0,37800.0,6639000.0,100202.0,4000743.0,1051400.0,13650000.0,367830.0,165145.0,3.0,1521.0,103.0,1134.67,2747.43,126.0,117.0
956,DOM-MEL,Villa Mella ,18.522265,-69.90166418,1989.0,0.0,public,2004,49.0,49.0,135455.0,9187007.94,1500863.91,2849658.83,2418371.44,14102621.34,367830.0,334566.83,5.0,2303.0,220.0,1200.0,3406.75,150.0,149.0
957,DOM-MEL,Villa Mella ,18.522265,-69.90166418,1989.0,0.0,public,2005,107.0,65.0,513814.21,10838620.64,1901695.06,6864504.05,2005573.75,8624705.4,364714.66,364714.66,4.0,1665.0,169.0,1775.0,4725.0,38.0,119.0
958,DOM-MEL,Villa Mella ,18.522265,-69.90166418,1989.0,0.0,public,2006,99.0,69.0,317617.0,19350428.55,1688765.35,4349134.9,1549991.66,12626748.12,362817.28,309050.66,5.0,1312.0,166.0,1442.92,2349.67,42.0,128.0
959,DOM-MEL,Villa Mella ,18.522265,-69.90166418,1989.0,0.0,public,2007,3.0,4.0,39862.0,3067631.8,44156.88,323221.17,381924.69,3515124.09,362817.28,307153.19,2.0,3.0,18.0,1419.69,2950.0,0.0,6.0
960,DOM-MEL,Villa Mella ,18.522265,-69.90166418,1989.0,0.0,public,2008,5.0,5.0,53080.0,2387409.67,116466.46,2004245.44,588963.92,8685092.14,362817.28,307153.19,3.0,112.0,47.0,1724.56,3490.08,2.0,13.0
961,DOM-MEL,Villa Mella ,18.522265,-69.90166418,1989.0,0.0,public,2009,22.0,5.0,45917.88,3674585.1,147650.36,3853437.91,452702.7,11636577.68,362817.28,307153.19,5.0,201.0,63.0,1652.5,2550.0,14.0,26.0
962,DOM-MEL,Villa Mella ,18.522265,-69.90166418,1989.0,0.0,public,2010,10.0,6.0,34409.88,1816759.48,152802.0,4128908.48,360286.31,9026248.52,362817.28,158415.92,5.0,143.0,73.0,1223.33,3474.33,6.0,11.0
963,DOM-MEL,Villa Mella ,18.522265,-69.90166418,1989.0,0.0,public,2011,6.0,5.0,73454.88,6687300.5,203936.0,4196908.64,553338.39,10109835.7,362817.28,195348.2,6.0,107.0,70.0,1561.7,4324.33,5.0,10.0
964,DOM-MEL,Villa Mella ,18.522265,-69.90166418,1989.0,0.0,public,2012,8.0,10.0,103937.4,7456313.48,230830.4,5084744.68,785581.14,7569908.06,362817.28,195348.2,6.0,99.0,67.0,1906.67,2965.75,14.0,17.0
965,DOM-MEL,Villa Mella ,18.522265,-69.90166418,1989.0,0.0,public,2013,,,146519.42,9826119.02,198541.0,4918174.04,644936.12,15267810.99,225242.81,225242.81,6.0,,,2053.33,3369.55,,
966,DOM-MEL,Villa Mella ,18.522265,-69.90166418,1989.0,0.0,public,2014,7.0,10.0,162905.42,11822216.17,232837.0,5617536.15,485255.18,15926641.2,225242.81,225242.81,6.0,109.0,142.0,2120.0,3377.4,10.0,24.0
967,DOM-MEL,Villa Mella ,18.522265,-69.90166418,1989.0,0.0,public,2015,11.0,10.0,299398.0,14030595.4,315159.0,6969455.02,1322304.76,16124936.1,225242.81,225242.81,6.0,121.0,98.0,2477.01,3954.29,10.0,22.0
968,DOM-MEL,Villa Mella ,18.522265,-69.90166418,1989.0,0.0,public,2016,7.0,7.0,198.99,11396.63,336.76,7713.24,739.4,16910749.48,225242.81,225242.81,6.0,105.0,89.0,2734.5,4235.0,11.0,25.0
986,DOM-MOC,Moca  ,19.39023321,-70.5372859,1989.0,0.0,public,2000,129.0,44.0,4928.0,9048692.83,1734799.33,10513308.64,0.0,20417613.51,493156.0,493156.0,12.0,3093.0,2502.0,692.37,1445.94,89.0,246.0
987,DOM-MOC,Moca  ,19.39023321,-70.5372859,1989.0,0.0,public,2001,52.0,44.0,28169.0,11848330.33,1540252.7,13219724.88,0.0,22788310.31,493156.0,493156.0,12.0,2495.0,2394.0,744.25,1369.99,117.0,241.0
988,DOM-MOC,Moca  ,19.39023321,-70.5372859,1989.0,0.0,public,2002,51.0,48.0,28440.0,16017402.13,1805860.16,15148268.92,0.0,23064181.66,493156.0,493156.0,12.0,2609.0,2283.0,820.12,1442.44,146.0,372.0
989,DOM-MOC,Moca  ,19.39023321,-70.5372859,1989.0,0.0,public,2003,52.0,93.0,384307.0,20580576.56,1618117.68,10664549.11,2577300.69,19375638.58,493156.0,468213.0,11.0,2278.0,1903.0,1110.63,1653.92,199.0,342.0
990,DOM-MOC,Moca  ,19.39023321,-70.5372859,1989.0,0.0,public,2004,60.0,104.0,820971.78,36782141.58,2040067.26,6253512.68,5421317.15,21035018.44,569848.0,569848.0,11.0,2416.0,2077.0,1122.05,2280.81,205.0,367.0
991,DOM-MOC,Moca  ,19.39023321,-70.5372859,1989.0,0.0,public,2005,39.0,31.0,261170.02,31797019.84,1696092.24,8032525.54,2877672.98,15318517.88,512167.0,512167.0,8.0,1546.0,1355.0,1259.27,2670.62,122.0,282.0
992,DOM-MOC,Moca  ,19.39023321,-70.5372859,1989.0,0.0,public,2006,52.0,54.0,676019.1,28623690.69,2059107.59,8589113.57,2853336.62,18295503.41,512167.0,512167.0,9.0,1475.0,1418.0,1269.16,2400.0,98.0,187.0
993,DOM-MOC,Moca  ,19.39023321,-70.5372859,1989.0,0.0,public,2007,21.0,16.0,620213.0,20431567.78,711877.12,7078101.48,1666301.56,11104546.94,512167.0,512167.0,6.0,583.0,579.0,1237.83,3066.67,27.0,88.0
994,DOM-MOC,Moca  ,19.39023321,-70.5372859,1989.0,0.0,public,2008,23.0,17.0,276314.0,15461539.82,522702.04,44020643.25,1306154.42,12960052.24,512167.0,512167.0,7.0,542.0,460.0,1222.86,2780.42,16.0,65.0
995,DOM-MOC,Moca  ,19.39023321,-70.5372859,1989.0,0.0,public,2009,43.0,77.0,344422.0,12297963.57,651579.59,12111774.73,1028481.88,12862324.05,512167.0,463021.0,8.0,446.0,283.0,1286.37,2597.37,15.0,69.0
996,DOM-MOC,Moca  ,19.39023321,-70.5372859,1989.0,0.0,public,2010,25.0,22.0,488552.0,18430762.5,659226.75,17702444.62,1780206.8,21420726.14,512167.0,479067.0,8.0,788.0,584.0,1345.69,2684.83,14.0,64.0
997,DOM-MOC,Moca  ,19.39023321,-70.5372859,1989.0,0.0,public,2011,78.0,65.0,450474.0,34625580.29,979866.0,26995360.95,2506450.27,19610193.8,512167.0,512167.0,9.0,683.0,551.0,1603.33,2750.0,8.0,50.0
998,DOM-MOC,Moca  ,19.39023321,-70.5372859,1989.0,0.0,public,2012,34.0,25.0,494624.01,15231252.35,1038076.0,36638223.68,1362112.84,9765436.56,512167.0,437409.31,9.0,771.0,528.0,1742.84,3550.31,44.0,93.0
999,DOM-MOC,Moca  ,19.39023321,-70.5372859,1989.0,0.0,public,2013,,,715872.19,13507667.72,483472.85,28452853.89,1773034.13,9242927.02,468504.33,438706.85,11.0,,,2043.0,3587.22,,
1000,DOM-MOC,Moca  ,19.39023321,-70.5372859,1989.0,0.0,public,2014,36.0,23.0,1221553.99,21318131.04,1260126.8,24517943.22,1182812.63,12577321.8,468504.33,427110.8,9.0,563.0,408.0,2316.78,4106.91,24.0,94.0
1001,DOM-MOC,Moca  ,19.39023321,-70.5372859,1989.0,0.0,public,2015,37.0,30.0,713009.0,14446956.15,1086792.0,32723267.31,1565896.24,11770957.9,476986.97,437107.2,8.0,654.0,417.0,2597.49,4287.64,19.0,57.0
1002,DOM-MOC,Moca  ,19.39023321,-70.5372859,1989.0,0.0,public,2016,35.0,33.0,1374.31,30417.06,1066.08,41595.11,3464.04,17494945.85,460645.75,444772.28,9.0,1018.0,495.0,2540.5,4488.96,26.0,93.0
1020,DOM-MUL,Multimodal Caucedo ,18.42636819,-69.63506753,2002.0,0.0,private,2000,0.0,0.0,0.0,0.0,0.0,0.0,0.0,0.0,0.0,0.0,0.0,0.0,0.0,0.0,0.0,0.0,0.0
1021,DOM-MUL,Multimodal Caucedo ,18.42636819,-69.63506753,2002.0,0.0,private,2001,0.0,0.0,0.0,0.0,0.0,0.0,0.0,0.0,0.0,0.0,0.0,0.0,0.0,0.0,0.0,0.0,0.0
1022,DOM-MUL,Multimodal Caucedo ,18.42636819,-69.63506753,2002.0,0.0,private,2002,9.0,20.0,0.0,0.0,157042.6,0.0,0.0,1103830.66,107600.0,107600.0,1.0,0.0,0.0,0.0,1341.0,3.0,58.0
1023,DOM-MUL,Multimodal Caucedo ,18.42636819,-69.63506753,2002.0,0.0,private,2003,11.0,7.0,0.0,0.0,633145.0,1372698.0,4239266.0,1211975.0,107600.0,107600.0,1.0,0.0,0.0,0.0,2086.0,1.0,14.0
1024,DOM-MUL,Multimodal Caucedo ,18.42636819,-69.63506753,2002.0,0.0,private,2004,35.0,147.0,3521.56,382589.57,332000.0,32500.0,3144743.46,98458000.0,96302.0,96302.0,4.0,6.0,596.0,1750.0,4466.67,2.0,151.0
1025,DOM-MUL,Multimodal Caucedo ,18.42636819,-69.63506753,2002.0,0.0,private,2005,4.0,8.0,150000.0,0.0,430960.0,95903.92,1780837.06,8818000.0,96302.0,96302.0,3.0,0.0,29.0,1950.0,3133.33,1.0,25.0
1026,DOM-MUL,Multimodal Caucedo ,18.42636819,-69.63506753,2002.0,0.0,private,2006,0.0,4.0,0.0,0.0,0.0,0.0,0.0,10050000.0,96302.0,96302.0,2.0,0.0,17.0,2300.0,3800.0,0.0,24.0
1027,DOM-MUL,Multimodal Caucedo ,18.42636819,-69.63506753,2002.0,0.0,private,2007,0.0,5.0,0.0,0.0,0.0,0.0,0.0,10050000.0,96302.0,96302.0,2.0,0.0,8.0,2500.0,4100.0,0.0,7.0
1028,DOM-MUL,Multimodal Caucedo ,18.42636819,-69.63506753,2002.0,0.0,private,2008,0.0,3.0,0.0,0.0,0.0,37124013.0,0.0,15925000.0,96302.0,96302.0,2.0,0.0,0.0,0.0,2800.0,0.0,2.0
1029,DOM-MUL,Multimodal Caucedo ,18.42636819,-69.63506753,2002.0,0.0,private,2009,0.0,3.0,0.0,0.0,0.0,69617781.24,0.0,15815800.0,96302.0,96302.0,2.0,0.0,0.0,0.0,5600.0,0.0,2.0
1030,DOM-MUL,Multimodal Caucedo ,18.42636819,-69.63506753,2002.0,0.0,private,2010,0.0,5.0,0.0,100000.0,0.0,46128232.99,20048.0,16115800.0,96302.0,96302.0,3.0,0.0,0.0,0.0,4550.0,0.0,4.0
1031,DOM-MUL,Multimodal Caucedo ,18.42636819,-69.63506753,2002.0,0.0,private,2011,1.0,4.0,0.0,150000.0,0.0,51770209.9,10000.0,20499000.0,96302.0,96302.0,3.0,0.0,0.0,0.0,4228.33,0.0,7.0
1032,DOM-MUL,Multimodal Caucedo ,18.42636819,-69.63506753,2002.0,0.0,private,2012,1.0,4.0,0.0,373305.86,25067.0,53699783.1,37067.0,20435709.36,96302.0,96302.0,3.0,1.0,2.0,3200.0,4697.67,0.0,6.0
1033,DOM-MUL,Multimodal Caucedo ,18.42636819,-69.63506753,2002.0,0.0,private,2013,,,0.0,507341.2,31582.0,64360982.39,429883.3,20842858.13,96302.0,96302.0,4.0,,,1771.08,4495.27,,
1034,DOM-MUL,Multimodal Caucedo ,18.42636819,-69.63506753,2002.0,0.0,private,2014,1.0,7.0,0.0,528593.12,36666.0,675339.13,251885.28,20844020.9,96302.0,96302.0,4.0,1.0,42.0,2237.18,3762.5,1.0,8.0
1035,DOM-MUL,Multimodal Caucedo ,18.42636819,-69.63506753,2002.0,0.0,private,2015,2.0,5.0,0.0,296750.33,431823.87,800017.47,203613.08,10264020.9,96302.0,96302.0,4.0,0.0,39.0,2901.01,3925.0,0.0,27.0
1036,DOM-MUL,Multimodal Caucedo ,18.42636819,-69.63506753,2002.0,0.0,private,2016,3.0,9.0,0.0,278.47,219.18,840.08,189.24,10459806.19,96302.0,96302.0,4.0,1.0,16.0,3823.5,5514.5,0.0,24.0
1037,DOM-MUT,Multiparques S.A,18.40888469,-70.03948595,2007.0,0.0,private,2000,0.0,0.0,0.0,0.0,0.0,0.0,0.0,0.0,0.0,0.0,0.0,0.0,0.0,0.0,0.0,0.0,0.0
1038,DOM-MUT,Multiparques S.A,18.40888469,-70.03948595,2007.0,0.0,private,2001,0.0,0.0,0.0,0.0,0.0,0.0,0.0,0.0,0.0,0.0,0.0,0.0,0.0,0.0,0.0,0.0,0.0
1039,DOM-MUT,Multiparques S.A,18.40888469,-70.03948595,2007.0,0.0,private,2002,0.0,0.0,0.0,0.0,0.0,0.0,0.0,0.0,0.0,0.0,0.0,0.0,0.0,0.0,0.0,0.0,0.0
1040,DOM-MUT,Multiparques S.A,18.40888469,-70.03948595,2007.0,0.0,private,2003,0.0,0.0,0.0,0.0,0.0,0.0,0.0,0.0,0.0,0.0,0.0,0.0,0.0,0.0,0.0,0.0,0.0
1041,DOM-MUT,Multiparques S.A,18.40888469,-70.03948595,2007.0,0.0,private,2004,0.0,0.0,0.0,0.0,0.0,0.0,0.0,0.0,0.0,0.0,0.0,0.0,0.0,0.0,0.0,0.0,0.0
1042,DOM-MUT,Multiparques S.A,18.40888469,-70.03948595,2007.0,0.0,private,2005,0.0,0.0,0.0,0.0,0.0,0.0,0.0,0.0,0.0,0.0,0.0,0.0,0.0,0.0,0.0,0.0,0.0
1043,DOM-MUT,Multiparques S.A,18.40888469,-70.03948595,2007.0,0.0,private,2006,0.0,0.0,0.0,0.0,0.0,0.0,0.0,0.0,0.0,0.0,0.0,0.0,0.0,0.0,0.0,0.0,0.0
1044,DOM-MUT,Multiparques S.A,18.40888469,-70.03948595,2007.0,0.0,private,2007,40.0,25.0,53568.0,24000531.0,624874.0,4455748.0,4765447.0,17400000.0,392882.0,392882.0,2.0,5.0,180.0,2250.0,3325.0,2.0,23.0
1045,DOM-MUT,Multiparques S.A,18.40888469,-70.03948595,2007.0,0.0,private,2008,48.0,25.0,49392.0,26384380.0,517915.0,11120066.12,4302255.0,17400000.0,392882.0,392882.0,2.0,5.0,194.0,3378.0,6950.0,2.0,22.0
1046,DOM-MUT,Multiparques S.A,18.40888469,-70.03948595,2007.0,0.0,private,2009,48.0,24.0,41178.0,22344173.0,492526.0,10900504.82,3499550.0,17900000.0,392882.0,392882.0,2.0,5.0,179.0,3604.42,6245.15,2.0,20.0
1047,DOM-MUT,Multiparques S.A,18.40888469,-70.03948595,2007.0,0.0,private,2010,47.0,41.0,24729.0,30290636.0,531557.0,13373684.87,2828048.0,17900000.0,392882.0,392882.0,2.0,5.0,137.0,3275.69,5208.32,2.0,59.0
1048,DOM-MUT,Multiparques S.A,18.40888469,-70.03948595,2007.0,0.0,private,2011,43.0,43.0,88046.0,33896416.0,858518.0,14566085.38,3917520.0,18250000.0,392882.0,392882.0,2.0,5.0,134.0,3951.5,7552.5,2.0,60.0
1049,DOM-MUT,Multiparques S.A,18.40888469,-70.03948595,2007.0,0.0,private,2012,49.0,46.0,127578.0,31144585.0,616657.66,15022465.48,2743464.87,18250000.0,392882.0,392882.0,2.0,5.0,153.0,4551.5,7640.5,2.0,64.0
1050,DOM-MUT,Multiparques S.A,18.40888469,-70.03948595,2007.0,0.0,private,2013,,,106557.0,38673808.27,868077.3,18903172.76,4351156.98,18405634.0,392882.0,392882.0,2.0,,,4607.05,7819.06,,
1051,DOM-MUT,Multiparques S.A,18.40888469,-70.03948595,2007.0,0.0,private,2014,57.0,47.0,106462.0,36970014.96,912769.94,22254967.65,3869141.4,18681840.1,392882.0,392882.0,2.0,5.0,185.0,4632.0,7816.0,2.0,56.0
1052,DOM-MUT,Multiparques S.A,18.40888469,-70.03948595,2007.0,0.0,private,2015,54.0,45.0,149646.0,40311999.49,1198694.24,24823021.82,4197197.96,18681840.1,392882.0,392882.0,2.0,42.0,298.0,4517.0,6515.5,13.0,76.0
1053,DOM-MUT,Multiparques S.A,18.40888469,-70.03948595,2007.0,0.0,private,2016,40.0,49.0,160.58,32955.06,1223.71,25669.93,3570.06,18776756.54,392882.0,392882.0,2.0,6.0,146.0,4239.06,7995.61,6.0,70.0
1054,DOM-NAV,Navarrete ,19.56817155,-70.87355309,1996.0,0.0,private,2000,12.0,12.0,200956.34,2383800.0,0.0,2085723.0,0.0,2364156.0,300000.0,186591.0,4.0,756.0,897.0,816.67,1791.67,24.0,43.0
1055,DOM-NAV,Navarrete ,19.56817155,-70.87355309,1996.0,0.0,private,2001,2.0,5.0,216175.25,2833561.7,149321.0,2534621.0,0.0,5700000.0,300000.0,186591.0,2.0,389.0,752.0,650.0,1100.0,5.0,12.0
1056,DOM-NAV,Navarrete ,19.56817155,-70.87355309,1996.0,0.0,private,2002,4.0,4.0,0.0,2148851.4,200000.0,2256000.0,0.0,5604925.0,200000.0,200000.0,2.0,485.0,490.0,700.0,1200.0,6.0,20.0
1057,DOM-NAV,Navarrete ,19.56817155,-70.87355309,1996.0,0.0,private,2003,1.0,5.0,96000.0,5050331.0,230950.96,1418276.5,0.0,6707000.0,200000.0,200000.0,2.0,659.0,767.0,900.0,1600.0,4.0,6.0
1058,DOM-NAV,Navarrete ,19.56817155,-70.87355309,1996.0,0.0,private,2004,3.0,5.0,0.0,5612278.31,586616.15,3470640.0,1044087.52,5890000.0,200000.0,111265.0,2.0,1004.0,978.0,1000.0,1700.0,27.0,34.0
1059,DOM-NAV,Navarrete ,19.56817155,-70.87355309,1996.0,0.0,private,2005,38.0,23.0,64961.28,10131215.85,314749.31,5438136.55,514232.94,3000000.0,200000.0,111265.0,2.0,770.0,573.0,1322.5,1922.5,82.0,59.0
1060,DOM-NAV,Navarrete ,19.56817155,-70.87355309,1996.0,0.0,private,2006,35.0,20.0,64941.6,8259877.55,345666.04,3025883.81,380517.52,3050000.0,200000.0,31500.0,2.0,668.0,342.0,1600.0,2000.0,80.0,55.0
1061,DOM-NAV,Navarrete ,19.56817155,-70.87355309,1996.0,0.0,private,2007,9.0,6.0,59141.6,4609725.13,288897.66,7451357.93,391405.44,3000000.0,200000.0,30000.0,1.0,398.0,185.0,1650.0,2500.0,15.0,35.0
1062,DOM-NAV,Navarrete ,19.56817155,-70.87355309,1996.0,0.0,private,2008,7.0,10.0,57922.5,4011440.3,511487.64,11475305.68,332611.03,3300000.0,200000.0,30000.0,1.0,391.0,432.0,1550.0,3000.0,3.0,31.0
1063,DOM-NAV,Navarrete ,19.56817155,-70.87355309,1996.0,0.0,private,2009,6.0,10.0,73084.56,4158602.92,476657.0,10788036.3,241825.23,4050000.0,200000.0,47670.0,2.0,376.0,367.0,1562.5,3050.0,8.0,17.0
1064,DOM-NAV,Navarrete ,19.56817155,-70.87355309,1996.0,0.0,private,2010,6.0,6.0,69292.8,6391340.08,554109.0,12463877.29,432678.25,3665907.2,200000.0,108203.43,2.0,331.0,489.0,1387.66,2367.0,6.0,17.0
1065,DOM-NAV,Navarrete ,19.56817155,-70.87355309,1996.0,0.0,private,2011,10.0,10.0,115765.0,7352062.5,583592.0,12388848.18,533040.0,3179000.0,200000.0,108203.43,2.0,476.0,609.0,1800.0,3200.0,15.0,19.0
1066,DOM-NAV,Navarrete ,19.56817155,-70.87355309,1996.0,0.0,private,2012,7.0,9.0,54135.0,4680867.9,621971.0,13897324.72,378499.86,1000000.0,240002.63,136241.5,1.0,484.0,482.0,1825.0,3300.0,17.0,18.0
1067,DOM-NAV,Navarrete ,19.56817155,-70.87355309,1996.0,0.0,private,2013,,,67866.0,8551796.1,711516.0,15279826.03,449669.88,2969340.0,289806.15,145576.7,4.0,,,1966.07,3600.0,,
1068,DOM-NAV,Navarrete ,19.56817155,-70.87355309,1996.0,0.0,private,2014,24.0,18.0,75088.3,9489340.72,1031468.04,19473611.16,722361.93,2974785.0,328056.65,219040.63,5.0,452.0,509.0,2200.0,3715.25,32.0,37.0
1069,DOM-NAV,Navarrete ,19.56817155,-70.87355309,1996.0,0.0,private,2015,33.0,29.0,138421.0,9602851.91,1007316.75,20681558.04,727174.3,2963405.0,328056.65,219040.63,4.0,523.0,596.0,2733.33,4350.75,46.0,51.0
1070,DOM-NAV,Navarrete ,19.56817155,-70.87355309,1996.0,0.0,private,2016,46.0,41.0,197.03,11226.56,1048.31,18457.54,1282.08,9649330.0,328056.65,249040.63,6.0,746.0,697.0,2523.03,4500.0,74.0,89.0
1071,DOM-NIG,Nigua ,18.39069362,-70.04615509,1989.0,0.0,private,2000,51.0,65.0,123438.0,4990825.74,445024.76,3814033.23,0.0,40102872.35,514668.0,413363.0,13.0,1065.0,479.0,631.31,1333.38,9.0,45.0
1072,DOM-NIG,Nigua ,18.39069362,-70.04615509,1989.0,0.0,private,2001,126.0,217.0,261827.5,10773658.69,662848.31,6300954.18,0.0,42304221.0,514668.0,470363.0,16.0,1043.0,482.0,761.68,1946.36,17.0,53.0
1073,DOM-NIG,Nigua ,18.39069362,-70.04615509,1989.0,0.0,private,2002,99.0,140.0,150629.5,7740662.14,569020.17,4323176.95,0.0,48719440.0,514668.0,397668.0,12.0,942.0,530.0,745.92,1649.75,23.0,102.0
1074,DOM-NIG,Nigua ,18.39069362,-70.04615509,1989.0,0.0,private,2003,54.0,77.0,306456.64,14439561.49,568067.27,3513308.16,3185107.93,45382984.0,514668.0,363931.0,12.0,686.0,473.0,826.2,2148.89,25.0,136.0
1075,DOM-NIG,Nigua ,18.39069362,-70.04615509,1989.0,0.0,private,2004,48.0,67.0,456582.8,26029161.91,1074832.3,2070366.9,20879863.65,49377353.6,514668.0,436041.0,14.0,651.0,633.0,1474.65,3266.6,39.0,175.0
1076,DOM-NIG,Nigua ,18.39069362,-70.04615509,1989.0,0.0,private,2005,41.0,62.0,397423.0,28125967.09,832939.12,2363385.93,3377764.79,61298975.2,546436.0,393046.0,8.0,586.0,373.0,1123.96,3122.27,30.0,170.0
1077,DOM-NIG,Nigua ,18.39069362,-70.04615509,1989.0,0.0,private,2006,54.0,105.0,534588.0,33135588.11,1009856.55,3281255.74,2678912.77,64785080.84,546041.0,418041.0,12.0,620.0,440.0,1290.84,3214.27,24.0,154.0
1078,DOM-NIG,Nigua ,18.39069362,-70.04615509,1989.0,0.0,private,2007,47.0,90.0,790876.5,32203441.29,1122435.19,14666424.93,3114229.16,95595446.6,546041.0,413041.0,11.0,630.0,455.0,1248.9,2861.27,30.0,122.0
1079,DOM-NIG,Nigua ,18.39069362,-70.04615509,1989.0,0.0,private,2008,55.0,100.0,453807.6,26339314.91,1020692.34,22850110.9,2302178.81,64419418.85,546041.0,184300.0,9.0,438.0,366.0,1235.28,2902.32,17.0,153.0
1080,DOM-NIG,Nigua ,18.39069362,-70.04615509,1989.0,0.0,private,2009,56.0,91.0,409775.5,24101599.92,1056873.36,8856559.6,2538799.83,65395527.47,546041.0,193000.0,10.0,438.0,366.0,1426.27,3938.89,16.0,128.0
1081,DOM-NIG,Nigua ,18.39069362,-70.04615509,1989.0,0.0,private,2010,54.0,102.0,412444.5,31599007.22,1289326.09,9231984.13,2133301.91,60612832.47,546041.0,395041.0,9.0,337.0,358.0,1673.94,4336.58,19.0,148.0
1082,DOM-NIG,Nigua ,18.39069362,-70.04615509,1989.0,0.0,private,2011,57.0,123.0,418829.5,36928008.32,1281394.0,33181584.99,2959946.25,65181742.5,546041.0,212590.0,9.0,486.0,441.0,1960.52,4435.67,39.0,192.0
1083,DOM-NIG,Nigua ,18.39069362,-70.04615509,1989.0,0.0,private,2012,75.0,116.0,434776.54,35169553.2,1841956.0,38586738.5,2596191.06,64887479.8,546041.0,384341.0,9.0,555.0,446.0,1566.84,2932.2,58.0,219.0
1084,DOM-NIG,Nigua ,18.39069362,-70.04615509,1989.0,0.0,private,2013,,,410076.0,36253354.43,2113036.93,50098413.58,3015000.0,68094863.96,546041.0,384341.0,8.0,,,1915.05,2867.57,,
1085,DOM-NIG,Nigua ,18.39069362,-70.04615509,1989.0,0.0,private,2014,55.0,101.0,736707.4,62651614.05,2738809.31,52019137.39,6785075.28,68666906.5,546041.0,225712.0,7.0,753.0,488.0,2013.51,3599.9,78.0,278.0
1086,DOM-NIG,Nigua ,18.39069362,-70.04615509,1989.0,0.0,private,2015,60.0,103.0,815303.16,65850037.58,3228956.52,114833927.2,6395274.07,78101109.8,339012.0,242012.0,6.0,810.0,525.0,2218.46,4260.41,80.0,271.0
1087,DOM-NIG,Nigua ,18.39069362,-70.04615509,1989.0,0.0,private,2016,68.0,116.0,1225.92,40526.58,4224.66,73092.99,6585.69,84454679.9,373557.0,262557.0,7.0,893.0,643.0,2251.98,4325.49,114.0,325.0
1088,DOM-NII,Nigua II,18.49893041,-69.79093729,2018.0,0.0,private,2000,0.0,0.0,0.0,0.0,0.0,0.0,0.0,0.0,0.0,0.0,0.0,0.0,0.0,0.0,0.0,0.0,0.0
1089,DOM-NII,Nigua II,18.49893041,-69.79093729,2018.0,0.0,private,2001,0.0,0.0,0.0,0.0,0.0,0.0,0.0,0.0,0.0,0.0,0.0,0.0,0.0,0.0,0.0,0.0,0.0
1090,DOM-NII,Nigua II,18.49893041,-69.79093729,2018.0,0.0,private,2002,0.0,0.0,0.0,0.0,0.0,0.0,0.0,0.0,0.0,0.0,0.0,0.0,0.0,0.0,0.0,0.0,0.0
1091,DOM-NII,Nigua II,18.49893041,-69.79093729,2018.0,0.0,private,2003,0.0,0.0,0.0,0.0,0.0,0.0,0.0,0.0,0.0,0.0,0.0,0.0,0.0,0.0,0.0,0.0,0.0
1092,DOM-NII,Nigua II,18.49893041,-69.79093729,2018.0,0.0,private,2004,0.0,0.0,0.0,0.0,0.0,0.0,0.0,0.0,0.0,0.0,0.0,0.0,0.0,0.0,0.0,0.0,0.0
1093,DOM-NII,Nigua II,18.49893041,-69.79093729,2018.0,0.0,private,2005,0.0,0.0,0.0,0.0,0.0,0.0,0.0,0.0,0.0,0.0,0.0,0.0,0.0,0.0,0.0,0.0,0.0
1094,DOM-NII,Nigua II,18.49893041,-69.79093729,2018.0,0.0,private,2006,0.0,0.0,0.0,0.0,0.0,0.0,0.0,0.0,0.0,0.0,0.0,0.0,0.0,0.0,0.0,0.0,0.0
1095,DOM-NII,Nigua II,18.49893041,-69.79093729,2018.0,0.0,private,2007,0.0,0.0,0.0,0.0,0.0,0.0,0.0,0.0,0.0,0.0,0.0,0.0,0.0,0.0,0.0,0.0,0.0
1096,DOM-NII,Nigua II,18.49893041,-69.79093729,2018.0,0.0,private,2008,0.0,0.0,0.0,0.0,0.0,0.0,0.0,0.0,0.0,0.0,0.0,0.0,0.0,0.0,0.0,0.0,0.0
1097,DOM-NII,Nigua II,18.49893041,-69.79093729,2018.0,0.0,private,2009,0.0,0.0,0.0,0.0,0.0,0.0,0.0,0.0,0.0,0.0,0.0,0.0,0.0,0.0,0.0,0.0,0.0
1098,DOM-NII,Nigua II,18.49893041,-69.79093729,2018.0,0.0,private,2010,0.0,0.0,0.0,0.0,0.0,0.0,0.0,0.0,0.0,0.0,0.0,0.0,0.0,0.0,0.0,0.0,0.0
1099,DOM-NII,Nigua II,18.49893041,-69.79093729,2018.0,0.0,private,2011,0.0,0.0,0.0,0.0,0.0,0.0,0.0,0.0,0.0,0.0,0.0,0.0,0.0,0.0,0.0,0.0,0.0
1100,DOM-NII,Nigua II,18.49893041,-69.79093729,2018.0,0.0,private,2012,0.0,0.0,0.0,0.0,0.0,0.0,0.0,0.0,0.0,0.0,0.0,0.0,0.0,0.0,0.0,0.0,0.0
1101,DOM-NII,Nigua II,18.49893041,-69.79093729,2018.0,0.0,private,2013,,,0.0,0.0,0.0,0.0,0.0,0.0,0.0,0.0,0.0,,,0.0,0.0,,
1102,DOM-NII,Nigua II,18.49893041,-69.79093729,2018.0,0.0,private,2014,0.0,0.0,0.0,0.0,0.0,0.0,0.0,0.0,0.0,0.0,0.0,0.0,0.0,0.0,0.0,0.0,0.0
1103,DOM-NII,Nigua II,18.49893041,-69.79093729,2018.0,0.0,private,2015,0.0,0.0,0.0,0.0,0.0,0.0,0.0,0.0,0.0,0.0,0.0,0.0,0.0,0.0,0.0,0.0,0.0
1104,DOM-NII,Nigua II,18.49893041,-69.79093729,2018.0,0.0,private,2016,0.0,0.0,0.0,0.0,0.0,0.0,0.0,0.0,0.0,0.0,0.0,0.0,0.0,0.0,0.0,0.0,0.0
1105,DOM-NOR,Zona Franca Industrial del Norte,19.54010463,-70.79206329,2016.0,0.0,private,2000,0.0,0.0,0.0,0.0,0.0,0.0,0.0,0.0,0.0,0.0,0.0,0.0,0.0,0.0,0.0,0.0,0.0
1106,DOM-NOR,Zona Franca Industrial del Norte,19.54010463,-70.79206329,2016.0,0.0,private,2001,0.0,0.0,0.0,0.0,0.0,0.0,0.0,0.0,0.0,0.0,0.0,0.0,0.0,0.0,0.0,0.0,0.0
1107,DOM-NOR,Zona Franca Industrial del Norte,19.54010463,-70.79206329,2016.0,0.0,private,2002,0.0,0.0,0.0,0.0,0.0,0.0,0.0,0.0,0.0,0.0,0.0,0.0,0.0,0.0,0.0,0.0,0.0
1108,DOM-NOR,Zona Franca Industrial del Norte,19.54010463,-70.79206329,2016.0,0.0,private,2003,0.0,0.0,0.0,0.0,0.0,0.0,0.0,0.0,0.0,0.0,0.0,0.0,0.0,0.0,0.0,0.0,0.0
1109,DOM-NOR,Zona Franca Industrial del Norte,19.54010463,-70.79206329,2016.0,0.0,private,2004,0.0,0.0,0.0,0.0,0.0,0.0,0.0,0.0,0.0,0.0,0.0,0.0,0.0,0.0,0.0,0.0,0.0
1110,DOM-NOR,Zona Franca Industrial del Norte,19.54010463,-70.79206329,2016.0,0.0,private,2005,0.0,0.0,0.0,0.0,0.0,0.0,0.0,0.0,0.0,0.0,0.0,0.0,0.0,0.0,0.0,0.0,0.0
1111,DOM-NOR,Zona Franca Industrial del Norte,19.54010463,-70.79206329,2016.0,0.0,private,2006,0.0,0.0,0.0,0.0,0.0,0.0,0.0,0.0,0.0,0.0,0.0,0.0,0.0,0.0,0.0,0.0,0.0
1112,DOM-NOR,Zona Franca Industrial del Norte,19.54010463,-70.79206329,2016.0,0.0,private,2007,0.0,0.0,0.0,0.0,0.0,0.0,0.0,0.0,0.0,0.0,0.0,0.0,0.0,0.0,0.0,0.0,0.0
1113,DOM-NOR,Zona Franca Industrial del Norte,19.54010463,-70.79206329,2016.0,0.0,private,2008,0.0,0.0,0.0,0.0,0.0,0.0,0.0,0.0,0.0,0.0,0.0,0.0,0.0,0.0,0.0,0.0,0.0
1114,DOM-NOR,Zona Franca Industrial del Norte,19.54010463,-70.79206329,2016.0,0.0,private,2009,0.0,0.0,0.0,0.0,0.0,0.0,0.0,0.0,0.0,0.0,0.0,0.0,0.0,0.0,0.0,0.0,0.0
1115,DOM-NOR,Zona Franca Industrial del Norte,19.54010463,-70.79206329,2016.0,0.0,private,2010,0.0,0.0,0.0,0.0,0.0,0.0,0.0,0.0,0.0,0.0,0.0,0.0,0.0,0.0,0.0,0.0,0.0
1116,DOM-NOR,Zona Franca Industrial del Norte,19.54010463,-70.79206329,2016.0,0.0,private,2011,0.0,0.0,0.0,0.0,0.0,0.0,0.0,0.0,0.0,0.0,0.0,0.0,0.0,0.0,0.0,0.0,0.0
1117,DOM-NOR,Zona Franca Industrial del Norte,19.54010463,-70.79206329,2016.0,0.0,private,2012,0.0,0.0,0.0,0.0,0.0,0.0,0.0,0.0,0.0,0.0,0.0,0.0,0.0,0.0,0.0,0.0,0.0
1118,DOM-NOR,Zona Franca Industrial del Norte,19.54010463,-70.79206329,2016.0,0.0,private,2013,,,0.0,0.0,0.0,0.0,0.0,0.0,0.0,0.0,0.0,,,0.0,0.0,,
1119,DOM-NOR,Zona Franca Industrial del Norte,19.54010463,-70.79206329,2016.0,0.0,private,2014,0.0,0.0,0.0,0.0,0.0,0.0,0.0,0.0,0.0,0.0,0.0,0.0,0.0,0.0,0.0,0.0,0.0
1120,DOM-NOR,Zona Franca Industrial del Norte,19.54010463,-70.79206329,2016.0,0.0,private,2015,0.0,0.0,0.0,0.0,0.0,0.0,0.0,0.0,0.0,0.0,0.0,0.0,0.0,0.0,0.0,0.0,0.0
1121,DOM-NOR,Zona Franca Industrial del Norte,19.54010463,-70.79206329,2016.0,0.0,private,2016,2.0,1.0,3.6,27.6,3.2,55.19,8.0,451139.59,6797.0,6797.0,2.0,0.0,1.0,3810.62,0.0,0.0,0.0
1139,DOM-PAL,La Palma ,19.47951791,-70.59727463,2004.0,0.0,private,2000,0.0,0.0,0.0,0.0,0.0,0.0,0.0,0.0,0.0,0.0,0.0,0.0,0.0,0.0,0.0,0.0,0.0
1140,DOM-PAL,La Palma ,19.47951791,-70.59727463,2004.0,0.0,private,2001,0.0,0.0,0.0,0.0,0.0,0.0,0.0,0.0,0.0,0.0,0.0,0.0,0.0,0.0,0.0,0.0,0.0
1141,DOM-PAL,La Palma ,19.47951791,-70.59727463,2004.0,0.0,private,2002,0.0,0.0,0.0,0.0,0.0,0.0,0.0,0.0,0.0,0.0,0.0,0.0,0.0,0.0,0.0,0.0,0.0
1142,DOM-PAL,La Palma ,19.47951791,-70.59727463,2004.0,0.0,private,2003,0.0,0.0,0.0,0.0,0.0,0.0,0.0,0.0,0.0,0.0,0.0,0.0,0.0,0.0,0.0,0.0,0.0
1143,DOM-PAL,La Palma ,19.47951791,-70.59727463,2004.0,0.0,private,2004,2.0,1.0,1600.0,0.0,0.0,10000.0,22000.0,1000000.0,31000.0,18000.0,1.0,55.0,82.0,1300.0,3500.0,2.0,4.0
1144,DOM-PAL,La Palma ,19.47951791,-70.59727463,2004.0,0.0,private,2005,4.0,1.0,21600.0,240000.0,6492.0,72000.0,242400.0,1214000.0,63400.0,23350.0,2.0,55.0,83.0,1650.0,3500.0,2.0,6.0
1145,DOM-PAL,La Palma ,19.47951791,-70.59727463,2004.0,0.0,private,2006,3.0,5.0,21600.0,359376.0,128276.0,300500.0,503000.0,4164166.0,63400.0,42750.0,4.0,69.0,99.0,1725.0,4230.5,2.0,6.0
1146,DOM-PAL,La Palma ,19.47951791,-70.59727463,2004.0,0.0,private,2007,5.0,10.0,4800.0,552220.44,94067.3,2501557.57,485693.58,4556000.0,70000.0,46393.0,4.0,256.0,128.0,1250.0,3000.0,0.0,6.0
1147,DOM-PAL,La Palma ,19.47951791,-70.59727463,2004.0,0.0,private,2008,5.0,12.0,28320.0,908717.81,231597.6,5659452.94,494268.01,5836575.0,83400.0,42750.0,5.0,237.0,209.0,1778.49,3800.0,0.0,15.0
1148,DOM-PAL,La Palma ,19.47951791,-70.59727463,2004.0,0.0,private,2009,3.0,6.0,24307.0,589243.21,155383.0,5527375.8,290615.9,2483896.54,107245.0,107245.0,4.0,245.0,136.0,1730.0,3175.0,2.0,6.0
1149,DOM-PAL,La Palma ,19.47951791,-70.59727463,2004.0,0.0,private,2010,6.0,14.0,69600.0,991864.3,194840.6,5820428.58,351512.34,3424002.0,107245.0,107245.0,5.0,229.0,168.0,1735.02,3566.67,1.0,7.0
1150,DOM-PAL,La Palma ,19.47951791,-70.59727463,2004.0,0.0,private,2011,6.0,11.0,27776.61,1456440.38,133503.49,7705079.3,714328.25,5359568.0,107245.0,101572.0,5.0,22.0,380.0,1721.67,3867.75,0.0,17.0
1151,DOM-PAL,La Palma ,19.47951791,-70.59727463,2004.0,0.0,private,2012,6.0,8.0,27000.0,2131815.88,209661.0,10268310.72,794119.43,5833873.04,107245.0,102443.0,5.0,343.0,275.0,1520.0,5805.25,3.0,22.0
1152,DOM-PAL,La Palma ,19.47951791,-70.59727463,2004.0,0.0,private,2013,,,172000.0,3216998.6,544762.0,11977799.96,1072452.0,4224751.57,107245.0,102443.0,5.0,,,1719.86,4791.5,,
1153,DOM-PAL,La Palma ,19.47951791,-70.59727463,2004.0,0.0,private,2014,14.0,10.0,0.0,1952417.0,526375.0,13729294.05,527681.8,5393078.7,107245.0,102443.0,5.0,384.0,318.0,2408.05,4670.5,1.0,17.0
1154,DOM-PAL,La Palma ,19.47951791,-70.59727463,2004.0,0.0,private,2015,13.0,10.0,0.0,3694818.92,726104.0,17480606.95,1351002.92,6212990.1,107245.0,102443.0,5.0,471.0,401.0,2489.72,3921.56,1.0,31.0
1155,DOM-PAL,La Palma ,19.47951791,-70.59727463,2004.0,0.0,private,2016,14.0,11.0,138.0,8262.04,793.78,23513.4,1173.71,5417113.82,110760.0,110760.0,5.0,500.0,390.0,2527.41,4129.17,13.0,7.0
1156,DOM-PAM,Palmarejo ,19.53965534,-70.79354494,1997.0,0.0,private,2000,11.0,17.0,0.0,929360.0,0.0,2246163.0,0.0,23426111.0,134278.0,134278.0,3.0,354.0,328.0,1066.67,1633.33,26.0,61.0
1157,DOM-PAM,Palmarejo ,19.53965534,-70.79354494,1997.0,0.0,private,2001,10.0,18.0,0.0,848991.0,310970.0,1996525.0,0.0,21816691.0,134278.0,134278.0,3.0,303.0,312.0,736.33,1932.67,23.0,59.0
1158,DOM-PAM,Palmarejo ,19.53965534,-70.79354494,1997.0,0.0,private,2002,11.0,16.0,0.0,1509640.0,415882.0,2706295.0,0.0,25313062.0,134278.0,134278.0,3.0,299.0,349.0,986.33,1975.67,35.0,49.0
1159,DOM-PAM,Palmarejo ,19.53965534,-70.79354494,1997.0,0.0,private,2003,20.0,44.0,0.0,3169920.0,721576.0,3572168.0,470470.0,5976065.0,134278.0,134278.0,5.0,324.0,337.0,1056.28,2244.77,22.0,47.0
1160,DOM-PAM,Palmarejo ,19.53965534,-70.79354494,1997.0,0.0,private,2004,24.0,12.0,0.0,3836872.93,864067.44,2455634.74,1088923.16,30828690.65,134278.0,134278.0,5.0,515.0,419.0,1359.37,2892.8,44.0,90.0
1161,DOM-PAM,Palmarejo ,19.53965534,-70.79354494,1997.0,0.0,private,2005,28.0,27.0,0.0,4044706.12,987721.83,3183726.95,1021998.37,90639471.75,134278.0,134278.0,5.0,565.0,505.0,1368.2,3146.0,50.0,86.0
1162,DOM-PAM,Palmarejo ,19.53965534,-70.79354494,1997.0,0.0,private,2006,30.0,32.0,0.0,5207571.5,1185480.53,2771039.05,1379221.69,45223430.67,339822.0,339822.0,5.0,603.0,533.0,1514.75,4178.9,46.0,116.0
1163,DOM-PAM,Palmarejo ,19.53965534,-70.79354494,1997.0,0.0,private,2007,26.0,33.0,555796.56,5613195.0,1980443.18,7694138.54,1501098.49,57949101.84,386996.2,354794.2,6.0,677.0,688.0,1893.56,3012.0,54.0,130.0
1164,DOM-PAM,Palmarejo ,19.53965534,-70.79354494,1997.0,0.0,private,2008,37.0,34.0,3200000.0,6063778.16,1410802.21,43862125.68,1188037.26,66846200.86,450038.0,417834.0,6.0,444.0,488.0,2061.92,3480.86,56.0,66.0
1165,DOM-PAM,Palmarejo ,19.53965534,-70.79354494,1997.0,0.0,private,2009,13.0,22.0,0.0,5376814.52,1049434.0,33244644.25,606566.39,75855965.24,450038.0,281168.72,6.0,310.0,323.0,1980.75,2872.78,83.0,93.0
1166,DOM-PAM,Palmarejo ,19.53965534,-70.79354494,1997.0,0.0,private,2010,20.0,23.0,0.0,4506784.77,1246469.0,31120141.42,791823.21,80389236.4,450038.0,242891.24,5.0,385.0,352.0,1960.2,2862.6,51.0,100.0
1167,DOM-PAM,Palmarejo ,19.53965534,-70.79354494,1997.0,0.0,private,2011,22.0,11.0,0.0,7263328.49,1251239.0,31609823.43,950128.87,79196505.2,450038.0,367614.0,5.0,284.0,323.0,2325.4,3472.8,41.0,81.0
1168,DOM-PAM,Palmarejo ,19.53965534,-70.79354494,1997.0,0.0,private,2012,21.0,12.0,0.0,6472658.23,822930.0,19171698.03,1756413.41,39204030.99,450038.0,243206.44,5.0,411.0,315.0,2604.39,3608.86,43.0,109.0
1169,DOM-PAM,Palmarejo ,19.53965534,-70.79354494,1997.0,0.0,private,2013,,,0.0,8384306.39,128007.91,40293597.67,1537505.54,34233001.47,367614.0,367614.0,5.0,,,3003.77,3922.92,,
1170,DOM-PAM,Palmarejo ,19.53965534,-70.79354494,1997.0,0.0,private,2014,35.0,76.0,0.0,7009679.1,1279362.52,47209984.72,1619761.62,38544393.1,367614.0,367614.0,5.0,569.0,396.0,2952.04,3530.31,34.0,83.0
1171,DOM-PAM,Palmarejo ,19.53965534,-70.79354494,1997.0,0.0,private,2015,25.0,30.0,0.0,8137380.4,1391097.33,63332729.8,3897028.54,48741389.4,367614.0,367614.0,5.0,498.0,293.0,2724.33,4832.09,47.0,99.0
1172,DOM-PAM,Palmarejo ,19.53965534,-70.79354494,1997.0,0.0,private,2016,27.0,24.0,0.0,9130.11,1613.08,35590.68,2859.54,49619554.78,367614.0,367614.0,5.0,464.0,305.0,2692.55,4557.43,45.0,86.0
1173,DOM-PED,Pedernales ,18.03212506,-71.7361763,1991.0,0.0,public,2000,1.0,1.0,0.0,0.0,0.0,0.0,0.0,182000.0,30401.06,30401.0,1.0,1.0,1.0,600.0,850.0,1.0,3.0
1174,DOM-PED,Pedernales ,18.03212506,-71.7361763,1991.0,0.0,public,2001,2.0,1.0,0.0,24000.0,0.0,108.0,0.0,182000.0,30401.0,30401.0,1.0,59.0,7.0,575.0,0.0,0.0,0.0
1175,DOM-PED,Pedernales ,18.03212506,-71.7361763,1991.0,0.0,public,2002,3.0,1.0,0.0,24000.0,0.0,90000.0,0.0,150000.0,30401.0,30401.0,1.0,43.0,6.0,575.0,0.0,0.0,0.0
1176,DOM-PED,Pedernales ,18.03212506,-71.7361763,1991.0,0.0,public,2003,1.0,1.0,0.0,95710.29,0.0,72020.0,95961.73,266000.0,30401.0,30401.0,1.0,60.0,14.0,847.0,2500.0,1.0,2.0
1177,DOM-PED,Pedernales ,18.03212506,-71.7361763,1991.0,0.0,public,2004,4.0,3.0,23192.0,250361.0,0.0,65767.0,83351.0,300000.0,30401.0,30401.0,1.0,88.0,25.0,900.0,2600.0,4.0,5.0
1178,DOM-PED,Pedernales ,18.03212506,-71.7361763,1991.0,0.0,public,2005,2.0,3.0,18654.0,284351.0,0.0,0.0,95546.0,300000.0,30401.0,30401.0,1.0,80.0,32.0,936.0,2354.0,4.0,4.0
1179,DOM-PED,Pedernales ,18.03212506,-71.7361763,1991.0,0.0,public,2006,4.0,3.0,143000.0,730876.41,94507.0,478127.6,230081.25,550000.0,60000.0,60000.0,1.0,116.0,112.0,1000.0,3092.0,0.0,5.0
1180,DOM-PED,Pedernales ,18.03212506,-71.7361763,1991.0,0.0,public,2007,3.0,7.0,249547.0,823787.63,121956.5,402857.74,261733.27,600000.0,60000.0,60000.0,1.0,217.0,124.0,1000.0,2220.0,10.0,14.0
1181,DOM-PED,Pedernales ,18.03212506,-71.7361763,1991.0,0.0,public,2008,4.0,5.0,249547.0,823787.63,121956.5,4362261.64,261733.77,2050000.0,80000.0,80000.0,1.0,222.0,147.0,1000.0,2800.0,5.0,11.0
1182,DOM-PED,Pedernales ,18.03212506,-71.7361763,1991.0,0.0,public,2009,6.0,12.0,1982.0,922866.82,290000.0,5668127.36,241654.36,2050000.0,80000.0,80000.0,1.0,185.0,435.0,1000.0,2800.0,9.0,20.0
1183,DOM-PED,Pedernales ,18.03212506,-71.7361763,1991.0,0.0,public,2010,10.0,6.0,126140.0,1115044.36,652869.0,8569554.05,225580.13,28000000.0,80000.0,80000.0,1.0,291.0,233.0,1154.0,2770.0,7.0,21.0
1184,DOM-PED,Pedernales ,18.03212506,-71.7361763,1991.0,0.0,public,2011,11.0,6.0,292755.0,1659603.39,358782.0,11247387.82,211238.74,17000000.0,100457.0,100457.0,1.0,305.0,274.0,1300.0,2800.0,0.0,2.0
1185,DOM-PED,Pedernales ,18.03212506,-71.7361763,1991.0,0.0,public,2012,8.0,4.0,176254.0,875241.0,458231.0,9177708.51,215354.0,17000000.0,100457.0,100457.0,1.0,194.0,156.0,1425.0,2800.0,3.0,18.0
1186,DOM-PED,Pedernales ,18.03212506,-71.7361763,1991.0,0.0,public,2013,,,0.0,2064024.15,0.0,8609534.13,285128.35,11500000.0,100457.0,100457.0,1.0,,,1580.0,3500.0,,
1187,DOM-PED,Pedernales ,18.03212506,-71.7361763,1991.0,0.0,public,2014,8.0,7.0,0.0,1712396.98,0.0,733991.4,416231.83,9000000.0,100457.0,100457.0,1.0,182.0,165.0,1805.0,3500.0,0.0,7.0
1188,DOM-PED,Pedernales ,18.03212506,-71.7361763,1991.0,0.0,public,2015,7.0,13.0,0.0,1641805.95,0.0,0.0,318687.67,11829180.1,100457.0,100457.0,1.0,248.0,244.0,1800.0,3500.0,0.0,7.0
1189,DOM-PED,Pedernales ,18.03212506,-71.7361763,1991.0,0.0,public,2016,10.0,5.0,0.0,1745.54,747.49,4846.1,347.41,12000000.0,100457.0,100457.0,1.0,349.0,284.0,1743.6,3145.0,0.0,5.0
1190,DOM-PER,PERLAV,18.52899686,-69.99851177,2010.0,0.0,private,2000,0.0,0.0,0.0,0.0,0.0,0.0,0.0,0.0,0.0,0.0,0.0,0.0,0.0,0.0,0.0,0.0,0.0
1191,DOM-PER,PERLAV,18.52899686,-69.99851177,2010.0,0.0,private,2001,0.0,0.0,0.0,0.0,0.0,0.0,0.0,0.0,0.0,0.0,0.0,0.0,0.0,0.0,0.0,0.0,0.0
1192,DOM-PER,PERLAV,18.52899686,-69.99851177,2010.0,0.0,private,2002,0.0,0.0,0.0,0.0,0.0,0.0,0.0,0.0,0.0,0.0,0.0,0.0,0.0,0.0,0.0,0.0,0.0
1193,DOM-PER,PERLAV,18.52899686,-69.99851177,2010.0,0.0,private,2003,0.0,0.0,0.0,0.0,0.0,0.0,0.0,0.0,0.0,0.0,0.0,0.0,0.0,0.0,0.0,0.0,0.0
1194,DOM-PER,PERLAV,18.52899686,-69.99851177,2010.0,0.0,private,2004,0.0,0.0,0.0,0.0,0.0,0.0,0.0,0.0,0.0,0.0,0.0,0.0,0.0,0.0,0.0,0.0,0.0
1195,DOM-PER,PERLAV,18.52899686,-69.99851177,2010.0,0.0,private,2005,0.0,0.0,0.0,0.0,0.0,0.0,0.0,0.0,0.0,0.0,0.0,0.0,0.0,0.0,0.0,0.0,0.0
1196,DOM-PER,PERLAV,18.52899686,-69.99851177,2010.0,0.0,private,2006,0.0,0.0,0.0,0.0,0.0,0.0,0.0,0.0,0.0,0.0,0.0,0.0,0.0,0.0,0.0,0.0,0.0
1197,DOM-PER,PERLAV,18.52899686,-69.99851177,2010.0,0.0,private,2007,0.0,0.0,0.0,0.0,0.0,0.0,0.0,0.0,0.0,0.0,0.0,0.0,0.0,0.0,0.0,0.0,0.0
1198,DOM-PER,PERLAV,18.52899686,-69.99851177,2010.0,0.0,private,2008,0.0,0.0,0.0,0.0,0.0,0.0,0.0,0.0,0.0,0.0,0.0,0.0,0.0,0.0,0.0,0.0,0.0
1199,DOM-PER,PERLAV,18.52899686,-69.99851177,2010.0,0.0,private,2009,0.0,0.0,0.0,0.0,0.0,0.0,0.0,0.0,0.0,0.0,0.0,0.0,0.0,0.0,0.0,0.0,0.0
1200,DOM-PER,PERLAV,18.52899686,-69.99851177,2010.0,0.0,private,2010,34.0,42.0,0.0,0.0,0.0,0.0,0.0,39308186.17,258240.0,258240.0,2.0,99.0,27.0,3098.0,5623.0,85.0,103.0
1201,DOM-PER,PERLAV,18.52899686,-69.99851177,2010.0,0.0,private,2011,83.0,87.0,315186.76,34242290.28,1199846.66,30350686.21,3549852.91,43123873.0,232534.36,232534.36,3.0,168.0,100.0,3893.63,5773.78,57.0,45.0
1202,DOM-PER,PERLAV,18.52899686,-69.99851177,2010.0,0.0,private,2012,40.0,31.0,344911.24,42049577.91,1118268.97,19372485.44,4009453.13,54986741.08,232534.36,232534.36,3.0,144.0,108.0,3900.0,5733.33,53.0,31.0
1203,DOM-PER,PERLAV,18.52899686,-69.99851177,2010.0,0.0,private,2013,,,399991.67,50151982.46,1110716.71,25246267.91,3453268.71,70975499.21,232534.36,232534.36,3.0,,,3478.12,6181.71,,
1204,DOM-PER,PERLAV,18.52899686,-69.99851177,2010.0,0.0,private,2014,46.0,30.0,491767.54,60875455.28,1327143.53,27780688.7,3450632.82,71677360.9,232534.36,232534.36,3.0,160.0,101.0,3550.0,7166.67,68.0,55.0
1205,DOM-PER,PERLAV,18.52899686,-69.99851177,2010.0,0.0,private,2015,40.0,31.0,641062.57,49742887.3,1414134.35,59535026.12,3657245.43,70122135.8,232534.36,232534.36,3.0,147.0,102.0,3000.0,4500.0,66.0,55.0
1206,DOM-PER,PERLAV,18.52899686,-69.99851177,2010.0,0.0,private,2016,39.0,30.0,2215.29,25842.41,1299.93,31160.18,4705.01,73831661.01,232534.36,232534.36,3.0,141.0,97.0,4217.67,6477.5,64.0,53.0
1224,DOM-PIS,Santiago-Navarrete (PISANO) ,19.50852054,-70.75994998,1993.0,0.0,private,2000,68.0,111.0,706118.36,9166401.0,1468884.0,9009416.0,0.0,24824949.0,673135.0,600006.0,15.0,888.0,1206.0,787.59,1728.3,43.0,192.0
1225,DOM-PIS,Santiago-Navarrete (PISANO) ,19.50852054,-70.75994998,1993.0,0.0,private,2001,82.0,127.0,1636405.67,3694857.27,808119.03,2240227.42,0.0,29449717.0,735664.0,733317.0,26.0,692.0,1374.0,963.88,1630.19,51.0,250.0
1226,DOM-PIS,Santiago-Navarrete (PISANO) ,19.50852054,-70.75994998,1993.0,0.0,private,2002,90.0,133.0,1945149.15,13008163.31,2096070.54,8932503.46,0.0,31358261.0,758000.0,726000.0,31.0,1132.0,1727.0,952.32,1765.0,61.0,220.0
1227,DOM-PIS,Santiago-Navarrete (PISANO) ,19.50852054,-70.75994998,1993.0,0.0,private,2003,108.0,138.0,1931589.45,19555619.53,1548329.04,8763119.6,5362284.53,34727911.99,841000.0,816730.0,31.0,1102.0,1709.0,1096.9,2603.98,46.0,203.0
1228,DOM-PIS,Santiago-Navarrete (PISANO) ,19.50852054,-70.75994998,1993.0,0.0,private,2004,125.0,183.0,3813733.08,46965030.16,13792609.54,6310733.08,8742694.21,51031152.32,938897.0,921000.0,36.0,1421.0,1933.0,1558.12,3001.19,84.0,254.0
1229,DOM-PIS,Santiago-Navarrete (PISANO) ,19.50852054,-70.75994998,1993.0,0.0,private,2005,119.0,161.0,4095008.15,59526504.97,3355373.24,7293358.24,9259106.6,51906663.2,940057.72,882580.82,34.0,1276.0,1848.0,1483.17,3027.75,74.0,289.0
1230,DOM-PIS,Santiago-Navarrete (PISANO) ,19.50852054,-70.75994998,1993.0,0.0,private,2006,128.0,169.0,3772148.12,62519598.46,3653875.04,9158289.73,10602596.8,291202879.9,1014211.0,945082.0,34.0,1323.0,1972.0,1805.97,4036.28,63.0,331.0
1231,DOM-PIS,Santiago-Navarrete (PISANO) ,19.50852054,-70.75994998,1993.0,0.0,private,2007,138.0,163.0,4813419.12,65925107.98,4444121.98,34647947.79,12123035.85,292936282.9,1014211.0,864078.43,34.0,1214.0,1887.0,2020.01,3948.27,73.0,287.0
1232,DOM-PIS,Santiago-Navarrete (PISANO) ,19.50852054,-70.75994998,1993.0,0.0,private,2008,131.0,171.0,2956223.34,51271347.69,3391034.91,91154559.18,8157058.74,46345306.82,1014211.0,989598.89,37.0,1087.0,1711.0,2009.72,3821.24,62.0,344.0
1233,DOM-PIS,Santiago-Navarrete (PISANO) ,19.50852054,-70.75994998,1993.0,0.0,private,2009,105.0,156.0,3216327.58,48973308.86,3669995.58,35430864.54,7241746.78,34759834.05,942262.91,891517.59,28.0,947.0,1752.0,2399.19,3895.39,54.0,310.0
1234,DOM-PIS,Santiago-Navarrete (PISANO) ,19.50852054,-70.75994998,1993.0,0.0,private,2010,113.0,172.0,46026.0,24282079.02,898364.0,24136987.18,2580158.85,39089445.76,942262.91,895930.22,24.0,1192.0,2215.0,2128.84,4501.11,17.0,138.0
1235,DOM-PIS,Santiago-Navarrete (PISANO) ,19.50852054,-70.75994998,1993.0,0.0,private,2011,121.0,174.0,5198000.97,73547178.7,4604848.18,118930578.6,8331268.42,38503009.9,942262.91,931538.02,29.0,1399.0,2424.0,2207.89,3524.3,75.0,412.0
1236,DOM-PIS,Santiago-Navarrete (PISANO) ,19.50852054,-70.75994998,1993.0,0.0,private,2012,128.0,186.0,5444976.04,80591565.56,5391119.18,120855691.7,8497175.56,44936043.66,942262.91,900742.74,25.0,1522.0,2658.0,2264.59,3469.75,90.0,389.0
1237,DOM-PIS,Santiago-Navarrete (PISANO) ,19.50852054,-70.75994998,1993.0,0.0,private,2013,,,5585034.96,109294672.6,7027399.55,76820035.25,11003949.63,55441461.3,938550.0,936350.0,26.0,,,2224.72,4577.44,,
1238,DOM-PIS,Santiago-Navarrete (PISANO) ,19.50852054,-70.75994998,1993.0,0.0,private,2014,169.0,263.0,8105770.28,168579823.7,9427893.24,188117598.4,12044104.24,61922862.3,959296.17,957096.17,27.0,1744.0,3251.0,2367.0,4873.82,122.0,498.0
1239,DOM-PIS,Santiago-Navarrete (PISANO) ,19.50852054,-70.75994998,1993.0,0.0,private,2015,176.0,243.0,9331990.98,117681077.5,10004789.61,223219663.6,12919803.72,84258181.2,1000108.85,997908.85,28.0,1906.0,3141.0,2569.48,4574.58,106.0,567.0
1240,DOM-PIS,Santiago-Navarrete (PISANO) ,19.50852054,-70.75994998,1993.0,0.0,private,2016,184.0,259.0,9089.68,101622.47,10585.88,231279.02,12265.86,103649145.3,1044762.02,1044762.02,27.0,1875.0,2960.0,2750.85,5510.53,95.0,561.0
1258,DOM-PUE,Puerto Plata ,19.80291323,-70.72350803,1983.0,0.0,mix,2000,48.0,39.0,145265.0,5311906.08,786084.04,19892838.13,0.0,7084891.3,418591.0,381467.0,10.0,1927.0,1251.0,616.94,1437.13,176.0,144.0
1259,DOM-PUE,Puerto Plata ,19.80291323,-70.72350803,1983.0,0.0,mix,2001,58.0,47.0,129193.0,6382882.63,631521.55,6419805.95,0.0,7702847.0,407889.0,393169.0,11.0,1818.0,1190.0,617.0,1280.55,163.0,175.0
1260,DOM-PUE,Puerto Plata ,19.80291323,-70.72350803,1983.0,0.0,mix,2002,54.0,38.0,1234113.0,4801949.0,667121.58,8956667.0,0.0,7908010.0,431740.51,418358.0,12.0,1612.0,1091.0,806.06,1486.49,201.0,302.0
1261,DOM-PUE,Puerto Plata ,19.80291323,-70.72350803,1983.0,0.0,mix,2003,42.0,30.0,648764.22,9841753.51,735598.13,6659583.19,2546894.34,6737670.0,431740.0,418358.0,11.0,1384.0,1439.0,878.92,1720.0,175.0,404.0
1262,DOM-PUE,Puerto Plata ,19.80291323,-70.72350803,1983.0,0.0,mix,2004,39.0,32.0,756115.0,14868005.65,791875.3,3581763.78,3495653.66,7243739.7,444629.0,339683.0,10.0,1509.0,1161.0,1131.67,2056.9,130.0,347.0
1263,DOM-PUE,Puerto Plata ,19.80291323,-70.72350803,1983.0,0.0,mix,2005,20.0,31.0,805447.47,11835927.0,803361.37,3011085.08,2751093.2,5577664.02,444629.0,171600.68,9.0,915.0,697.0,1146.74,2167.23,99.0,262.0
1264,DOM-PUE,Puerto Plata ,19.80291323,-70.72350803,1983.0,0.0,mix,2006,21.0,25.0,453290.4,10330810.56,865168.59,3522521.2,2193230.15,3957960.35,444629.0,171150.59,8.0,390.0,304.0,1187.66,2306.14,151.0,295.0
1265,DOM-PUE,Puerto Plata ,19.80291323,-70.72350803,1983.0,0.0,mix,2007,26.0,22.0,401389.02,11371193.78,913969.94,20366645.86,1756401.01,3939774.0,444629.0,153961.0,7.0,690.0,606.0,1458.16,2891.25,101.0,162.0
1266,DOM-PUE,Puerto Plata ,19.80291323,-70.72350803,1983.0,0.0,mix,2008,28.0,21.0,214065.0,7811303.43,818299.71,18774578.16,1183492.16,3893221.55,444629.0,150579.34,6.0,539.0,501.0,1569.34,2969.5,103.0,161.0
1267,DOM-PUE,Puerto Plata ,19.80291323,-70.72350803,1983.0,0.0,mix,2009,25.0,22.0,180449.0,10479512.62,447281.7,15721814.43,2900046.61,4699014.8,383353.57,368633.57,10.0,427.0,368.0,1496.51,3064.38,42.0,117.0
1268,DOM-PUE,Puerto Plata ,19.80291323,-70.72350803,1983.0,0.0,mix,2010,45.0,42.0,6263721.21,52109546.38,4182443.12,45396213.8,7905337.29,2893421.81,412793.17,390573.17,7.0,373.0,353.0,1836.5,3522.93,25.0,32.0
1269,DOM-PUE,Puerto Plata ,19.80291323,-70.72350803,1983.0,0.0,mix,2011,14.0,12.0,118063.12,6687413.52,167248.8,7312274.6,770961.32,4141555.4,412793.17,289169.57,6.0,496.0,421.0,1660.5,3325.0,2.0,20.0
1270,DOM-PUE,Puerto Plata ,19.80291323,-70.72350803,1983.0,0.0,mix,2012,30.0,17.0,82041.0,8351288.95,315526.0,10192293.64,1926275.46,6387900.94,412793.17,192134.17,7.0,466.0,502.0,1823.72,4500.0,5.0,30.0
1271,DOM-PUE,Puerto Plata ,19.80291323,-70.72350803,1983.0,0.0,mix,2013,,,118915.0,9195261.13,394529.82,19794155.08,1004942.44,8095878.26,447903.0,310461.0,6.0,,,1784.86,3974.11,,
1272,DOM-PUE,Puerto Plata ,19.80291323,-70.72350803,1983.0,0.0,mix,2014,26.0,20.0,120081.5,9095511.43,608851.0,19743281.3,901997.26,8553756.2,447903.0,390491.0,6.0,389.0,375.0,1910.4,3575.0,16.0,77.0
1273,DOM-PUE,Puerto Plata ,19.80291323,-70.72350803,1983.0,0.0,mix,2015,46.0,24.0,231799.5,13816381.09,1150966.61,27061971.07,2037517.29,12873522.6,447903.0,412368.0,9.0,484.0,406.0,2260.84,3785.0,22.0,83.0
1274,DOM-PUE,Puerto Plata ,19.80291323,-70.72350803,1983.0,0.0,mix,2016,57.0,28.0,450.31,12543.54,1098.78,25730.32,2170.7,13735084.78,451935.0,369515.0,10.0,560.0,292.0,2371.13,4466.67,18.0,54.0
1275,DOM-QUI,Quisqueya ,19.48858161,-70.65855914,2001.0,0.0,public,2000,0.0,0.0,0.0,0.0,0.0,0.0,0.0,0.0,0.0,0.0,0.0,0.0,0.0,0.0,0.0,0.0,0.0
1276,DOM-QUI,Quisqueya ,19.48858161,-70.65855914,2001.0,0.0,public,2001,1.0,2.0,0.0,0.0,0.0,0.0,0.0,172030.0,52125.31,52125.31,1.0,3.0,13.0,780.0,1100.0,1.0,20.0
1277,DOM-QUI,Quisqueya ,19.48858161,-70.65855914,2001.0,0.0,public,2002,2.0,7.0,0.0,0.0,5600.0,25000.0,0.0,800000.0,52125.31,52125.31,1.0,12.0,39.0,800.0,2500.0,1.0,30.0
1278,DOM-QUI,Quisqueya ,19.48858161,-70.65855914,2001.0,0.0,public,2003,2.0,5.0,0.0,416155.6,65459.0,0.0,436130.57,800000.0,52125.0,52125.0,1.0,5.0,90.0,800.0,2500.0,2.0,35.0
1279,DOM-QUI,Quisqueya ,19.48858161,-70.65855914,2001.0,0.0,public,2004,3.0,6.0,0.0,1119632.6,186975.75,92963.06,1827111.81,200000.0,50929.0,50929.0,1.0,5.0,40.0,1050.0,2600.0,0.0,21.0
1280,DOM-QUI,Quisqueya ,19.48858161,-70.65855914,2001.0,0.0,public,2005,0.0,0.0,0.0,0.0,0.0,0.0,0.0,0.0,0.0,0.0,0.0,0.0,0.0,0.0,0.0,0.0,0.0
1281,DOM-QUI,Quisqueya ,19.48858161,-70.65855914,2001.0,0.0,public,2006,4.0,3.0,0.0,684095.53,42103.61,26101.44,574974.05,350000.0,50929.0,50929.0,1.0,11.0,51.0,1027.0,2500.0,1.0,5.0
1282,DOM-QUI,Quisqueya ,19.48858161,-70.65855914,2001.0,0.0,public,2007,2.0,0.0,0.0,805363.73,18491.48,852461.2,607350.4,500000.0,50929.0,50929.0,1.0,10.0,47.0,1200.0,4000.0,2.0,6.0
1283,DOM-QUI,Quisqueya ,19.48858161,-70.65855914,2001.0,0.0,public,2008,6.0,4.0,654603.78,1908460.68,365121.23,860925.16,887393.43,3350000.0,50929.0,50929.0,2.0,183.0,82.0,1275.0,4000.0,9.0,13.0
1284,DOM-QUI,Quisqueya ,19.48858161,-70.65855914,2001.0,0.0,public,2009,0.0,0.0,0.0,0.0,0.0,504280.65,0.0,0.0,0.0,0.0,0.0,0.0,0.0,0.0,0.0,0.0,0.0
1285,DOM-QUI,Quisqueya ,19.48858161,-70.65855914,2001.0,0.0,public,2010,0.0,0.0,114368.0,6712632.68,629685.06,10976889.68,3023953.42,0.0,0.0,0.0,0.0,0.0,0.0,0.0,0.0,0.0,0.0
1286,DOM-QUI,Quisqueya ,19.48858161,-70.65855914,2001.0,0.0,public,2011,0.0,0.0,0.0,0.0,0.0,0.0,0.0,0.0,0.0,0.0,0.0,0.0,0.0,0.0,0.0,0.0,0.0
1287,DOM-QUI,Quisqueya ,19.48858161,-70.65855914,2001.0,0.0,public,2012,0.0,0.0,0.0,0.0,0.0,0.0,0.0,0.0,0.0,0.0,0.0,0.0,0.0,0.0,0.0,0.0,0.0
1288,DOM-QUI,Quisqueya ,19.48858161,-70.65855914,2001.0,0.0,public,2013,,,64800.0,0.0,0.0,76317.7,0.0,2119000.0,53084.0,50929.0,1.0,,,1625.0,2314.0,,
1289,DOM-QUI,Quisqueya ,19.48858161,-70.65855914,2001.0,0.0,public,2014,7.0,7.0,5225.4,6161874.67,171207.0,11575834.7,73797.16,200000.0,53084.0,53084.0,1.0,129.0,158.0,2000.0,2500.0,0.0,23.0
1290,DOM-QUI,Quisqueya ,19.48858161,-70.65855914,2001.0,0.0,public,2015,6.0,5.0,20901.6,6965468.02,108734.0,6518333.07,0.0,225000.0,53084.0,53084.0,1.0,137.0,95.0,2544.37,3750.0,0.0,27.0
1291,DOM-QUI,Quisqueya ,19.48858161,-70.65855914,2001.0,0.0,public,2016,5.0,5.0,0.0,5499.88,0.0,0.0,421.27,213750.0,60659.18,60659.18,1.0,111.0,58.0,2544.37,3500.0,0.0,32.0
1309,DOM-RIE,Los Rieles,19.48858161,-70.65855914,2013.0,0.0,private,2000,0.0,0.0,0.0,0.0,0.0,0.0,0.0,0.0,0.0,0.0,0.0,0.0,0.0,0.0,0.0,0.0,0.0
1310,DOM-RIE,Los Rieles,19.48858161,-70.65855914,2013.0,0.0,private,2001,0.0,0.0,0.0,0.0,0.0,0.0,0.0,0.0,0.0,0.0,0.0,0.0,0.0,0.0,0.0,0.0,0.0
1311,DOM-RIE,Los Rieles,19.48858161,-70.65855914,2013.0,0.0,private,2002,0.0,0.0,0.0,0.0,0.0,0.0,0.0,0.0,0.0,0.0,0.0,0.0,0.0,0.0,0.0,0.0,0.0
1312,DOM-RIE,Los Rieles,19.48858161,-70.65855914,2013.0,0.0,private,2003,0.0,0.0,0.0,0.0,0.0,0.0,0.0,0.0,0.0,0.0,0.0,0.0,0.0,0.0,0.0,0.0,0.0
1313,DOM-RIE,Los Rieles,19.48858161,-70.65855914,2013.0,0.0,private,2004,0.0,0.0,0.0,0.0,0.0,0.0,0.0,0.0,0.0,0.0,0.0,0.0,0.0,0.0,0.0,0.0,0.0
1314,DOM-RIE,Los Rieles,19.48858161,-70.65855914,2013.0,0.0,private,2005,0.0,0.0,0.0,0.0,0.0,0.0,0.0,0.0,0.0,0.0,0.0,0.0,0.0,0.0,0.0,0.0,0.0
1315,DOM-RIE,Los Rieles,19.48858161,-70.65855914,2013.0,0.0,private,2006,0.0,0.0,0.0,0.0,0.0,0.0,0.0,0.0,0.0,0.0,0.0,0.0,0.0,0.0,0.0,0.0,0.0
1316,DOM-RIE,Los Rieles,19.48858161,-70.65855914,2013.0,0.0,private,2007,0.0,0.0,0.0,0.0,0.0,0.0,0.0,0.0,0.0,0.0,0.0,0.0,0.0,0.0,0.0,0.0,0.0
1317,DOM-RIE,Los Rieles,19.48858161,-70.65855914,2013.0,0.0,private,2008,0.0,0.0,0.0,0.0,0.0,0.0,0.0,0.0,0.0,0.0,0.0,0.0,0.0,0.0,0.0,0.0,0.0
1318,DOM-RIE,Los Rieles,19.48858161,-70.65855914,2013.0,0.0,private,2009,0.0,0.0,0.0,0.0,0.0,0.0,0.0,0.0,0.0,0.0,0.0,0.0,0.0,0.0,0.0,0.0,0.0
1319,DOM-RIE,Los Rieles,19.48858161,-70.65855914,2013.0,0.0,private,2010,0.0,0.0,0.0,0.0,0.0,0.0,0.0,0.0,0.0,0.0,0.0,0.0,0.0,0.0,0.0,0.0,0.0
1320,DOM-RIE,Los Rieles,19.48858161,-70.65855914,2013.0,0.0,private,2011,0.0,0.0,0.0,0.0,0.0,0.0,0.0,0.0,0.0,0.0,0.0,0.0,0.0,0.0,0.0,0.0,0.0
1321,DOM-RIE,Los Rieles,19.48858161,-70.65855914,2013.0,0.0,private,2012,0.0,0.0,0.0,0.0,0.0,0.0,0.0,0.0,0.0,0.0,0.0,0.0,0.0,0.0,0.0,0.0,0.0
1322,DOM-RIE,Los Rieles,19.48858161,-70.65855914,2013.0,0.0,private,2013,,,28526.0,460540.0,43402.0,5314568.24,141869.0,5676067.0,72630.0,72630.0,1.0,,,2200.0,5000.0,,
1323,DOM-RIE,Los Rieles,19.48858161,-70.65855914,2013.0,0.0,private,2014,26.0,10.0,46700.0,3300000.0,265524.0,7048963.64,210600.0,5600000.0,72630.0,72630.0,1.0,284.0,310.0,2500.0,4500.0,21.0,31.0
1324,DOM-RIE,Los Rieles,19.48858161,-70.65855914,2013.0,0.0,private,2015,8.0,10.0,0.0,3006028.0,206942.0,15736526.38,45345.0,13000000.0,72630.0,72630.0,1.0,563.0,355.0,2450.0,5000.0,18.0,37.0
1325,DOM-RIE,Los Rieles,19.48858161,-70.65855914,2013.0,0.0,private,2016,2.0,3.0,65.8,3250.88,877.47,20273.39,1318.75,12147579.0,9325.0,9325.0,1.0,569.0,416.0,2500.0,6500.0,20.0,25.0
1326,DOM-RII,La Romana II ,18.44349389,-68.97852859,1987.0,0.0,private,2000,31.0,40.0,243825.0,5968526.43,0.0,8757437.13,0.0,8380289.0,377131.0,377131.0,6.0,1597.0,403.0,713.5,1561.83,83.0,102.0
1327,DOM-RII,La Romana II ,18.44349389,-68.97852859,1987.0,0.0,private,2001,30.0,41.0,412804.0,8627763.89,624279.65,3962954.44,0.0,8748879.0,327131.0,327131.0,6.0,2041.0,532.0,742.44,1969.61,198.0,263.0
1328,DOM-RII,La Romana II ,18.44349389,-68.97852859,1987.0,0.0,private,2002,35.0,38.0,589821.0,9879146.43,905626.23,6543808.04,0.0,9024669.41,473949.0,324289.0,7.0,1664.0,602.0,686.61,1686.33,127.0,164.0
1329,DOM-RII,La Romana II ,18.44349389,-68.97852859,1987.0,0.0,private,2003,11.0,32.0,757346.5,18782739.25,954827.0,5243133.34,506756.0,6396839.41,473949.0,287804.0,6.0,1758.0,512.0,928.0,2223.33,186.0,122.0
1330,DOM-RII,La Romana II ,18.44349389,-68.97852859,1987.0,0.0,private,2004,20.0,27.0,455013.0,33819992.38,1168742.04,3524698.92,1576320.37,6113989.41,473949.0,300587.0,5.0,1926.0,534.0,995.84,2504.0,154.0,77.0
1331,DOM-RII,La Romana II ,18.44349389,-68.97852859,1987.0,0.0,private,2005,18.0,22.0,92423.0,27622215.09,502878.0,5316982.53,5699148.97,3964157.0,385000.0,272804.0,4.0,1437.0,306.0,1811.61,4525.0,24.0,95.0
1332,DOM-RII,La Romana II ,18.44349389,-68.97852859,1987.0,0.0,private,2006,16.0,12.0,393916.0,22992789.55,313874.0,3728105.88,4728283.61,4690000.0,385000.0,355587.0,4.0,1116.0,276.0,1185.41,3000.0,15.0,85.0
1333,DOM-RII,La Romana II ,18.44349389,-68.97852859,1987.0,0.0,private,2007,13.0,18.0,601015.8,23672777.38,1127332.21,14539918.06,6003856.2,5483987.29,478853.0,328813.0,4.0,1018.0,300.0,1321.32,3009.96,17.0,101.0
1334,DOM-RII,La Romana II ,18.44349389,-68.97852859,1987.0,0.0,private,2008,6.0,22.0,425722.0,29393353.81,1047717.28,26239897.7,4594818.87,5014887.93,478853.0,355587.0,4.0,1024.0,299.0,1484.26,3133.33,17.0,98.0
1335,DOM-RII,La Romana II ,18.44349389,-68.97852859,1987.0,0.0,private,2009,20.0,26.0,565579.0,20976522.34,1451575.72,25443329.64,4638795.01,3984599.93,482531.0,270091.0,3.0,985.0,223.0,1410.33,3900.0,180.0,207.0
1336,DOM-RII,La Romana II ,18.44349389,-68.97852859,1987.0,0.0,private,2010,24.0,31.0,1032350.0,21025814.36,1353359.0,40249767.5,6025982.27,25974000.0,482531.0,298900.33,3.0,1080.0,253.0,1515.49,4562.5,209.0,236.0
1337,DOM-RII,La Romana II ,18.44349389,-68.97852859,1987.0,0.0,private,2011,40.0,63.0,512386.0,26507466.38,1884397.0,43656665.89,6198840.74,25939379.3,482531.0,246680.0,3.0,1014.0,265.0,1413.67,3933.33,133.0,258.0
1338,DOM-RII,La Romana II ,18.44349389,-68.97852859,1987.0,0.0,private,2012,35.0,61.0,567804.0,35256865.8,2221527.0,46456377.23,6473887.03,22007694.58,482531.0,283389.0,3.0,1359.0,440.0,1769.95,3383.72,31.0,79.0
1339,DOM-RII,La Romana II ,18.44349389,-68.97852859,1987.0,0.0,private,2013,,,836635.0,54959547.86,2904633.0,54641356.97,5845460.58,130033620.4,439431.0,381056.0,4.0,,,1902.15,4098.33,,
1340,DOM-RII,La Romana II ,18.44349389,-68.97852859,1987.0,0.0,private,2014,103.0,61.0,1093525.0,58426062.04,3357378.96,67856585.87,8162700.77,153641645.4,439431.0,422771.0,5.0,1222.0,622.0,1954.07,5365.0,289.0,176.0
1341,DOM-RII,La Romana II ,18.44349389,-68.97852859,1987.0,0.0,private,2015,95.0,105.0,1453006.0,60462198.91,3899395.0,84572883.03,8273410.3,199692125.6,439431.0,439431.0,5.0,1504.0,485.0,2186.1,4941.45,200.0,294.0
1342,DOM-RII,La Romana II ,18.44349389,-68.97852859,1987.0,0.0,private,2016,80.0,102.0,1578.83,79362.75,5151.76,88232.78,10020.11,26320202.75,482531.0,440893.0,4.0,1508.0,508.0,2250.76,3730.95,176.0,211.0
1343,DOM-RIO,Riosur ,18.5195064,-69.64306985,2017.0,0.0,private,2000,0.0,0.0,0.0,0.0,0.0,0.0,0.0,0.0,0.0,0.0,0.0,0.0,0.0,0.0,0.0,0.0,0.0
1344,DOM-RIO,Riosur ,18.5195064,-69.64306985,2017.0,0.0,private,2001,0.0,0.0,0.0,0.0,0.0,0.0,0.0,0.0,0.0,0.0,0.0,0.0,0.0,0.0,0.0,0.0,0.0
1345,DOM-RIO,Riosur ,18.5195064,-69.64306985,2017.0,0.0,private,2002,0.0,0.0,0.0,0.0,0.0,0.0,0.0,0.0,0.0,0.0,0.0,0.0,0.0,0.0,0.0,0.0,0.0
1346,DOM-RIO,Riosur ,18.5195064,-69.64306985,2017.0,0.0,private,2003,0.0,0.0,0.0,0.0,0.0,0.0,0.0,0.0,0.0,0.0,0.0,0.0,0.0,0.0,0.0,0.0,0.0
1347,DOM-RIO,Riosur ,18.5195064,-69.64306985,2017.0,0.0,private,2004,0.0,0.0,0.0,0.0,0.0,0.0,0.0,0.0,0.0,0.0,0.0,0.0,0.0,0.0,0.0,0.0,0.0
1348,DOM-RIO,Riosur ,18.5195064,-69.64306985,2017.0,0.0,private,2005,0.0,0.0,0.0,0.0,0.0,0.0,0.0,0.0,0.0,0.0,0.0,0.0,0.0,0.0,0.0,0.0,0.0
1349,DOM-RIO,Riosur ,18.5195064,-69.64306985,2017.0,0.0,private,2006,0.0,0.0,0.0,0.0,0.0,0.0,0.0,0.0,0.0,0.0,0.0,0.0,0.0,0.0,0.0,0.0,0.0
1350,DOM-RIO,Riosur ,18.5195064,-69.64306985,2017.0,0.0,private,2007,0.0,0.0,0.0,0.0,0.0,0.0,0.0,0.0,0.0,0.0,0.0,0.0,0.0,0.0,0.0,0.0,0.0
1351,DOM-RIO,Riosur ,18.5195064,-69.64306985,2017.0,0.0,private,2008,0.0,0.0,0.0,0.0,0.0,0.0,0.0,0.0,0.0,0.0,0.0,0.0,0.0,0.0,0.0,0.0,0.0
1352,DOM-RIO,Riosur ,18.5195064,-69.64306985,2017.0,0.0,private,2009,0.0,0.0,0.0,0.0,0.0,0.0,0.0,0.0,0.0,0.0,0.0,0.0,0.0,0.0,0.0,0.0,0.0
1353,DOM-RIO,Riosur ,18.5195064,-69.64306985,2017.0,0.0,private,2010,0.0,0.0,0.0,0.0,0.0,0.0,0.0,0.0,0.0,0.0,0.0,0.0,0.0,0.0,0.0,0.0,0.0
1354,DOM-RIO,Riosur ,18.5195064,-69.64306985,2017.0,0.0,private,2011,0.0,0.0,0.0,0.0,0.0,0.0,0.0,0.0,0.0,0.0,0.0,0.0,0.0,0.0,0.0,0.0,0.0
1355,DOM-RIO,Riosur ,18.5195064,-69.64306985,2017.0,0.0,private,2012,0.0,0.0,0.0,0.0,0.0,0.0,0.0,0.0,0.0,0.0,0.0,0.0,0.0,0.0,0.0,0.0,0.0
1356,DOM-RIO,Riosur ,18.5195064,-69.64306985,2017.0,0.0,private,2013,,,0.0,0.0,0.0,0.0,0.0,0.0,0.0,0.0,0.0,,,0.0,0.0,,
1357,DOM-RIO,Riosur ,18.5195064,-69.64306985,2017.0,0.0,private,2014,0.0,0.0,0.0,0.0,0.0,0.0,0.0,0.0,0.0,0.0,0.0,0.0,0.0,0.0,0.0,0.0,0.0
1358,DOM-RIO,Riosur ,18.5195064,-69.64306985,2017.0,0.0,private,2015,0.0,0.0,0.0,0.0,0.0,0.0,0.0,0.0,0.0,0.0,0.0,0.0,0.0,0.0,0.0,0.0,0.0
1359,DOM-RIO,Riosur ,18.5195064,-69.64306985,2017.0,0.0,private,2016,0.0,0.0,0.0,0.0,0.0,0.0,0.0,0.0,0.0,0.0,0.0,0.0,0.0,0.0,0.0,0.0,0.0
1377,DOM-ROM,La Romana I ,18.41862181,-68.9476164,1969.0,0.0,private,2000,184.0,237.0,1510160.0,38118402.65,5255715.34,33173329.0,0.0,45767112.0,1063858.0,1063858.0,20.0,7915.0,4604.0,729.31,2231.4,518.0,794.0
1378,DOM-ROM,La Romana I ,18.41862181,-68.9476164,1969.0,0.0,private,2001,171.0,197.0,1597092.15,49743540.42,3256054.0,33256452.12,0.0,45700466.0,1063858.0,933001.0,19.0,6587.0,3993.0,692.11,1864.53,431.0,718.0
1379,DOM-ROM,La Romana I ,18.41862181,-68.9476164,1969.0,0.0,private,2002,115.0,175.0,1616332.75,33182058.49,2274663.55,23698701.49,0.0,30360202.0,1128599.0,895409.0,15.0,5035.0,3465.0,714.55,1707.15,190.0,407.0
1380,DOM-ROM,La Romana I ,18.41862181,-68.9476164,1969.0,0.0,private,2003,108.0,161.0,2260398.7,47814816.03,2534539.02,25379912.02,3232831.04,2504.81,1128599.0,823990.0,12.0,4827.0,3037.0,957.41,1733.41,356.0,387.0
1381,DOM-ROM,La Romana I ,18.41862181,-68.9476164,1969.0,0.0,private,2004,102.0,166.0,1184616.42,74764835.34,3405629.58,17815676.7,4027088.78,64475784.34,1128599.0,780000.0,12.0,4803.0,2705.0,1208.98,2444.95,198.0,333.0
1382,DOM-ROM,La Romana I ,18.41862181,-68.9476164,1969.0,0.0,private,2005,84.0,138.0,584209.64,28743520.15,3294138.37,8774893.62,3607736.85,86871487.46,1128599.49,496184.0,8.0,2476.0,1366.0,1371.27,2830.33,56.0,218.0
1383,DOM-ROM,La Romana I ,18.41862181,-68.9476164,1969.0,0.0,private,2006,105.0,135.0,992612.24,29174906.85,2703224.98,12584215.74,3270986.63,88924034.34,1128599.49,499924.0,9.0,2894.0,1380.0,1581.51,3116.67,77.0,246.0
1384,DOM-ROM,La Romana I ,18.41862181,-68.9476164,1969.0,0.0,private,2007,97.0,146.0,788032.45,27082637.86,2499426.1,29683401.14,2589712.94,107540272.8,1128599.49,459214.0,7.0,2700.0,1228.0,1390.51,3481.01,55.0,205.0
1385,DOM-ROM,La Romana I ,18.41862181,-68.9476164,1969.0,0.0,private,2008,102.0,145.0,730458.8,33532284.52,2729242.54,61850187.69,3004730.52,142417240.5,639252.0,446054.0,7.0,2682.0,1262.0,1489.58,3370.72,56.0,205.0
1386,DOM-ROM,La Romana I ,18.41862181,-68.9476164,1969.0,0.0,private,2009,105.0,155.0,1383983.0,27220317.22,3121031.46,48362444.22,3531332.78,149027694.1,787190.0,714628.0,7.0,2473.0,1059.0,1431.89,3077.28,43.0,194.0
1387,DOM-ROM,La Romana I ,18.41862181,-68.9476164,1969.0,0.0,private,2010,107.0,167.0,863915.65,28893398.31,3278119.18,76010121.76,3221721.58,117961569.5,787190.0,463390.0,6.0,3012.0,1394.0,1728.7,3043.14,49.0,291.0
1388,DOM-ROM,La Romana I ,18.41862181,-68.9476164,1969.0,0.0,private,2011,108.0,169.0,1117443.0,38452319.51,3456330.72,87869159.07,3122093.57,96090446.4,787190.0,643236.0,7.0,3150.0,1366.0,1705.13,2826.77,61.0,323.0
1389,DOM-ROM,La Romana I ,18.41862181,-68.9476164,1969.0,0.0,private,2012,101.0,165.0,971957.19,38473255.24,4133658.15,90844829.43,2310621.26,109348909.2,787190.0,643826.0,7.0,2950.0,1475.0,1941.81,4025.13,82.0,325.0
1390,DOM-ROM,La Romana I ,18.41862181,-68.9476164,1969.0,0.0,private,2013,,,1070666.0,65639346.42,5463234.0,118273570.9,4992213.38,23976243.91,658062.0,593029.0,6.0,,,1914.09,3292.3,,
1391,DOM-ROM,La Romana I ,18.41862181,-68.9476164,1969.0,0.0,private,2014,121.0,202.0,848204.35,90106211.87,7308210.71,114852182.7,10748793.01,22350938.8,694804.0,623433.0,6.0,2926.0,1357.0,2764.25,5566.3,71.0,198.0
1392,DOM-ROM,La Romana I ,18.41862181,-68.9476164,1969.0,0.0,private,2015,146.0,237.0,946506.25,89889901.15,7541434.38,135021535.5,8125120.12,27487893.6,694804.0,638819.78,7.0,3066.0,1427.0,2946.08,4752.2,87.0,188.0
1393,DOM-ROM,La Romana I ,18.41862181,-68.9476164,1969.0,0.0,private,2016,155.0,239.0,1521.43,85530.98,7220.9,156109.18,14004.5,190093144.4,787190.0,751803.0,6.0,2922.0,1288.0,2735.42,4190.25,136.0,173.0
1394,DOM-S12,Santiago ,19.47670339,-70.72489004,1974.0,0.0,mix,2000,569.0,673.0,13636879.0,101656845.0,13441979.47,93401094.0,0.0,225923451.6,3595618.0,3437048.0,77.0,20499.0,19463.0,819.91,1819.77,1279.0,2296.0
1395,DOM-S12,Santiago ,19.47670339,-70.72489004,1974.0,0.0,mix,2001,610.0,720.0,12194254.78,94383489.6,10063519.18,71771272.25,0.0,204519706.0,3615811.0,3575811.0,79.0,17786.0,15975.0,885.23,1778.07,1625.0,2471.0
1396,DOM-S12,Santiago ,19.47670339,-70.72489004,1974.0,0.0,mix,2002,657.0,871.0,17540323.43,102560173.3,14482969.58,80801193.62,0.0,224106287.1,3639349.0,3577607.2,84.0,18297.0,18429.0,848.04,1852.0,1123.0,2493.0
1397,DOM-S12,Santiago ,19.47670339,-70.72489004,1974.0,0.0,mix,2003,738.0,928.0,34218860.57,201119669.6,16520485.61,92329447.79,21591433.41,249613960.8,3661475.0,3549868.0,83.0,17572.0,17499.0,1028.91,2046.54,1306.0,2430.0
1398,DOM-S12,Santiago ,19.47670339,-70.72489004,1974.0,0.0,mix,2004,785.0,955.0,23892849.44,308988769.2,24149543.55,81698044.19,33352697.87,299285306.2,3684117.32,3684117.32,83.0,18994.0,19342.0,1167.37,2478.12,1320.0,2192.0
1399,DOM-S12,Santiago ,19.47670339,-70.72489004,1974.0,0.0,mix,2005,644.0,753.0,32493454.17,303091368.2,24579596.4,94397401.9,33365802.05,364876269.1,3705996.68,3585213.68,77.0,14838.0,15273.0,1414.48,2872.94,1388.0,1982.0
1400,DOM-S12,Santiago ,19.47670339,-70.72489004,1974.0,0.0,mix,2006,596.0,686.0,35329977.0,293768218.6,24586372.22,74116296.7,35722962.3,388270658.3,3705996.68,3591748.68,74.0,12664.0,12316.0,1575.32,3023.81,1538.0,2065.0
1401,DOM-S12,Santiago ,19.47670339,-70.72489004,1974.0,0.0,mix,2007,441.0,510.0,17583117.16,161897027.3,16283965.76,177824716.7,25846482.74,236055928.7,3705997.0,2672118.0,68.0,8414.0,6623.0,1630.31,3406.77,715.0,974.0
1402,DOM-S12,Santiago ,19.47670339,-70.72489004,1974.0,0.0,mix,2008,453.0,499.0,13718573.17,166163383.1,13158164.02,372308187.2,23194480.42,310274473.9,3709700.64,3073242.0,65.0,7843.0,5592.0,1774.77,3689.42,798.0,1155.0
1403,DOM-S12,Santiago ,19.47670339,-70.72489004,1974.0,0.0,mix,2009,371.0,490.0,16174542.36,129867974.1,12134516.23,419989450.0,24463355.34,300025234.2,3709700.64,3039789.88,69.0,6516.0,5577.0,1724.54,3658.52,541.0,1036.0
1404,DOM-S12,Santiago ,19.47670339,-70.72489004,1974.0,0.0,mix,2010,344.0,470.0,15411805.21,166844336.3,12982721.28,399145603.4,23907167.5,278022900.5,3709700.64,3027622.0,67.0,6227.0,5308.0,1835.03,3328.56,511.0,1072.0
1405,DOM-S12,Santiago ,19.47670339,-70.72489004,1974.0,0.0,mix,2011,387.0,495.0,17049702.13,186080832.9,13756191.89,338004851.7,24975944.45,282651061.6,3709700.64,3052291.59,70.0,6641.0,5363.0,1953.6,3692.13,350.0,1014.0
1406,DOM-S12,Santiago ,19.47670339,-70.72489004,1974.0,0.0,mix,2012,428.0,505.0,18209285.45,194981328.6,15151115.28,394171662.0,29898634.97,300309573.2,3736116.0,3218791.07,78.0,7445.0,6267.0,2054.16,4090.84,436.0,1371.0
1407,DOM-S12,Santiago ,19.47670339,-70.72489004,1974.0,0.0,mix,2013,,,21814489.68,224571070.4,18653705.25,577291276.6,31120537.85,309542374.3,4418208.71,4418208.71,74.0,,,2302.97,4478.57,,
1408,DOM-S12,Santiago ,19.47670339,-70.72489004,1974.0,0.0,mix,2014,453.0,512.0,26372764.74,293475351.9,21115489.4,375618476.3,37451294.78,327431525.0,4304254.48,4174200.74,74.0,7954.0,6952.0,2262.25,4437.07,563.0,1449.0
1409,DOM-S12,Santiago ,19.47670339,-70.72489004,1974.0,0.0,mix,2015,544.0,547.0,32558019.14,291582455.3,24732793.16,632323833.5,42307567.05,394255108.6,4362630.59,4177185.13,75.0,8331.0,7051.0,2533.83,4730.49,409.0,1333.0
1410,DOM-S12,Santiago ,19.47670339,-70.72489004,1974.0,0.0,mix,2016,560.0,556.0,32161.21,386730.67,25948.89,527000.37,44071.28,481804920.0,5358867.29,5328267.29,77.0,7403.0,7085.0,2771.93,5385.03,391.0,1631.0
1411,DOM-SAG,Zona Franca Ind. SAG,19.43723474,-70.61735952,2012.0,0.0,private,2000,0.0,0.0,0.0,0.0,0.0,0.0,0.0,0.0,0.0,0.0,0.0,0.0,0.0,0.0,0.0,0.0,0.0
1412,DOM-SAG,Zona Franca Ind. SAG,19.43723474,-70.61735952,2012.0,0.0,private,2001,0.0,0.0,0.0,0.0,0.0,0.0,0.0,0.0,0.0,0.0,0.0,0.0,0.0,0.0,0.0,0.0,0.0
1413,DOM-SAG,Zona Franca Ind. SAG,19.43723474,-70.61735952,2012.0,0.0,private,2002,0.0,0.0,0.0,0.0,0.0,0.0,0.0,0.0,0.0,0.0,0.0,0.0,0.0,0.0,0.0,0.0,0.0
1414,DOM-SAG,Zona Franca Ind. SAG,19.43723474,-70.61735952,2012.0,0.0,private,2003,0.0,0.0,0.0,0.0,0.0,0.0,0.0,0.0,0.0,0.0,0.0,0.0,0.0,0.0,0.0,0.0,0.0
1415,DOM-SAG,Zona Franca Ind. SAG,19.43723474,-70.61735952,2012.0,0.0,private,2004,0.0,0.0,0.0,0.0,0.0,0.0,0.0,0.0,0.0,0.0,0.0,0.0,0.0,0.0,0.0,0.0,0.0
1416,DOM-SAG,Zona Franca Ind. SAG,19.43723474,-70.61735952,2012.0,0.0,private,2005,0.0,0.0,0.0,0.0,0.0,0.0,0.0,0.0,0.0,0.0,0.0,0.0,0.0,0.0,0.0,0.0,0.0
1417,DOM-SAG,Zona Franca Ind. SAG,19.43723474,-70.61735952,2012.0,0.0,private,2006,0.0,0.0,0.0,0.0,0.0,0.0,0.0,0.0,0.0,0.0,0.0,0.0,0.0,0.0,0.0,0.0,0.0
1418,DOM-SAG,Zona Franca Ind. SAG,19.43723474,-70.61735952,2012.0,0.0,private,2007,0.0,0.0,0.0,0.0,0.0,0.0,0.0,0.0,0.0,0.0,0.0,0.0,0.0,0.0,0.0,0.0,0.0
1419,DOM-SAG,Zona Franca Ind. SAG,19.43723474,-70.61735952,2012.0,0.0,private,2008,0.0,0.0,0.0,0.0,0.0,0.0,0.0,0.0,0.0,0.0,0.0,0.0,0.0,0.0,0.0,0.0,0.0
1420,DOM-SAG,Zona Franca Ind. SAG,19.43723474,-70.61735952,2012.0,0.0,private,2009,0.0,0.0,0.0,0.0,0.0,0.0,0.0,0.0,0.0,0.0,0.0,0.0,0.0,0.0,0.0,0.0,0.0
1421,DOM-SAG,Zona Franca Ind. SAG,19.43723474,-70.61735952,2012.0,0.0,private,2010,0.0,0.0,0.0,0.0,0.0,0.0,0.0,0.0,0.0,0.0,0.0,0.0,0.0,0.0,0.0,0.0,0.0
1422,DOM-SAG,Zona Franca Ind. SAG,19.43723474,-70.61735952,2012.0,0.0,private,2011,0.0,0.0,0.0,0.0,0.0,0.0,0.0,0.0,0.0,0.0,0.0,0.0,0.0,0.0,0.0,0.0,0.0
1423,DOM-SAG,Zona Franca Ind. SAG,19.43723474,-70.61735952,2012.0,0.0,private,2012,4.0,14.0,67184.0,1904171.69,169376.0,5977094.35,691475.94,3200000.0,66635.7,66635.7,2.0,119.0,147.0,1600.0,2250.0,6.0,3.0
1424,DOM-SAG,Zona Franca Ind. SAG,19.43723474,-70.61735952,2012.0,0.0,private,2013,,,109114.0,3007786.0,335147.0,7223336.71,833279.05,4000000.0,66635.7,66635.7,2.0,,,2850.0,3625.0,,
1425,DOM-SAG,Zona Franca Ind. SAG,19.43723474,-70.61735952,2012.0,0.0,private,2014,12.0,5.0,178068.0,2404431.0,406436.0,8837135.14,681447.0,3875000.0,66635.7,66635.7,1.0,151.0,132.0,1850.0,4100.0,7.0,8.0
1426,DOM-SAG,Zona Franca Ind. SAG,19.43723474,-70.61735952,2012.0,0.0,private,2015,8.0,3.0,178492.17,2062396.65,263429.26,5636840.71,708673.57,3675420.2,66635.7,66635.7,1.0,71.0,83.0,1850.0,4745.0,2.0,8.0
1427,DOM-SAG,Zona Franca Ind. SAG,19.43723474,-70.61735952,2012.0,0.0,private,2016,8.0,4.0,178.49,2062.4,263.43,7043.4,708.67,4726408.12,66635.7,66635.7,1.0,91.0,102.0,2100.0,5150.0,2.0,9.0
1445,DOM-SEI,El Seibo ,18.76891317,-69.05392215,2000.0,0.0,public,2000,2.0,3.0,0.0,0.0,0.0,0.0,0.0,0.0,48561.0,16187.0,1.0,84.0,53.0,570.0,850.0,2.0,6.0
1446,DOM-SEI,El Seibo ,18.76891317,-69.05392215,2000.0,0.0,public,2001,8.0,4.0,60000.0,0.0,79024.0,790246.0,0.0,1100000.0,32375.0,32375.0,1.0,237.0,7.0,610.0,1600.0,0.0,9.0
1447,DOM-SEI,El Seibo ,18.76891317,-69.05392215,2000.0,0.0,public,2002,0.0,7.0,36000.0,0.0,80000.0,480000.0,0.0,1000000.0,48561.0,32374.0,1.0,268.0,3.0,649.0,1200.0,0.0,11.0
1448,DOM-SEI,El Seibo ,18.76891317,-69.05392215,2000.0,0.0,public,2003,2.0,2.0,36000.0,0.0,80000.0,480000.0,51516.0,1000000.0,32374.0,32374.0,1.0,298.0,24.0,844.0,2000.0,0.0,0.0
1449,DOM-SEI,El Seibo ,18.76891317,-69.05392215,2000.0,0.0,public,2004,2.0,2.0,38450.0,0.0,85000.0,200000.0,95540.0,1200000.0,48563.0,48563.0,1.0,263.0,81.0,950.0,2100.0,1.0,2.0
1450,DOM-SEI,El Seibo ,18.76891317,-69.05392215,2000.0,0.0,public,2005,3.0,3.0,58471.4,1059585.08,18547.0,0.0,162826.17,1280000.0,48563.0,32375.0,2.0,272.0,104.0,1012.0,1999.5,3.0,8.0
1451,DOM-SEI,El Seibo ,18.76891317,-69.05392215,2000.0,0.0,public,2006,1.0,4.0,0.0,0.0,159505.21,497872.54,439202.0,380000.0,48563.0,32375.0,2.0,135.0,58.0,1030.48,3000.0,18.0,8.0
1452,DOM-SEI,El Seibo ,18.76891317,-69.05392215,2000.0,0.0,public,2007,1.0,1.0,20245.0,612457.0,10458.0,135016.0,165365.25,270000.0,48563.0,32375.0,1.0,86.0,15.0,1142.58,3650.0,13.0,6.0
1453,DOM-SEI,El Seibo ,18.76891317,-69.05392215,2000.0,0.0,public,2008,4.0,3.0,56493.0,785000.0,50078.64,457382.55,181800.0,485000.0,48563.0,32375.0,2.0,109.0,9.0,1117.0,6000.0,1.0,5.0
1454,DOM-SEI,El Seibo ,18.76891317,-69.05392215,2000.0,0.0,public,2009,3.0,3.0,22356.0,336000.0,30000.0,598589.94,69600.0,100000.0,48563.0,16188.0,1.0,65.0,2.0,1450.0,4500.0,0.0,1.0
1455,DOM-SEI,El Seibo ,18.76891317,-69.05392215,2000.0,0.0,public,2010,5.0,0.0,22344.0,540000.0,30000.0,941028.41,66720.0,180000.0,48563.0,16040.0,1.0,81.0,5.0,1450.0,4500.0,0.0,2.0
1456,DOM-SEI,El Seibo ,18.76891317,-69.05392215,2000.0,0.0,public,2011,6.0,2.0,32002.0,521478.0,23251.0,1388704.73,68251.0,165428.0,48563.0,48563.0,1.0,73.0,8.0,1475.0,4800.0,1.0,2.0
1457,DOM-SEI,El Seibo ,18.76891317,-69.05392215,2000.0,0.0,public,2012,2.0,0.0,34344.0,542318.0,53038.0,1503183.87,77769.0,350000.0,48563.0,48563.0,2.0,100.0,11.0,1567.62,3811.5,1.0,4.0
1458,DOM-SEI,El Seibo ,18.76891317,-69.05392215,2000.0,0.0,public,2013,,,21724.0,300000.0,12320.0,1636707.65,13400.0,400000.0,487111.04,487111.04,2.0,,,1671.34,3811.5,,
1459,DOM-SEI,El Seibo ,18.76891317,-69.05392215,2000.0,0.0,public,2014,9.0,6.0,39802.0,855805.0,85058.0,1836406.72,93528.0,500000.0,48711.04,48711.04,2.0,130.0,7.0,1707.5,3722.5,2.0,2.0
1460,DOM-SEI,El Seibo ,18.76891317,-69.05392215,2000.0,0.0,public,2015,4.0,1.0,22344.0,909547.0,107324.0,2171268.1,138000.0,500000.0,48711.04,48711.04,2.0,114.0,17.0,1937.85,2875.0,1.0,3.0
1461,DOM-SEI,El Seibo ,18.76891317,-69.05392215,2000.0,0.0,public,2016,0.0,1.0,32.84,919.6,102.37,2750.05,146.28,750000.0,48775.71,48775.71,2.0,117.0,13.0,1919.0,3700.0,1.0,2.0
1462,DOM-SLI,Parque Tecnologico de Santiago ,19.4462542,-70.639953,1993.0,0.0,private,2000,18.0,11.0,112392.83,990083.26,0.0,754365.0,0.0,5324144.0,155000.0,147250.0,7.0,440.0,606.0,862.0,2207.4,9.0,36.0
1463,DOM-SLI,Parque Tecnologico de Santiago ,19.4462542,-70.639953,1993.0,0.0,private,2001,21.0,17.0,93684.86,1543339.11,226326.05,1244326.49,0.0,5841036.0,155000.0,145351.0,7.0,429.0,536.0,838.82,1440.83,25.0,85.0
1464,DOM-SLI,Parque Tecnologico de Santiago ,19.4462542,-70.639953,1993.0,0.0,private,2002,24.0,15.0,114952.3,2129339.17,220157.78,1411553.4,0.0,5266436.0,162000.0,133500.0,9.0,252.0,409.0,919.38,1247.0,12.0,52.0
1465,DOM-SLI,Parque Tecnologico de Santiago ,19.4462542,-70.639953,1993.0,0.0,private,2003,26.0,18.0,59152.5,1372721.6,99751.2,333102.6,912937.19,5096523.67,162000.0,142500.0,11.0,160.0,378.0,1184.29,2499.3,9.0,45.0
1466,DOM-SLI,Parque Tecnologico de Santiago ,19.4462542,-70.639953,1993.0,0.0,private,2004,26.0,19.0,167367.5,7994044.26,438906.89,831191.0,1613941.0,5896089.89,162000.0,150000.0,12.0,236.0,529.0,1348.65,3569.22,23.0,51.0
1467,DOM-SLI,Parque Tecnologico de Santiago ,19.4462542,-70.639953,1993.0,0.0,private,2005,41.0,69.0,188442.23,8818173.82,751988.75,989251.42,1995157.97,6888061.78,162000.0,141000.0,11.0,206.0,349.0,1591.77,2898.55,17.0,59.0
1468,DOM-SLI,Parque Tecnologico de Santiago ,19.4462542,-70.639953,1993.0,0.0,private,2006,18.0,7.0,117567.74,3091175.19,197569.86,115086.17,1769901.0,5602682.06,177750.0,126500.0,7.0,34.0,141.0,1336.05,3953.14,4.0,13.0
1469,DOM-SLI,Parque Tecnologico de Santiago ,19.4462542,-70.639953,1993.0,0.0,private,2007,9.0,6.0,110292.36,3788948.8,146439.83,1888681.38,1449649.33,6624658.03,177750.0,79500.0,7.0,17.0,61.0,1347.71,3424.13,6.0,32.0
1470,DOM-SLI,Parque Tecnologico de Santiago ,19.4462542,-70.639953,1993.0,0.0,private,2008,17.0,17.0,143693.7,2823416.28,146174.29,6305425.57,820269.95,8454945.33,177750.0,103500.0,8.0,56.0,211.0,1851.89,3925.0,1.0,6.0
1471,DOM-SLI,Parque Tecnologico de Santiago ,19.4462542,-70.639953,1993.0,0.0,private,2009,7.0,11.0,145396.5,4382922.63,217540.05,5287273.28,843597.41,8538773.87,150500.0,77500.0,8.0,82.0,178.0,1627.6,3085.71,2.0,9.0
1472,DOM-SLI,Parque Tecnologico de Santiago ,19.4462542,-70.639953,1993.0,0.0,private,2010,9.0,8.0,122343.0,4969175.89,256937.0,5915651.74,892153.21,7826394.28,150500.0,77500.0,8.0,63.0,184.0,1546.42,2990.04,3.0,6.0
1473,DOM-SLI,Parque Tecnologico de Santiago ,19.4462542,-70.639953,1993.0,0.0,private,2011,9.0,11.0,190269.0,4793079.86,246967.0,6050267.9,812426.51,6885414.8,150500.0,127500.0,9.0,85.0,117.0,2001.05,3202.71,5.0,6.0
1474,DOM-SLI,Parque Tecnologico de Santiago ,19.4462542,-70.639953,1993.0,0.0,private,2012,10.0,7.0,169468.0,4358267.17,226855.0,4505223.74,472843.03,4546693.8,150500.0,65400.0,8.0,87.0,117.0,2101.45,3516.67,5.0,10.0
1475,DOM-SLI,Parque Tecnologico de Santiago ,19.4462542,-70.639953,1993.0,0.0,private,2013,,,204585.0,7256028.88,267533.0,6639110.01,546428.37,9760616.35,146500.0,92500.0,8.0,,,2208.2,4145.83,,
1476,DOM-SLI,Parque Tecnologico de Santiago ,19.4462542,-70.639953,1993.0,0.0,private,2014,9.0,11.0,199839.0,6436875.41,192579.24,6846228.67,459926.77,6167959.6,146500.0,92500.0,8.0,83.0,210.0,2209.8,6693.75,3.0,4.0
1477,DOM-SLI,Parque Tecnologico de Santiago ,19.4462542,-70.639953,1993.0,0.0,private,2015,10.0,14.0,274253.0,6000754.68,356271.97,7847364.7,568696.68,7697014.1,146500.0,106450.0,8.0,66.0,165.0,2433.42,5641.67,1.0,4.0
1478,DOM-SLI,Parque Tecnologico de Santiago ,19.4462542,-70.639953,1993.0,0.0,private,2016,13.0,14.0,314.55,6945.19,426.52,9347.21,595.45,8488603.96,146500.0,106450.0,9.0,73.0,179.0,3106.92,6605.0,1.0,7.0
1513,DOM-TAL,Intercontinental ,18.56054395,-70.07035003,2015.0,0.0,private,2000,0.0,0.0,0.0,0.0,0.0,0.0,0.0,0.0,0.0,0.0,0.0,0.0,0.0,0.0,0.0,0.0,0.0
1514,DOM-TAL,Intercontinental ,18.56054395,-70.07035003,2015.0,0.0,private,2001,0.0,0.0,0.0,0.0,0.0,0.0,0.0,0.0,0.0,0.0,0.0,0.0,0.0,0.0,0.0,0.0,0.0
1515,DOM-TAL,Intercontinental ,18.56054395,-70.07035003,2015.0,0.0,private,2002,0.0,0.0,0.0,0.0,0.0,0.0,0.0,0.0,0.0,0.0,0.0,0.0,0.0,0.0,0.0,0.0,0.0
1516,DOM-TAL,Intercontinental ,18.56054395,-70.07035003,2015.0,0.0,private,2003,0.0,0.0,0.0,0.0,0.0,0.0,0.0,0.0,0.0,0.0,0.0,0.0,0.0,0.0,0.0,0.0,0.0
1517,DOM-TAL,Intercontinental ,18.56054395,-70.07035003,2015.0,0.0,private,2004,0.0,0.0,0.0,0.0,0.0,0.0,0.0,0.0,0.0,0.0,0.0,0.0,0.0,0.0,0.0,0.0,0.0
1518,DOM-TAL,Intercontinental ,18.56054395,-70.07035003,2015.0,0.0,private,2005,0.0,0.0,0.0,0.0,0.0,0.0,0.0,0.0,0.0,0.0,0.0,0.0,0.0,0.0,0.0,0.0,0.0
1519,DOM-TAL,Intercontinental ,18.56054395,-70.07035003,2015.0,0.0,private,2006,0.0,0.0,0.0,0.0,0.0,0.0,0.0,0.0,0.0,0.0,0.0,0.0,0.0,0.0,0.0,0.0,0.0
1520,DOM-TAL,Intercontinental ,18.56054395,-70.07035003,2015.0,0.0,private,2007,0.0,0.0,0.0,0.0,0.0,0.0,0.0,0.0,0.0,0.0,0.0,0.0,0.0,0.0,0.0,0.0,0.0
1521,DOM-TAL,Intercontinental ,18.56054395,-70.07035003,2015.0,0.0,private,2008,0.0,0.0,0.0,0.0,0.0,0.0,0.0,0.0,0.0,0.0,0.0,0.0,0.0,0.0,0.0,0.0,0.0
1522,DOM-TAL,Intercontinental ,18.56054395,-70.07035003,2015.0,0.0,private,2009,0.0,0.0,0.0,0.0,0.0,0.0,0.0,0.0,0.0,0.0,0.0,0.0,0.0,0.0,0.0,0.0,0.0
1523,DOM-TAL,Intercontinental ,18.56054395,-70.07035003,2015.0,0.0,private,2010,0.0,0.0,0.0,0.0,0.0,0.0,0.0,0.0,0.0,0.0,0.0,0.0,0.0,0.0,0.0,0.0,0.0
1524,DOM-TAL,Intercontinental ,18.56054395,-70.07035003,2015.0,0.0,private,2011,0.0,0.0,0.0,0.0,0.0,0.0,0.0,0.0,0.0,0.0,0.0,0.0,0.0,0.0,0.0,0.0,0.0
1525,DOM-TAL,Intercontinental ,18.56054395,-70.07035003,2015.0,0.0,private,2012,0.0,0.0,0.0,0.0,0.0,0.0,0.0,0.0,0.0,0.0,0.0,0.0,0.0,0.0,0.0,0.0,0.0
1526,DOM-TAL,Intercontinental ,18.56054395,-70.07035003,2015.0,0.0,private,2013,,,0.0,0.0,0.0,0.0,0.0,0.0,0.0,0.0,0.0,,,0.0,0.0,,
1527,DOM-TAL,Intercontinental ,18.56054395,-70.07035003,2015.0,0.0,private,2014,0.0,0.0,0.0,0.0,0.0,0.0,0.0,0.0,0.0,0.0,0.0,0.0,0.0,0.0,0.0,0.0,0.0
1528,DOM-TAL,Intercontinental ,18.56054395,-70.07035003,2015.0,0.0,private,2015,0.0,1.0,0.0,0.0,3745.0,40132.19,24508.98,146216.0,51432.0,43040.0,1.0,0.0,0.0,0.0,5736.96,0.0,1.0
1529,DOM-TAL,Intercontinental ,18.56054395,-70.07035003,2015.0,0.0,private,2016,1.0,5.0,0.0,1251.31,20.08,624.92,179.33,1050670.4,62577.0,62577.0,2.0,0.0,33.0,2296.75,5800.0,0.0,1.0
1530,DOM-TAM,Tamboril ,19.48142597,-70.63333181,1997.0,0.0,private,2000,1.0,5.0,0.0,4500.0,0.0,15230.0,0.0,220900.0,80000.0,20000.0,1.0,14.0,5.0,650.0,0.0,0.0,0.0
1531,DOM-TAM,Tamboril ,19.48142597,-70.63333181,1997.0,0.0,private,2001,2.0,7.0,6000.0,1280000.0,24000.0,315000.0,0.0,1105421.0,191724.0,191724.0,1.0,69.0,87.0,700.0,1800.0,8.0,16.0
1532,DOM-TAM,Tamboril ,19.48142597,-70.63333181,1997.0,0.0,private,2002,3.0,9.0,29500.0,2366981.78,32121.0,391718.5,0.0,1712597.0,184879.0,165374.0,2.0,48.0,160.0,725.0,1600.0,14.0,34.0
1533,DOM-TAM,Tamboril ,19.48142597,-70.63333181,1997.0,0.0,private,2003,25.0,14.0,525165.16,4691649.35,74234.54,359637.5,1135211.05,2820734.09,184879.0,184879.0,5.0,265.0,250.0,1288.25,1703.46,19.0,53.0
1534,DOM-TAM,Tamboril ,19.48142597,-70.63333181,1997.0,0.0,private,2004,21.0,14.0,292089.01,7464937.92,283577.59,695833.11,2384349.3,2960950.0,184879.0,184879.0,5.0,221.0,332.0,883.75,2370.0,13.0,26.0
1535,DOM-TAM,Tamboril ,19.48142597,-70.63333181,1997.0,0.0,private,2005,27.0,26.0,230730.0,10465287.93,440309.86,1477759.33,1742157.93,2493256.3,216000.0,171653.0,5.0,150.0,268.0,1362.83,2648.4,32.0,72.0
1536,DOM-TAM,Tamboril ,19.48142597,-70.63333181,1997.0,0.0,private,2006,39.0,24.0,281895.0,12144439.26,341408.41,980921.13,1729837.67,5051256.3,216000.0,171653.0,4.0,160.0,159.0,1499.25,3350.67,17.0,32.0
1537,DOM-TAM,Tamboril ,19.48142597,-70.63333181,1997.0,0.0,private,2007,11.0,23.0,125577.0,7647898.55,15015.0,1767131.69,737265.01,11281686.0,216000.0,88410.0,3.0,315.0,204.0,1130.78,2833.33,1.0,11.0
1538,DOM-TAM,Tamboril ,19.48142597,-70.63333181,1997.0,0.0,private,2008,30.0,67.0,221300.0,10643103.24,901435.3,32580057.42,907525.86,19152530.4,216000.0,107666.59,5.0,681.0,530.0,1420.51,3575.0,6.0,26.0
1539,DOM-TAM,Tamboril ,19.48142597,-70.63333181,1997.0,0.0,private,2009,20.0,41.0,187893.2,15307395.82,816230.55,7381582.97,2222398.76,25009980.96,216000.0,216000.0,5.0,602.0,294.0,2533.26,2962.75,2.0,25.0
1540,DOM-TAM,Tamboril ,19.48142597,-70.63333181,1997.0,0.0,private,2010,22.0,32.0,150799.2,8487711.31,470710.92,5986772.08,1000568.06,25743439.15,270685.33,235078.0,8.0,394.0,190.0,1986.5,3116.93,23.0,72.0
1541,DOM-TAM,Tamboril ,19.48142597,-70.63333181,1997.0,0.0,private,2011,75.0,44.0,362295.2,21213843.83,1704566.0,40468244.36,2469710.24,31327567.4,388000.0,388000.0,9.0,1819.0,997.0,1671.2,3286.85,45.0,67.0
1542,DOM-TAM,Tamboril ,19.48142597,-70.63333181,1997.0,0.0,private,2012,79.0,64.0,288050.0,39412130.31,2926636.56,75275387.33,2175364.52,34757363.57,388000.0,388000.0,7.0,2086.0,1286.0,2065.5,4650.03,58.0,161.0
1543,DOM-TAM,Tamboril ,19.48142597,-70.63333181,1997.0,0.0,private,2013,,,1592860.73,47207755.04,4202369.0,88128892.89,2000905.4,119387204.2,688640.0,688640.0,8.0,,,2221.74,4100.0,,
1544,DOM-TAM,Tamboril ,19.48142597,-70.63333181,1997.0,0.0,private,2014,76.0,92.0,1519316.27,75931434.73,5449801.67,117687230.4,2566912.95,119205726.2,688640.0,688640.0,10.0,2778.0,2113.0,2189.5,4103.83,165.0,398.0
1545,DOM-TAM,Tamboril ,19.48142597,-70.63333181,1997.0,0.0,private,2015,104.0,113.0,2060706.32,80861818.16,5922129.16,137435425.2,3014177.21,135653985.1,656119.0,656119.0,10.0,2387.0,1932.0,2305.13,4749.78,217.0,413.0
1546,DOM-TAM,Tamboril ,19.48142597,-70.63333181,1997.0,0.0,private,2016,93.0,114.0,4596.8,151758.85,8303.48,160109.11,4552.47,135588673.2,824250.0,620403.0,11.0,2452.0,2433.0,2393.55,4563.17,144.0,368.0
1547,DOM-VEG,La Vega ,19.24673204,-70.55649026,1987.0,0.0,public,2000,156.0,204.0,1031627.0,19505860.5,2669151.67,18751875.0,0.0,45018217.52,1283873.0,1283873.0,30.0,5597.0,6720.0,716.77,1608.1,277.0,526.0
1548,DOM-VEG,La Vega ,19.24673204,-70.55649026,1987.0,0.0,public,2001,195.0,243.0,813431.79,18458617.35,10642320.08,87093851.53,0.0,35333650.95,1116683.0,1116683.0,28.0,4217.0,4970.0,720.88,1740.93,248.0,451.0
1549,DOM-VEG,La Vega ,19.24673204,-70.55649026,1987.0,0.0,public,2002,153.0,140.0,528176.65,25404777.15,3302158.89,24636162.19,0.0,33358579.75,1116683.0,1116683.0,32.0,4557.0,5415.0,779.86,1657.9,187.0,542.0
1550,DOM-VEG,La Vega ,19.24673204,-70.55649026,1987.0,0.0,public,2003,141.0,136.0,1383746.7,36287644.7,2877482.27,33048282.13,6395237.19,28916103.0,1116683.0,1116683.0,32.0,4343.0,5182.0,846.96,1769.4,281.0,587.0
1551,DOM-VEG,La Vega ,19.24673204,-70.55649026,1987.0,0.0,public,2004,157.0,154.0,1579188.62,62456738.43,3806124.69,16118619.59,8066854.47,25048742.11,1228505.0,1228505.0,30.0,4393.0,4700.0,1024.4,2185.83,241.0,607.0
1552,DOM-VEG,La Vega ,19.24673204,-70.55649026,1987.0,0.0,public,2005,103.0,139.0,633163.5,42998044.02,3271956.75,13783180.84,6693525.45,36825806.62,1208176.0,1208176.0,21.0,2908.0,3224.0,1170.43,2490.48,136.0,349.0
1553,DOM-VEG,La Vega ,19.24673204,-70.55649026,1987.0,0.0,public,2006,110.0,140.0,1276016.28,55704977.32,3962920.62,16521788.65,9667117.76,67878688.21,1208176.0,1208176.0,27.0,2978.0,3032.0,1233.65,2891.53,140.0,383.0
1554,DOM-VEG,La Vega ,19.24673204,-70.55649026,1987.0,0.0,public,2007,80.0,72.0,882786.0,37044662.79,2169976.68,23892615.3,6660364.34,58628083.13,1208176.0,1093112.0,24.0,2044.0,2100.0,1281.53,3836.31,78.0,242.0
1555,DOM-VEG,La Vega ,19.24673204,-70.55649026,1987.0,0.0,public,2008,71.0,111.0,770575.63,30021879.85,1872791.36,42926959.0,5135740.31,29048057.92,1208176.0,1093112.0,22.0,2027.0,2027.0,1358.65,2984.12,64.0,266.0
1556,DOM-VEG,La Vega ,19.24673204,-70.55649026,1987.0,0.0,public,2009,51.0,62.0,413403.0,22856282.57,1099318.98,15508283.6,2792625.3,31272807.25,1208176.0,1048074.0,19.0,1588.0,1616.0,1329.78,3021.27,61.0,239.0
1557,DOM-VEG,La Vega ,19.24673204,-70.55649026,1987.0,0.0,public,2010,60.0,58.0,740548.49,35713830.0,1724458.5,46127044.08,3636941.93,41049789.56,1208176.0,1021199.0,23.0,2427.0,2528.0,1466.29,3190.84,82.0,332.0
1558,DOM-VEG,La Vega ,19.24673204,-70.55649026,1987.0,0.0,public,2011,60.0,64.0,1073158.17,50243306.14,2388481.0,58945323.97,4709304.3,40072679.2,1173226.0,1142783.0,21.0,2504.0,2245.0,1584.76,3356.29,90.0,390.0
1559,DOM-VEG,La Vega ,19.24673204,-70.55649026,1987.0,0.0,public,2012,51.0,59.0,895640.7,57437671.39,2583834.45,58689408.68,4885253.45,41397804.18,1173226.0,920888.74,19.0,2404.0,2200.0,1727.62,3686.81,122.0,449.0
1560,DOM-VEG,La Vega ,19.24673204,-70.55649026,1987.0,0.0,public,2013,,,1050411.41,67115276.52,3403121.05,86171875.77,4497035.91,43884802.95,1122197.2,994814.98,18.0,,,1894.85,3737.21,,
1561,DOM-VEG,La Vega ,19.24673204,-70.55649026,1987.0,0.0,public,2014,102.0,131.0,1886356.32,129657135.5,11961332.15,102344837.0,4984907.91,44213754.4,1122197.2,1067969.53,16.0,2992.0,2982.0,1942.0,4189.4,158.0,468.0
1562,DOM-VEG,La Vega ,19.24673204,-70.55649026,1987.0,0.0,public,2015,70.0,77.0,1793569.0,61770972.74,4513150.0,107008260.7,5568246.32,49863556.7,1122197.0,1122197.0,17.0,3053.0,2901.0,2176.73,4754.71,125.0,453.0
1563,DOM-VEG,La Vega ,19.24673204,-70.55649026,1987.0,0.0,public,2016,58.0,90.0,2539.47,50380.11,4535.28,109065.73,6435.25,48503969.15,1261076.26,1157306.67,17.0,2654.0,2508.0,2221.09,4671.84,116.0,442.0
1564,DOM-VER,Luperon Verde ,19.79325036,-70.68090459,2019.0,0.0,private,2000,0.0,0.0,0.0,0.0,0.0,0.0,0.0,0.0,0.0,0.0,0.0,0.0,0.0,0.0,0.0,0.0,0.0
1565,DOM-VER,Luperon Verde ,19.79325036,-70.68090459,2019.0,0.0,private,2001,0.0,0.0,0.0,0.0,0.0,0.0,0.0,0.0,0.0,0.0,0.0,0.0,0.0,0.0,0.0,0.0,0.0
1566,DOM-VER,Luperon Verde ,19.79325036,-70.68090459,2019.0,0.0,private,2002,0.0,0.0,0.0,0.0,0.0,0.0,0.0,0.0,0.0,0.0,0.0,0.0,0.0,0.0,0.0,0.0,0.0
1567,DOM-VER,Luperon Verde ,19.79325036,-70.68090459,2019.0,0.0,private,2003,0.0,0.0,0.0,0.0,0.0,0.0,0.0,0.0,0.0,0.0,0.0,0.0,0.0,0.0,0.0,0.0,0.0
1568,DOM-VER,Luperon Verde ,19.79325036,-70.68090459,2019.0,0.0,private,2004,0.0,0.0,0.0,0.0,0.0,0.0,0.0,0.0,0.0,0.0,0.0,0.0,0.0,0.0,0.0,0.0,0.0
1569,DOM-VER,Luperon Verde ,19.79325036,-70.68090459,2019.0,0.0,private,2005,0.0,0.0,0.0,0.0,0.0,0.0,0.0,0.0,0.0,0.0,0.0,0.0,0.0,0.0,0.0,0.0,0.0
1570,DOM-VER,Luperon Verde ,19.79325036,-70.68090459,2019.0,0.0,private,2006,0.0,0.0,0.0,0.0,0.0,0.0,0.0,0.0,0.0,0.0,0.0,0.0,0.0,0.0,0.0,0.0,0.0
1571,DOM-VER,Luperon Verde ,19.79325036,-70.68090459,2019.0,0.0,private,2007,0.0,0.0,0.0,0.0,0.0,0.0,0.0,0.0,0.0,0.0,0.0,0.0,0.0,0.0,0.0,0.0,0.0
1572,DOM-VER,Luperon Verde ,19.79325036,-70.68090459,2019.0,0.0,private,2008,0.0,0.0,0.0,0.0,0.0,0.0,0.0,0.0,0.0,0.0,0.0,0.0,0.0,0.0,0.0,0.0,0.0
1573,DOM-VER,Luperon Verde ,19.79325036,-70.68090459,2019.0,0.0,private,2009,0.0,0.0,0.0,0.0,0.0,0.0,0.0,0.0,0.0,0.0,0.0,0.0,0.0,0.0,0.0,0.0,0.0
1574,DOM-VER,Luperon Verde ,19.79325036,-70.68090459,2019.0,0.0,private,2010,0.0,0.0,0.0,0.0,0.0,0.0,0.0,0.0,0.0,0.0,0.0,0.0,0.0,0.0,0.0,0.0,0.0
1575,DOM-VER,Luperon Verde ,19.79325036,-70.68090459,2019.0,0.0,private,2011,0.0,0.0,0.0,0.0,0.0,0.0,0.0,0.0,0.0,0.0,0.0,0.0,0.0,0.0,0.0,0.0,0.0
1576,DOM-VER,Luperon Verde ,19.79325036,-70.68090459,2019.0,0.0,private,2012,0.0,0.0,0.0,0.0,0.0,0.0,0.0,0.0,0.0,0.0,0.0,0.0,0.0,0.0,0.0,0.0,0.0
1577,DOM-VER,Luperon Verde ,19.79325036,-70.68090459,2019.0,0.0,private,2013,,,0.0,0.0,0.0,0.0,0.0,0.0,0.0,0.0,0.0,,,0.0,0.0,,
1578,DOM-VER,Luperon Verde ,19.79325036,-70.68090459,2019.0,0.0,private,2014,0.0,0.0,0.0,0.0,0.0,0.0,0.0,0.0,0.0,0.0,0.0,0.0,0.0,0.0,0.0,0.0,0.0
1579,DOM-VER,Luperon Verde ,19.79325036,-70.68090459,2019.0,0.0,private,2015,0.0,0.0,0.0,0.0,0.0,0.0,0.0,0.0,0.0,0.0,0.0,0.0,0.0,0.0,0.0,0.0,0.0
1580,DOM-VER,Luperon Verde ,19.79325036,-70.68090459,2019.0,0.0,private,2016,0.0,0.0,0.0,0.0,0.0,0.0,0.0,0.0,0.0,0.0,0.0,0.0,0.0,0.0,0.0,0.0,0.0
1581,DOM-VIS,Bella Vista ,18.61321459,-69.70844704,2004.0,0.0,private,2000,0.0,0.0,0.0,0.0,0.0,0.0,0.0,0.0,0.0,0.0,0.0,0.0,0.0,0.0,0.0,0.0,0.0
1582,DOM-VIS,Bella Vista ,18.61321459,-69.70844704,2004.0,0.0,private,2001,0.0,0.0,0.0,0.0,0.0,0.0,0.0,0.0,0.0,0.0,0.0,0.0,0.0,0.0,0.0,0.0,0.0
1583,DOM-VIS,Bella Vista ,18.61321459,-69.70844704,2004.0,0.0,private,2002,0.0,0.0,0.0,0.0,0.0,0.0,0.0,0.0,0.0,0.0,0.0,0.0,0.0,0.0,0.0,0.0,0.0
1584,DOM-VIS,Bella Vista ,18.61321459,-69.70844704,2004.0,0.0,private,2003,0.0,0.0,0.0,0.0,0.0,0.0,0.0,0.0,0.0,0.0,0.0,0.0,0.0,0.0,0.0,0.0,0.0
1585,DOM-VIS,Bella Vista ,18.61321459,-69.70844704,2004.0,0.0,private,2004,4.0,3.0,90000.0,145500.0,0.0,56400.0,185000.0,268000.0,506796.0,506796.0,1.0,1.0,30.0,1350.0,6500.0,0.0,15.0
1586,DOM-VIS,Bella Vista ,18.61321459,-69.70844704,2004.0,0.0,private,2005,12.0,52.0,49071.0,73211.41,0.0,207217.3,272934.73,61659000.0,506796.0,506796.0,2.0,97.0,395.0,1313.0,3000.0,11.0,57.0
1587,DOM-VIS,Bella Vista ,18.61321459,-69.70844704,2004.0,0.0,private,2006,28.0,165.0,8000000.0,85024900.0,1137654.35,171681.98,3209490.99,58000000.0,444890.0,444890.0,2.0,44.0,720.0,1900.0,4500.0,20.0,218.0
1588,DOM-VIS,Bella Vista ,18.61321459,-69.70844704,2004.0,0.0,private,2007,21.0,166.0,7642081.0,146663382.3,1448370.0,24860776.08,4297577.79,113481652.0,486352.0,486352.0,1.0,58.0,486.0,0.0,0.0,1.0,389.0
1589,DOM-VIS,Bella Vista ,18.61321459,-69.70844704,2004.0,0.0,private,2008,31.0,112.0,12451533.0,215730058.9,1532104.0,33782555.03,3902908.41,131602799.7,486352.0,486352.0,1.0,56.0,847.0,1130.0,4569.0,1.0,102.0
1590,DOM-VIS,Bella Vista ,18.61321459,-69.70844704,2004.0,0.0,private,2009,29.0,103.0,12696529.0,4224434.65,1973480.0,30144336.33,4074717.2,131602799.7,388922.96,388922.96,1.0,36.0,757.0,3121.0,4615.0,5.0,125.0
1591,DOM-VIS,Bella Vista ,18.61321459,-69.70844704,2004.0,0.0,private,2010,38.0,109.0,9700000.0,10085000.0,1950000.0,40627668.25,8070000.0,140000000.0,388922.96,388922.96,1.0,120.0,805.0,3000.0,5375.0,3.0,119.0
1592,DOM-VIS,Bella Vista ,18.61321459,-69.70844704,2004.0,0.0,private,2011,34.0,61.0,17191000.0,173500000.0,2563800.0,50224417.22,11600000.0,151000000.0,421816.0,421816.0,1.0,66.0,487.0,2561.0,4698.0,41.0,442.0
1593,DOM-VIS,Bella Vista ,18.61321459,-69.70844704,2004.0,0.0,private,2012,49.0,164.0,16354196.0,5013142.46,2632573.0,44747426.19,2960080.59,152692579.4,421816.0,421816.0,1.0,56.0,500.0,3561.36,6863.0,18.0,347.0
1594,DOM-VIS,Bella Vista ,18.61321459,-69.70844704,2004.0,0.0,private,2013,,,19591000.0,393295000.0,2505000.0,53594927.27,11407000.0,151900000.0,421816.0,421816.0,1.0,,,2423.7,6433.17,,
1595,DOM-VIS,Bella Vista ,18.61321459,-69.70844704,2004.0,0.0,private,2014,47.0,123.0,19924000.0,374700000.0,3023000.0,57600351.29,4365000.0,283200500.0,421834.0,421834.0,1.0,52.0,518.0,2617.6,7015.64,19.0,425.0
1596,DOM-VIS,Bella Vista ,18.61321459,-69.70844704,2004.0,0.0,private,2015,84.0,72.0,21329496.0,315649590.4,3173190.0,60854461.67,885510.8,283200500.0,421834.0,421834.0,1.0,123.0,659.0,2750.0,4450.0,10.0,113.0
1597,DOM-VIS,Bella Vista ,18.61321459,-69.70844704,2004.0,0.0,private,2016,94.0,84.0,16800.0,254413.1,3001.83,65013.44,5231.0,283200500.0,421834.0,421834.0,1.0,336.0,1076.0,2800.0,4500.0,19.0,151.0
1598,DOM-YAQ,Parque Industrial y de Servicios Yaque,19.46972418,-70.71437329,2010.0,0.0,private,2000,0.0,0.0,0.0,0.0,0.0,0.0,0.0,0.0,0.0,0.0,0.0,0.0,0.0,0.0,0.0,0.0,0.0
1599,DOM-YAQ,Parque Industrial y de Servicios Yaque,19.46972418,-70.71437329,2010.0,0.0,private,2001,0.0,0.0,0.0,0.0,0.0,0.0,0.0,0.0,0.0,0.0,0.0,0.0,0.0,0.0,0.0,0.0,0.0
1600,DOM-YAQ,Parque Industrial y de Servicios Yaque,19.46972418,-70.71437329,2010.0,0.0,private,2002,0.0,0.0,0.0,0.0,0.0,0.0,0.0,0.0,0.0,0.0,0.0,0.0,0.0,0.0,0.0,0.0,0.0
1601,DOM-YAQ,Parque Industrial y de Servicios Yaque,19.46972418,-70.71437329,2010.0,0.0,private,2003,0.0,0.0,0.0,0.0,0.0,0.0,0.0,0.0,0.0,0.0,0.0,0.0,0.0,0.0,0.0,0.0,0.0
1602,DOM-YAQ,Parque Industrial y de Servicios Yaque,19.46972418,-70.71437329,2010.0,0.0,private,2004,0.0,0.0,0.0,0.0,0.0,0.0,0.0,0.0,0.0,0.0,0.0,0.0,0.0,0.0,0.0,0.0,0.0
1603,DOM-YAQ,Parque Industrial y de Servicios Yaque,19.46972418,-70.71437329,2010.0,0.0,private,2005,0.0,0.0,0.0,0.0,0.0,0.0,0.0,0.0,0.0,0.0,0.0,0.0,0.0,0.0,0.0,0.0,0.0
1604,DOM-YAQ,Parque Industrial y de Servicios Yaque,19.46972418,-70.71437329,2010.0,0.0,private,2006,0.0,0.0,0.0,0.0,0.0,0.0,0.0,0.0,0.0,0.0,0.0,0.0,0.0,0.0,0.0,0.0,0.0
1605,DOM-YAQ,Parque Industrial y de Servicios Yaque,19.46972418,-70.71437329,2010.0,0.0,private,2007,0.0,0.0,0.0,0.0,0.0,0.0,0.0,0.0,0.0,0.0,0.0,0.0,0.0,0.0,0.0,0.0,0.0
1606,DOM-YAQ,Parque Industrial y de Servicios Yaque,19.46972418,-70.71437329,2010.0,0.0,private,2008,0.0,0.0,0.0,0.0,0.0,0.0,0.0,0.0,0.0,0.0,0.0,0.0,0.0,0.0,0.0,0.0,0.0
1607,DOM-YAQ,Parque Industrial y de Servicios Yaque,19.46972418,-70.71437329,2010.0,0.0,private,2009,0.0,0.0,0.0,0.0,0.0,0.0,0.0,0.0,0.0,0.0,0.0,0.0,0.0,0.0,0.0,0.0,0.0
1608,DOM-YAQ,Parque Industrial y de Servicios Yaque,19.46972418,-70.71437329,2010.0,0.0,private,2010,25.0,35.0,2298237.0,14179092.89,444397.0,9265803.94,1086816.97,7861425.67,200738.56,143000.0,1.0,0.0,198.0,1448.41,3439.6,0.0,25.0
1609,DOM-YAQ,Parque Industrial y de Servicios Yaque,19.46972418,-70.71437329,2010.0,0.0,private,2011,28.0,39.0,3714850.0,12995959.54,526602.0,10633548.99,1194829.95,7876503.3,200738.56,200738.56,1.0,2.0,221.0,1475.0,4800.0,1.0,29.0
1610,DOM-YAQ,Parque Industrial y de Servicios Yaque,19.46972418,-70.71437329,2010.0,0.0,private,2012,25.0,44.0,3156085.3,10715418.68,467575.0,10276500.28,1058579.59,7478342.0,200738.56,200738.56,1.0,2.0,162.0,1924.56,3417.45,0.0,25.0
1611,DOM-YAQ,Parque Industrial y de Servicios Yaque,19.46972418,-70.71437329,2010.0,0.0,private,2013,,,3742830.0,24736054.62,598000.0,10654576.9,1147109.02,10877463.4,200738.56,200738.56,2.0,,,2270.86,3807.43,,
1612,DOM-YAQ,Parque Industrial y de Servicios Yaque,19.46972418,-70.71437329,2010.0,0.0,private,2014,25.0,51.0,3807223.2,17042645.24,548265.72,11242981.56,1883188.91,14000000.0,200738.56,200738.56,2.0,0.0,180.0,2059.76,2897.1,0.0,24.0
1613,DOM-YAQ,Parque Industrial y de Servicios Yaque,19.46972418,-70.71437329,2010.0,0.0,private,2015,30.0,48.0,5308903.2,31201560.66,746458.8,12581423.11,1635297.82,14800000.0,200738.56,200738.56,2.0,2.0,169.0,2019.23,3996.96,1.0,22.0
1614,DOM-YAQ,Parque Industrial y de Servicios Yaque,19.46972418,-70.71437329,2010.0,0.0,private,2016,24.0,30.0,4489.82,24382.6,589.07,11917.76,1206.38,15053412.0,200738.56,200738.56,2.0,2.0,157.0,2479.82,5841.01,1.0,37.0
1615,DOM-ZOF,Zofinma (Mao),19.5539567,-71.09162809,1993.0,2006.0,private,2000,3.0,2.0,7500.0,30000.0,0.0,33729.37,0.0,413004.0,38000.0,38000.0,1.0,82.0,108.0,765.0,2000.0,2.0,8.0
1616,DOM-ZOF,Zofinma (Mao),19.5539567,-71.09162809,1993.0,2006.0,private,2001,2.0,1.0,9000.0,420000.0,26000.0,540000.0,0.0,593364.0,38000.0,38000.0,1.0,151.0,323.0,802.0,2778.0,6.0,22.0
1617,DOM-ZOF,Zofinma (Mao),19.5539567,-71.09162809,1993.0,2006.0,private,2002,2.0,1.0,9000.0,420000.0,26000.0,540000.0,0.0,593364.0,38000.0,38000.0,1.0,135.0,285.0,802.0,2778.0,6.0,20.0
1618,DOM-ZOF,Zofinma (Mao),19.5539567,-71.09162809,1993.0,2006.0,private,2003,5.0,4.0,36716.4,1697505.69,84503.15,914262.81,276210.84,593364.0,38000.0,22000.0,1.0,128.0,280.0,1050.0,1900.0,2.0,16.0
1619,DOM-ZOF,Zofinma (Mao),19.5539567,-71.09162809,1993.0,2006.0,private,2004,5.0,2.0,36672.0,2400000.0,189731.16,1683150.0,456000.0,610000.0,38000.0,22500.0,1.0,127.0,258.0,1319.0,2500.0,1.0,19.0
1620,DOM-ZOF,Zofinma (Mao),19.5539567,-71.09162809,1993.0,2006.0,private,2005,9.0,5.0,53510.0,2240217.31,296186.09,1371528.13,463374.94,610000.0,38000.0,22500.0,1.0,243.0,122.0,1450.0,4000.0,15.0,4.0
1621,DOM-ZOF,Zofinma (Mao),19.5539567,-71.09162809,1993.0,2006.0,private,2006,9.0,5.0,55044.0,2302379.65,397886.67,1068000.0,349726.58,549000.0,38000.0,22500.0,1.0,223.0,107.0,1250.0,4000.0,15.0,4.0
1622,DOM-ZOF,Zofinma (Mao),19.5539567,-71.09162809,1993.0,2006.0,private,2007,0.0,0.0,0.0,0.0,0.0,0.0,0.0,0.0,0.0,0.0,0.0,0.0,0.0,0.0,0.0,0.0,0.0
1623,DOM-ZOF,Zofinma (Mao),19.5539567,-71.09162809,1993.0,2006.0,private,2008,0.0,0.0,0.0,0.0,0.0,0.0,0.0,0.0,0.0,0.0,0.0,0.0,0.0,0.0,0.0,0.0,0.0
1624,DOM-ZOF,Zofinma (Mao),19.5539567,-71.09162809,1993.0,2006.0,private,2009,0.0,0.0,0.0,0.0,0.0,0.0,0.0,0.0,0.0,0.0,0.0,0.0,0.0,0.0,0.0,0.0,0.0
1625,DOM-ZOF,Zofinma (Mao),19.5539567,-71.09162809,1993.0,2006.0,private,2010,0.0,0.0,0.0,0.0,0.0,0.0,0.0,0.0,0.0,0.0,0.0,0.0,0.0,0.0,0.0,0.0,0.0
1626,DOM-ZOF,Zofinma (Mao),19.5539567,-71.09162809,1993.0,2006.0,private,2011,0.0,0.0,0.0,0.0,0.0,0.0,0.0,0.0,0.0,0.0,0.0,0.0,0.0,0.0,0.0,0.0,0.0
1627,DOM-ZOF,Zofinma (Mao),19.5539567,-71.09162809,1993.0,2006.0,private,2012,0.0,0.0,0.0,0.0,0.0,0.0,0.0,0.0,0.0,0.0,0.0,0.0,0.0,0.0,0.0,0.0,0.0
1628,DOM-ZOF,Zofinma (Mao),19.5539567,-71.09162809,1993.0,2006.0,private,2013,,,0.0,0.0,0.0,0.0,0.0,0.0,0.0,0.0,0.0,,,0.0,0.0,,
1629,DOM-ZOF,Zofinma (Mao),19.5539567,-71.09162809,1993.0,2006.0,private,2014,0.0,0.0,0.0,0.0,0.0,0.0,0.0,0.0,0.0,0.0,0.0,0.0,0.0,0.0,0.0,0.0,0.0
1630,DOM-ZOF,Zofinma (Mao),19.5539567,-71.09162809,1993.0,2006.0,private,2015,0.0,0.0,0.0,0.0,0.0,0.0,0.0,0.0,0.0,0.0,0.0,0.0,0.0,0.0,0.0,0.0,0.0
1631,DOM-ZOF,Zofinma (Mao),19.5539567,-71.09162809,1993.0,2006.0,private,2016,0.0,0.0,0.0,0.0,0.0,0.0,0.0,0.0,0.0,0.0,0.0,0.0,0.0,0.0,0.0,0.0,0.0
