{
"type": "FeatureCollection",
"name": "sez_aggregated",
"features": [
{ "type": "Feature", "properties": { "code": "DOM-6NO", "name": "Zona Franca 6 de Noviembre ", "latitude": 18.43423576, "longitude": -70.07709655, "start": 2016.0, "close": 0.0, "type": "private", "sez_id": 1.0, "origin ": 1.0, "inv2000": 0.0, "inv2001": 0.0, "inv2002": 0.0, "inv2003": 0.0, "inv2004": 0.0, "inv2005": 0.0, "inv2006": 0.0, "inv2007": 0.0, "inv2008": 0.0, "inv2009": 0.0, "inv2010": 0.0, "inv2011": 0.0, "inv2012": 0.0, "inv2013": 0.0, "inv2014": 0.0, "inv2015": 0.0, "inv2016": 1890354.0, "ob_f_2000": 0.0, "tec_f_2000": 0.0, "adm_f_2000": 0.0, "ob_f_2001": 0.0, "tec_f_2001": 0.0, "adm_f_2001": 0.0, "ob_f_2002": 0.0, "tec_f_2002": 0.0, "adm_f_2002": 0.0, "ob_f_2003": 0.0, "tec_f_2003": 0.0, "adm_f_2003": 0.0, "ob_f_2004": 0.0, "tec_f_2004": 0.0, "adm_f_2004": 0.0, "ob_f_2005": 0.0, "tec_f_2005": 0.0, "adm_f_2005": 0.0, "ob_f_2006": 0.0, "tec_f_2006": 0.0, "adm_f_2006": 0.0, "ob_f_2007": 0.0, "tec_f_2007": 0.0, "adm_f_2007": 0.0, "ob_f_2008": 0.0, "tec_f_2008": 0.0, "adm_f_2008": 0.0, "ob_f_2009": 0.0, "tec_f_2009": 0.0, "adm_f_2009": 0.0, "ob_f_2010": 0.0, "tec_f_2010": 0.0, "adm_f_2010": 0.0, "ob_f_2011": 0.0, "tec_f_2011": 0.0, "adm_f_2011": 0.0, "ob_f_2012": 0.0, "tec_f_2012": 0.0, "adm_f_2012": 0.0, "ob_f_2014": 0.0, "tec_f_2014": 0.0, "adm_f_2014": 0.0, "ob_f_2015": 0.0, "tec_f_2015": 0.0, "adm_f_2015": 0.0, "ob_f_2016": 26.0, "tec_f_2016": 0.0, "adm_f_2016": 2.0, "ob_m_2000": 0.0, "tec_m_2000": 0.0, "adm_m_2000": 0.0, "ob_m_2001": 0.0, "tec_m_2001": 0.0, "adm_m_2001": 0.0, "ob_m_2002": 0.0, "tec_m_2002": 0.0, "adm_m_2002": 0.0, "ob_m_2003": 0.0, "tec_m_2003": 0.0, "adm_m_2003": 0.0, "ob_m_2004": 0.0, "tec_m_2004": 0.0, "adm_m_2004": 0.0, "ob_m_2005": 0.0, "tec_m_2005": 0.0, "adm_m_2005": 0.0, "ob_m_2006": 0.0, "tec_m_2006": 0.0, "adm_m_2006": 0.0, "ob_m_2007": 0.0, "tec_m_2007": 0.0, "adm_m_2007": 0.0, "ob_m_2008": 0.0, "tec_m_2008": 0.0, "adm_m_2008": 0.0, "ob_m_2009": 0.0, "tec_m_2009": 0.0, "adm_m_2009": 0.0, "ob_m_2010": 0.0, "tec_m_2010": 0.0, "adm_m_2010": 0.0, "ob_m_2011": 0.0, "tec_m_2011": 0.0, "adm_m_2011": 0.0, "ob_m_2012": 0.0, "tec_m_2012": 0.0, "adm_m_2012": 0.0, "ob_m_2014": 0.0, "tec_m_2014": 0.0, "adm_m_2014": 0.0, "ob_m_2015": 0.0, "tec_m_2015": 0.0, "adm_m_2015": 0.0, "ob_m_2016": 46.0, "tec_m_2016": 2.0, "adm_m_2016": 10.0, "ent2000": 0.0, "ent2001": 0.0, "ent2002": 0.0, "ent2003": 0.0, "ent2004": 0.0, "ent2005": 0.0, "ent2006": 0.0, "ent2007": 0.0, "ent2008": 0.0, "ent2009": 0.0, "ent2010": 0.0, "ent2011": 0.0, "ent2012": 0.0, "ent2013": 0.0, "ent2014": 0.0, "ent2015": 0.0, "ent2016": 1.0, "ele2000": 0.0, "ele2001": 0.0, "ele2002": 0.0, "ele2003": 0.0, "ele2004": 0.0, "ele2005": 0.0, "ele2006": 0.0, "ele2007": 0.0, "ele2008": 0.0, "ele2009": 0.0, "ele2010": 0.0, "ele2011": 0.0, "ele2012": 0.0, "ele2013": 0.0, "ele2014": 0.0, "ele2015": 0.0, "ele2016": 6280.98, "com2000": 0.0, "com2001": 0.0, "com2002": 0.0, "com2003": 0.0, "com2004": 0.0, "com2005": 0.0, "com2006": 0.0, "com2007": 0.0, "com2008": 0.0, "com2009": 0.0, "com2010": 0.0, "com2011": 0.0, "com2012": 0.0, "com2013": 0.0, "com2014": 0.0, "com2015": 0.0, "com2016": 359.26, "inf2000": 0.0, "inf2001": 0.0, "inf2002": 0.0, "inf2003": 0.0, "inf2004": 0.0, "inf2005": 0.0, "inf2006": 0.0, "inf2007": 0.0, "inf2008": 0.0, "inf2009": 0.0, "inf2010": 0.0, "inf2011": 0.0, "inf2012": 0.0, "inf2013": 0.0, "inf2014": 0.0, "inf2015": 0.0, "inf2016": 184.04, "wat2000": 0.0, "wat2001": 0.0, "wat2002": 0.0, "wat2003": 0.0, "wat2004": 0.0, "wat2005": 0.0, "wat2006": 0.0, "wat2007": 0.0, "wat2008": 0.0, "wat2009": 0.0, "wat2010": 0.0, "wat2011": 0.0, "wat2012": 0.0, "wat2013": 0.0, "wat2014": 0.0, "wat2015": 0.0, "wat2016": 162.55, "tss2000": 0.0, "tss2001": 0.0, "tss2002": 0.0, "tss2003": 0.0, "tss2004": 0.0, "tss2005": 0.0, "tss2006": 0.0, "tss2007": 0.0, "tss2008": 0.0, "tss2009": 0.0, "tss2010": 0.0, "tss2011": 0.0, "tss2012": 0.0, "tss2013": 0.0, "tss2014": 0.0, "tss2015": 0.0, "tss2016": 2104.9, "buiilt2000": 0.0, "buiilt2001": 0.0, "buiilt2002": 0.0, "buiilt2003": 0.0, "buiilt2004": 0.0, "buiilt2005": 0.0, "buiilt2006": 0.0, "buiilt2007": 0.0, "buiilt2008": 0.0, "buiilt2009": 0.0, "buiilt2010": 0.0, "buiilt2011": 0.0, "buiilt2012": 0.0, "buiilt2013": 0.0, "buiilt2014": 0.0, "buiilt2015": 0.0, "buiilt2016": 33356.0, "ocu2000": 0.0, "ocu2001": 0.0, "ocu2002": 0.0, "ocu2003": 0.0, "ocu2004": 0.0, "ocu2005": 0.0, "ocu2006": 0.0, "ocu2007": 0.0, "ocu2008": 0.0, "ocu2009": 0.0, "ocu2010": 0.0, "ocu2011": 0.0, "ocu2012": 0.0, "ocu2013": 0.0, "ocu2014": 0.0, "ocu2015": 0.0, "ocu2016": 33356.0, "sal_op2000": 0.0, "sal_op2001": 0.0, "sal_op2002": 0.0, "sal_op2003": 0.0, "sal_op2004": 0.0, "sal_op2005": 0.0, "sal_op2006": 0.0, "sal_op2007": 0.0, "sal_op2008": 0.0, "sal_op2009": 0.0, "sal_op2010": 0.0, "sal_op2011": 0.0, "sal_op2012": 0.0, "sal_op2013": 0.0, "sal_op2014": 0.0, "sal_op2015": 0.0, "sal_op2016": 2200.0, "sal_tec2000": 0.0, "sal_tec2001": 0.0, "sal_tec2002": 0.0, "sal_tec2003": 0.0, "sal_tec2004": 0.0, "sal_tec2005": 0.0, "sal_tec2006": 0.0, "sal_tec2007": 0.0, "sal_tec2008": 0.0, "sal_tec2009": 0.0, "sal_tec2010": 0.0, "sal_tec2011": 0.0, "sal_tec2012": 0.0, "sal_tec2013": 0.0, "sal_tec2014": 0.0, "sal_tec2015": 0.0, "sal_tec2016": 2500.0 }, "geometry": { "type": "Point", "coordinates": [ -70.07709655, 18.43423576 ] } },
{ "type": "Feature", "properties": { "code": "DOM-ALC", "name": "Los Alcarrizos ", "latitude": 18.52119218, "longitude": -70.05086541, "start": 1990.0, "close": 0.0, "type": "public", "sez_id": 2.0, "origin ": 1.0, "inv2000": 19853638.95, "inv2001": 19521896.75, "inv2002": 14683246.0, "inv2003": 16110722.99, "inv2004": 23755065.7, "inv2005": 20419701.5, "inv2006": 22705077.88, "inv2007": 40192104.07, "inv2008": 37723217.65, "inv2009": 28511505.5, "inv2010": 21776166.76, "inv2011": 22307044.2, "inv2012": 23142258.73, "inv2013": 29017608.73, "inv2014": 28846815.7, "inv2015": 27461136.4, "inv2016": 25518598.92, "ob_f_2000": 2105.0, "tec_f_2000": 59.0, "adm_f_2000": 62.0, "ob_f_2001": 1361.0, "tec_f_2001": 39.0, "adm_f_2001": 74.0, "ob_f_2002": 1143.0, "tec_f_2002": 18.0, "adm_f_2002": 51.0, "ob_f_2003": 1014.0, "tec_f_2003": 31.0, "adm_f_2003": 54.0, "ob_f_2004": 1456.0, "tec_f_2004": 54.0, "adm_f_2004": 62.0, "ob_f_2005": 1050.0, "tec_f_2005": 29.0, "adm_f_2005": 56.0, "ob_f_2006": 910.0, "tec_f_2006": 31.0, "adm_f_2006": 60.0, "ob_f_2007": 413.0, "tec_f_2007": 21.0, "adm_f_2007": 50.0, "ob_f_2008": 435.0, "tec_f_2008": 44.0, "adm_f_2008": 45.0, "ob_f_2009": 383.0, "tec_f_2009": 35.0, "adm_f_2009": 46.0, "ob_f_2010": 501.0, "tec_f_2010": 11.0, "adm_f_2010": 44.0, "ob_f_2011": 585.0, "tec_f_2011": 10.0, "adm_f_2011": 44.0, "ob_f_2012": 608.0, "tec_f_2012": 26.0, "adm_f_2012": 39.0, "ob_f_2014": 418.0, "tec_f_2014": 20.0, "adm_f_2014": 27.0, "ob_f_2015": 409.0, "tec_f_2015": 20.0, "adm_f_2015": 40.0, "ob_f_2016": 403.0, "tec_f_2016": 23.0, "adm_f_2016": 48.0, "ob_m_2000": 1068.0, "tec_m_2000": 157.0, "adm_m_2000": 81.0, "ob_m_2001": 1108.0, "tec_m_2001": 110.0, "adm_m_2001": 77.0, "ob_m_2002": 841.0, "tec_m_2002": 89.0, "adm_m_2002": 83.0, "ob_m_2003": 927.0, "tec_m_2003": 137.0, "adm_m_2003": 62.0, "ob_m_2004": 1360.0, "tec_m_2004": 130.0, "adm_m_2004": 63.0, "ob_m_2005": 917.0, "tec_m_2005": 97.0, "adm_m_2005": 84.0, "ob_m_2006": 811.0, "tec_m_2006": 131.0, "adm_m_2006": 122.0, "ob_m_2007": 510.0, "tec_m_2007": 122.0, "adm_m_2007": 54.0, "ob_m_2008": 412.0, "tec_m_2008": 142.0, "adm_m_2008": 44.0, "ob_m_2009": 395.0, "tec_m_2009": 93.0, "adm_m_2009": 48.0, "ob_m_2010": 407.0, "tec_m_2010": 60.0, "adm_m_2010": 55.0, "ob_m_2011": 480.0, "tec_m_2011": 57.0, "adm_m_2011": 63.0, "ob_m_2012": 432.0, "tec_m_2012": 82.0, "adm_m_2012": 55.0, "ob_m_2014": 375.0, "tec_m_2014": 51.0, "adm_m_2014": 36.0, "ob_m_2015": 429.0, "tec_m_2015": 71.0, "adm_m_2015": 48.0, "ob_m_2016": 370.0, "tec_m_2016": 72.0, "adm_m_2016": 43.0, "ent2000": 19.0, "ent2001": 17.0, "ent2002": 14.0, "ent2003": 18.0, "ent2004": 17.0, "ent2005": 14.0, "ent2006": 14.0, "ent2007": 14.0, "ent2008": 12.0, "ent2009": 15.0, "ent2010": 14.0, "ent2011": 13.0, "ent2012": 13.0, "ent2013": 13.0, "ent2014": 12.0, "ent2015": 10.0, "ent2016": 11.0, "ele2000": 9812247.7, "ele2001": 9991975.0, "ele2002": 7631557.76, "ele2003": 15851375.59, "ele2004": 31941101.51, "ele2005": 30035567.07, "ele2006": 27144131.93, "ele2007": 13412951.03, "ele2008": 18897769.79, "ele2009": 14666398.01, "ele2010": 9379610.45, "ele2011": 14013520.36, "ele2012": 10572678.8, "ele2013": 11821322.07, "ele2014": 9756788.47, "ele2015": 12778331.28, "ele2016": 11783.2, "com2000": 0.0, "com2001": 0.0, "com2002": 0.0, "com2003": 4158720.15, "com2004": 4507834.03, "com2005": 4420022.97, "com2006": 4708623.09, "com2007": 3178531.56, "com2008": 5586756.02, "com2009": 5051923.34, "com2010": 3955706.7, "com2011": 3314118.53, "com2012": 3355000.81, "com2013": 4516875.88, "com2014": 3432905.23, "com2015": 4495590.62, "com2016": 3847.24, "inf2000": 766893.43, "inf2001": 664740.87, "inf2002": 532821.61, "inf2003": 737730.28, "inf2004": 1253120.81, "inf2005": 1407623.3, "inf2006": 1543897.97, "inf2007": 962618.42, "inf2008": 978345.29, "inf2009": 1066418.39, "inf2010": 871198.12, "inf2011": 933492.0, "inf2012": 980049.0, "inf2013": 1273446.04, "inf2014": 1022784.27, "inf2015": 1141928.41, "inf2016": 1256.74, "wat2000": 464354.0, "wat2001": 303304.5, "wat2002": 175151.74, "wat2003": 449473.79, "wat2004": 1017732.0, "wat2005": 920207.21, "wat2006": 877829.0, "wat2007": 936269.0, "wat2008": 1435004.34, "wat2009": 1217425.02, "wat2010": 1261781.85, "wat2011": 1493500.5, "wat2012": 1192078.77, "wat2013": 789742.5, "wat2014": 747952.08, "wat2015": 1435953.34, "wat2016": 669.42, "tss2000": 5638113.84, "tss2001": 5522545.9, "tss2002": 3930638.13, "tss2003": 4545852.91, "tss2004": 4234373.33, "tss2005": 5501330.91, "tss2006": 5145037.9, "tss2007": 7169903.25, "tss2008": 15433680.55, "tss2009": 14541632.67, "tss2010": 18714115.9, "tss2011": 22596915.27, "tss2012": 23296070.87, "tss2013": 24948480.94, "tss2014": 24852524.06, "tss2015": 28271407.9, "tss2016": 29103.43, "buiilt2000": 482462.0, "buiilt2001": 563307.0, "buiilt2002": 563307.6, "buiilt2003": 563307.0, "buiilt2004": 563307.0, "buiilt2005": 563307.0, "buiilt2006": 563307.0, "buiilt2007": 563307.0, "buiilt2008": 563307.0, "buiilt2009": 563307.0, "buiilt2010": 583516.0, "buiilt2011": 583516.0, "buiilt2012": 583516.0, "buiilt2013": 619079.63, "buiilt2014": 619079.63, "buiilt2015": 619079.63, "buiilt2016": 563991.87, "ocu2000": 482462.0, "ocu2001": 531735.0, "ocu2002": 531735.0, "ocu2003": 523307.0, "ocu2004": 526195.0, "ocu2005": 526195.0, "ocu2006": 510666.0, "ocu2007": 547120.0, "ocu2008": 547120.0, "ocu2009": 563307.0, "ocu2010": 567166.0, "ocu2011": 583516.0, "ocu2012": 386345.12, "ocu2013": 439920.97, "ocu2014": 485938.61, "ocu2015": 428063.29, "ocu2016": 456251.54, "sal_op2000": 620.42, "sal_op2001": 680.92, "sal_op2002": 653.39, "sal_op2003": 810.29, "sal_op2004": 954.82, "sal_op2005": 1177.06, "sal_op2006": 1510.24, "sal_op2007": 1781.92, "sal_op2008": 1479.66, "sal_op2009": 1779.23, "sal_op2010": 1741.88, "sal_op2011": 1986.42, "sal_op2012": 1801.43, "sal_op2013": 1790.85, "sal_op2014": 2095.67, "sal_op2015": 2491.69, "sal_op2016": 2746.32, "sal_tec2000": 1553.24, "sal_tec2001": 1493.82, "sal_tec2002": 1689.0, "sal_tec2003": 1729.45, "sal_tec2004": 2221.94, "sal_tec2005": 2312.73, "sal_tec2006": 2770.28, "sal_tec2007": 3446.06, "sal_tec2008": 2969.16, "sal_tec2009": 4073.59, "sal_tec2010": 3389.04, "sal_tec2011": 3762.0, "sal_tec2012": 3197.77, "sal_tec2013": 3533.52, "sal_tec2014": 3852.34, "sal_tec2015": 4420.89, "sal_tec2016": 4293.0 }, "geometry": { "type": "Point", "coordinates": [ -70.05086541, 18.52119218 ] } },
{ "type": "Feature", "properties": { "code": "DOM-ALT", "name": "Villa Altagracia ", "latitude": 18.68704785, "longitude": -70.18063175, "start": 1988.0, "close": 0.0, "type": "private", "sez_id": 3.0, "origin ": 1.0, "inv2000": 33900000.0, "inv2001": 3300000.0, "inv2002": 4400000.0, "inv2003": 23000000.0, "inv2004": 23100000.0, "inv2005": 18054631.52, "inv2006": 6644269.47, "inv2007": 11473401.61, "inv2008": 13288869.47, "inv2009": 10076670.56, "inv2010": 7527225.0, "inv2011": 5827436.0, "inv2012": 5826800.0, "inv2013": 3726034.41, "inv2014": 5407289.4, "inv2015": 5949306.9, "inv2016": 11435533.57, "ob_f_2000": 2476.0, "tec_f_2000": 15.0, "adm_f_2000": 131.0, "ob_f_2001": 1823.0, "tec_f_2001": 18.0, "adm_f_2001": 11.0, "ob_f_2002": 1623.0, "tec_f_2002": 18.0, "adm_f_2002": 14.0, "ob_f_2003": 1425.0, "tec_f_2003": 16.0, "adm_f_2003": 5.0, "ob_f_2004": 688.0, "tec_f_2004": 10.0, "adm_f_2004": 3.0, "ob_f_2005": 394.0, "tec_f_2005": 29.0, "adm_f_2005": 32.0, "ob_f_2006": 289.0, "tec_f_2006": 10.0, "adm_f_2006": 25.0, "ob_f_2007": 72.0, "tec_f_2007": 12.0, "adm_f_2007": 18.0, "ob_f_2008": 78.0, "tec_f_2008": 4.0, "adm_f_2008": 16.0, "ob_f_2009": 66.0, "tec_f_2009": 7.0, "adm_f_2009": 15.0, "ob_f_2010": 121.0, "tec_f_2010": 19.0, "adm_f_2010": 8.0, "ob_f_2011": 90.0, "tec_f_2011": 4.0, "adm_f_2011": 8.0, "ob_f_2012": 85.0, "tec_f_2012": 2.0, "adm_f_2012": 11.0, "ob_f_2014": 105.0, "tec_f_2014": 8.0, "adm_f_2014": 10.0, "ob_f_2015": 82.0, "tec_f_2015": 6.0, "adm_f_2015": 10.0, "ob_f_2016": 90.0, "tec_f_2016": 3.0, "adm_f_2016": 14.0, "ob_m_2000": 362.0, "tec_m_2000": 41.0, "adm_m_2000": 106.0, "ob_m_2001": 735.0, "tec_m_2001": 32.0, "adm_m_2001": 11.0, "ob_m_2002": 650.0, "tec_m_2002": 31.0, "adm_m_2002": 12.0, "ob_m_2003": 540.0, "tec_m_2003": 19.0, "adm_m_2003": 8.0, "ob_m_2004": 242.0, "tec_m_2004": 15.0, "adm_m_2004": 7.0, "ob_m_2005": 285.0, "tec_m_2005": 41.0, "adm_m_2005": 22.0, "ob_m_2006": 170.0, "tec_m_2006": 15.0, "adm_m_2006": 17.0, "ob_m_2007": 81.0, "tec_m_2007": 27.0, "adm_m_2007": 18.0, "ob_m_2008": 87.0, "tec_m_2008": 22.0, "adm_m_2008": 10.0, "ob_m_2009": 63.0, "tec_m_2009": 27.0, "adm_m_2009": 6.0, "ob_m_2010": 120.0, "tec_m_2010": 19.0, "adm_m_2010": 16.0, "ob_m_2011": 84.0, "tec_m_2011": 8.0, "adm_m_2011": 12.0, "ob_m_2012": 100.0, "tec_m_2012": 17.0, "adm_m_2012": 6.0, "ob_m_2014": 137.0, "tec_m_2014": 21.0, "adm_m_2014": 9.0, "ob_m_2015": 119.0, "tec_m_2015": 14.0, "adm_m_2015": 5.0, "ob_m_2016": 134.0, "tec_m_2016": 14.0, "adm_m_2016": 10.0, "ent2000": 2.0, "ent2001": 2.0, "ent2002": 3.0, "ent2003": 3.0, "ent2004": 3.0, "ent2005": 4.0, "ent2006": 7.0, "ent2007": 9.0, "ent2008": 9.0, "ent2009": 7.0, "ent2010": 7.0, "ent2011": 4.0, "ent2012": 4.0, "ent2013": 4.0, "ent2014": 4.0, "ent2015": 4.0, "ent2016": 4.0, "ele2000": 4272000.0, "ele2001": 1175000.0, "ele2002": 5750000.0, "ele2003": 11150215.0, "ele2004": 9043136.54, "ele2005": 6987870.34, "ele2006": 4751695.92, "ele2007": 1234774.4, "ele2008": 318255.38, "ele2009": 610390.4, "ele2010": 1399795.0, "ele2011": 1520517.05, "ele2012": 1288332.81, "ele2013": 1483792.26, "ele2014": 1385432.01, "ele2015": 2953903.92, "ele2016": 5659.76, "com2000": 0.0, "com2001": 0.0, "com2002": 0.0, "com2003": 2487088.9, "com2004": 2003650.38, "com2005": 2286140.75, "com2006": 2163662.03, "com2007": 1371434.34, "com2008": 1877264.54, "com2009": 1900434.89, "com2010": 1394800.0, "com2011": 1552829.83, "com2012": 1397401.31, "com2013": 1339684.04, "com2014": 543196.14, "com2015": 1074811.05, "com2016": 1155.99, "inf2000": 793343.19, "inf2001": 290000.0, "inf2002": 684540.96, "inf2003": 1017692.59, "inf2004": 635384.0, "inf2005": 408213.28, "inf2006": 381967.26, "inf2007": 93743.3, "inf2008": 98723.58, "inf2009": 118837.53, "inf2010": 219223.0, "inf2011": 356764.0, "inf2012": 387770.82, "inf2013": 396099.0, "inf2014": 186447.93, "inf2015": 672375.3, "inf2016": 550.26, "wat2000": 72000.0, "wat2001": 139000.0, "wat2002": 458376.4, "wat2003": 325540.0, "wat2004": 237188.0, "wat2005": 266100.0, "wat2006": 250468.6, "wat2007": 81919.6, "wat2008": 114598.0, "wat2009": 84833.6, "wat2010": 49118.0, "wat2011": 55852.5, "wat2012": 76099.0, "wat2013": 109895.2, "wat2014": 131185.34, "wat2015": 215511.24, "wat2016": 294.3, "tss2000": 7560000.0, "tss2001": 3806394.08, "tss2002": 10114844.08, "tss2003": 10935678.33, "tss2004": 3725000.0, "tss2005": 2107920.47, "tss2006": 1201401.88, "tss2007": 1647202.68, "tss2008": 1941581.34, "tss2009": 1062869.46, "tss2010": 5322537.16, "tss2011": 7561303.51, "tss2012": 7936020.51, "tss2013": 9404481.09, "tss2014": 7894656.18, "tss2015": 12614559.92, "tss2016": 11903.82, "buiilt2000": 202317.26, "buiilt2001": 202317.0, "buiilt2002": 211515.6, "buiilt2003": 239072.0, "buiilt2004": 239072.0, "buiilt2005": 255211.05, "buiilt2006": 225375.63, "buiilt2007": 225375.63, "buiilt2008": 240312.07, "buiilt2009": 240312.07, "buiilt2010": 240312.07, "buiilt2011": 240312.07, "buiilt2012": 240312.07, "buiilt2013": 240312.07, "buiilt2014": 240312.07, "buiilt2015": 240312.07, "buiilt2016": 240312.07, "ocu2000": 191273.93, "ocu2001": 184043.0, "ocu2002": 200515.6, "ocu2003": 194592.0, "ocu2004": 150112.32, "ocu2005": 168176.77, "ocu2006": 197757.0, "ocu2007": 212846.0, "ocu2008": 189276.85, "ocu2009": 136402.55, "ocu2010": 121071.47, "ocu2011": 106936.56, "ocu2012": 138017.57, "ocu2013": 138017.57, "ocu2014": 172672.0, "ocu2015": 172672.0, "ocu2016": 172734.0, "sal_op2000": 702.0, "sal_op2001": 743.43, "sal_op2002": 629.28, "sal_op2003": 815.62, "sal_op2004": 957.67, "sal_op2005": 1324.23, "sal_op2006": 1289.14, "sal_op2007": 1485.51, "sal_op2008": 1524.72, "sal_op2009": 1379.75, "sal_op2010": 1506.13, "sal_op2011": 2140.53, "sal_op2012": 2308.81, "sal_op2013": 2322.83, "sal_op2014": 3041.68, "sal_op2015": 2906.62, "sal_op2016": 3321.4, "sal_tec2000": 1250.0, "sal_tec2001": 833.68, "sal_tec2002": 804.0, "sal_tec2003": 883.42, "sal_tec2004": 1966.67, "sal_tec2005": 2319.25, "sal_tec2006": 2167.86, "sal_tec2007": 3489.29, "sal_tec2008": 3026.84, "sal_tec2009": 4079.53, "sal_tec2010": 2903.04, "sal_tec2011": 5212.5, "sal_tec2012": 4772.18, "sal_tec2013": 4996.25, "sal_tec2014": 5007.53, "sal_tec2015": 5640.68, "sal_tec2016": 5610.0 }, "geometry": { "type": "Point", "coordinates": [ -70.18063175, 18.68704785 ] } },
{ "type": "Feature", "properties": { "code": "DOM-AND", "name": "Andres", "latitude": 18.44233642, "longitude": -69.64978048, "start": 2009.0, "close": 0.0, "type": "private", "sez_id": 4.0, "origin ": 1.0, "inv2000": 0.0, "inv2001": 0.0, "inv2002": 0.0, "inv2003": 0.0, "inv2004": 0.0, "inv2005": 0.0, "inv2006": 0.0, "inv2007": 0.0, "inv2008": 0.0, "inv2009": 148803.0, "inv2010": 150803.0, "inv2011": 884314.0, "inv2012": 746667.0, "inv2013": 733390.96, "inv2014": 789922.0, "inv2015": 803290.0, "inv2016": 935650.0, "ob_f_2000": 0.0, "tec_f_2000": 0.0, "adm_f_2000": 0.0, "ob_f_2001": 0.0, "tec_f_2001": 0.0, "adm_f_2001": 0.0, "ob_f_2002": 0.0, "tec_f_2002": 0.0, "adm_f_2002": 0.0, "ob_f_2003": 0.0, "tec_f_2003": 0.0, "adm_f_2003": 0.0, "ob_f_2004": 0.0, "tec_f_2004": 0.0, "adm_f_2004": 0.0, "ob_f_2005": 0.0, "tec_f_2005": 0.0, "adm_f_2005": 0.0, "ob_f_2006": 0.0, "tec_f_2006": 0.0, "adm_f_2006": 0.0, "ob_f_2007": 0.0, "tec_f_2007": 0.0, "adm_f_2007": 0.0, "ob_f_2008": 0.0, "tec_f_2008": 0.0, "adm_f_2008": 0.0, "ob_f_2009": 0.0, "tec_f_2009": 69.0, "adm_f_2009": 5.0, "ob_f_2010": 0.0, "tec_f_2010": 7.0, "adm_f_2010": 5.0, "ob_f_2011": 0.0, "tec_f_2011": 7.0, "adm_f_2011": 2.0, "ob_f_2012": 7.0, "tec_f_2012": 0.0, "adm_f_2012": 5.0, "ob_f_2014": 3.0, "tec_f_2014": 1.0, "adm_f_2014": 8.0, "ob_f_2015": 2.0, "tec_f_2015": 0.0, "adm_f_2015": 7.0, "ob_f_2016": 2.0, "tec_f_2016": 0.0, "adm_f_2016": 6.0, "ob_m_2000": 0.0, "tec_m_2000": 0.0, "adm_m_2000": 0.0, "ob_m_2001": 0.0, "tec_m_2001": 0.0, "adm_m_2001": 0.0, "ob_m_2002": 0.0, "tec_m_2002": 0.0, "adm_m_2002": 0.0, "ob_m_2003": 0.0, "tec_m_2003": 0.0, "adm_m_2003": 0.0, "ob_m_2004": 0.0, "tec_m_2004": 0.0, "adm_m_2004": 0.0, "ob_m_2005": 0.0, "tec_m_2005": 0.0, "adm_m_2005": 0.0, "ob_m_2006": 0.0, "tec_m_2006": 0.0, "adm_m_2006": 0.0, "ob_m_2007": 0.0, "tec_m_2007": 0.0, "adm_m_2007": 0.0, "ob_m_2008": 0.0, "tec_m_2008": 0.0, "adm_m_2008": 0.0, "ob_m_2009": 0.0, "tec_m_2009": 9.0, "adm_m_2009": 4.0, "ob_m_2010": 0.0, "tec_m_2010": 70.0, "adm_m_2010": 11.0, "ob_m_2011": 0.0, "tec_m_2011": 50.0, "adm_m_2011": 8.0, "ob_m_2012": 41.0, "tec_m_2012": 6.0, "adm_m_2012": 7.0, "ob_m_2014": 40.0, "tec_m_2014": 6.0, "adm_m_2014": 9.0, "ob_m_2015": 46.0, "tec_m_2015": 11.0, "adm_m_2015": 12.0, "ob_m_2016": 3.0, "tec_m_2016": 49.0, "adm_m_2016": 19.0, "ent2000": 0.0, "ent2001": 0.0, "ent2002": 0.0, "ent2003": 0.0, "ent2004": 0.0, "ent2005": 0.0, "ent2006": 0.0, "ent2007": 0.0, "ent2008": 0.0, "ent2009": 1.0, "ent2010": 1.0, "ent2011": 1.0, "ent2012": 1.0, "ent2013": 1.0, "ent2014": 1.0, "ent2015": 1.0, "ent2016": 1.0, "ele2000": 0.0, "ele2001": 0.0, "ele2002": 0.0, "ele2003": 0.0, "ele2004": 0.0, "ele2005": 0.0, "ele2006": 0.0, "ele2007": 0.0, "ele2008": 0.0, "ele2009": 1764000.0, "ele2010": 1430112.0, "ele2011": 1270858.0, "ele2012": 2316650.0, "ele2013": 2284425.31, "ele2014": 1890308.0, "ele2015": 2710157.43, "ele2016": 1982.32, "com2000": 0.0, "com2001": 0.0, "com2002": 0.0, "com2003": 0.0, "com2004": 0.0, "com2005": 0.0, "com2006": 0.0, "com2007": 0.0, "com2008": 0.0, "com2009": 324000.0, "com2010": 1158574.0, "com2011": 778647.54, "com2012": 894234.0, "com2013": 1041026.99, "com2014": 965470.0, "com2015": 1151974.54, "com2016": 1029.41, "inf2000": 0.0, "inf2001": 0.0, "inf2002": 0.0, "inf2003": 0.0, "inf2004": 0.0, "inf2005": 0.0, "inf2006": 0.0, "inf2007": 0.0, "inf2008": 0.0, "inf2009": 0.0, "inf2010": 135976.0, "inf2011": 147725.0, "inf2012": 183133.0, "inf2013": 202250.54, "inf2014": 174472.0, "inf2015": 190443.41, "inf2016": 215.33, "wat2000": 0.0, "wat2001": 0.0, "wat2002": 0.0, "wat2003": 0.0, "wat2004": 0.0, "wat2005": 0.0, "wat2006": 0.0, "wat2007": 0.0, "wat2008": 0.0, "wat2009": 156000.0, "wat2010": 0.0, "wat2011": 70000.0, "wat2012": 97718.0, "wat2013": 152212.0, "wat2014": 131630.0, "wat2015": 62040.0, "wat2016": 201.45, "tss2000": 0.0, "tss2001": 0.0, "tss2002": 0.0, "tss2003": 0.0, "tss2004": 0.0, "tss2005": 0.0, "tss2006": 0.0, "tss2007": 0.0, "tss2008": 0.0, "tss2009": 2725541.49, "tss2010": 3396051.78, "tss2011": 3452591.29, "tss2012": 4182936.78, "tss2013": 4514445.53, "tss2014": 3818310.97, "tss2015": 3607344.32, "tss2016": 4093.94, "buiilt2000": 0.0, "buiilt2001": 0.0, "buiilt2002": 0.0, "buiilt2003": 0.0, "buiilt2004": 0.0, "buiilt2005": 0.0, "buiilt2006": 0.0, "buiilt2007": 0.0, "buiilt2008": 0.0, "buiilt2009": 270488.0, "buiilt2010": 270488.0, "buiilt2011": 270488.0, "buiilt2012": 270488.0, "buiilt2013": 270488.0, "buiilt2014": 64500.0, "buiilt2015": 64500.0, "buiilt2016": 64500.0, "ocu2000": 0.0, "ocu2001": 0.0, "ocu2002": 0.0, "ocu2003": 0.0, "ocu2004": 0.0, "ocu2005": 0.0, "ocu2006": 0.0, "ocu2007": 0.0, "ocu2008": 0.0, "ocu2009": 64560.0, "ocu2010": 64560.0, "ocu2011": 100250.0, "ocu2012": 64500.0, "ocu2013": 64500.0, "ocu2014": 64500.0, "ocu2015": 64500.0, "ocu2016": 64500.0, "sal_op2000": 0.0, "sal_op2001": 0.0, "sal_op2002": 0.0, "sal_op2003": 0.0, "sal_op2004": 0.0, "sal_op2005": 0.0, "sal_op2006": 0.0, "sal_op2007": 0.0, "sal_op2008": 0.0, "sal_op2009": 1945.0, "sal_op2010": 0.0, "sal_op2011": 0.0, "sal_op2012": 4281.25, "sal_op2013": 2664.46, "sal_op2014": 2168.65, "sal_op2015": 3838.76, "sal_op2016": 4000.0, "sal_tec2000": 0.0, "sal_tec2001": 0.0, "sal_tec2002": 0.0, "sal_tec2003": 0.0, "sal_tec2004": 0.0, "sal_tec2005": 0.0, "sal_tec2006": 0.0, "sal_tec2007": 0.0, "sal_tec2008": 0.0, "sal_tec2009": 3514.0, "sal_tec2010": 3675.25, "sal_tec2011": 3654.0, "sal_tec2012": 6025.0, "sal_tec2013": 5077.0, "sal_tec2014": 7045.37, "sal_tec2015": 6936.53, "sal_tec2016": 7100.0 }, "geometry": { "type": "Point", "coordinates": [ -69.64978048, 18.44233642 ] } },
{ "type": "Feature", "properties": { "code": "DOM-ARM", "name": "La Armeria ", "latitude": 18.42129421, "longitude": -70.11766012, "start": 1990.0, "close": 0.0, "type": "public", "sez_id": 5.0, "origin ": 1.0, "inv2000": 8620740.19, "inv2001": 5016030.0, "inv2002": 10355021.0, "inv2003": 7131271.0, "inv2004": 8576310.0, "inv2005": 9207504.27, "inv2006": 11921351.15, "inv2007": 16658481.31, "inv2008": 16097596.35, "inv2009": 7922821.33, "inv2010": 8538776.22, "inv2011": 7005128.7, "inv2012": 7648324.93, "inv2013": 2234206.89, "inv2014": 2728910.8, "inv2015": 5452953.6, "inv2016": 7167910.28, "ob_f_2000": 1719.0, "tec_f_2000": 37.0, "adm_f_2000": 30.0, "ob_f_2001": 1285.0, "tec_f_2001": 38.0, "adm_f_2001": 13.0, "ob_f_2002": 1372.0, "tec_f_2002": 43.0, "adm_f_2002": 20.0, "ob_f_2003": 1276.0, "tec_f_2003": 61.0, "adm_f_2003": 29.0, "ob_f_2004": 1306.0, "tec_f_2004": 52.0, "adm_f_2004": 24.0, "ob_f_2005": 714.0, "tec_f_2005": 21.0, "adm_f_2005": 17.0, "ob_f_2006": 792.0, "tec_f_2006": 17.0, "adm_f_2006": 29.0, "ob_f_2007": 793.0, "tec_f_2007": 23.0, "adm_f_2007": 24.0, "ob_f_2008": 497.0, "tec_f_2008": 26.0, "adm_f_2008": 26.0, "ob_f_2009": 427.0, "tec_f_2009": 32.0, "adm_f_2009": 18.0, "ob_f_2010": 169.0, "tec_f_2010": 18.0, "adm_f_2010": 11.0, "ob_f_2011": 194.0, "tec_f_2011": 9.0, "adm_f_2011": 8.0, "ob_f_2012": 230.0, "tec_f_2012": 20.0, "adm_f_2012": 11.0, "ob_f_2014": 197.0, "tec_f_2014": 7.0, "adm_f_2014": 14.0, "ob_f_2015": 310.0, "tec_f_2015": 8.0, "adm_f_2015": 25.0, "ob_f_2016": 407.0, "tec_f_2016": 7.0, "adm_f_2016": 28.0, "ob_m_2000": 808.0, "tec_m_2000": 80.0, "adm_m_2000": 34.0, "ob_m_2001": 571.0, "tec_m_2001": 53.0, "adm_m_2001": 21.0, "ob_m_2002": 476.0, "tec_m_2002": 69.0, "adm_m_2002": 21.0, "ob_m_2003": 407.0, "tec_m_2003": 78.0, "adm_m_2003": 23.0, "ob_m_2004": 858.0, "tec_m_2004": 79.0, "adm_m_2004": 27.0, "ob_m_2005": 265.0, "tec_m_2005": 61.0, "adm_m_2005": 19.0, "ob_m_2006": 378.0, "tec_m_2006": 50.0, "adm_m_2006": 22.0, "ob_m_2007": 278.0, "tec_m_2007": 49.0, "adm_m_2007": 21.0, "ob_m_2008": 172.0, "tec_m_2008": 51.0, "adm_m_2008": 17.0, "ob_m_2009": 156.0, "tec_m_2009": 33.0, "adm_m_2009": 11.0, "ob_m_2010": 85.0, "tec_m_2010": 26.0, "adm_m_2010": 7.0, "ob_m_2011": 112.0, "tec_m_2011": 21.0, "adm_m_2011": 8.0, "ob_m_2012": 98.0, "tec_m_2012": 43.0, "adm_m_2012": 12.0, "ob_m_2014": 127.0, "tec_m_2014": 28.0, "adm_m_2014": 14.0, "ob_m_2015": 197.0, "tec_m_2015": 30.0, "adm_m_2015": 28.0, "ob_m_2016": 218.0, "tec_m_2016": 27.0, "adm_m_2016": 38.0, "ent2000": 10.0, "ent2001": 9.0, "ent2002": 11.0, "ent2003": 10.0, "ent2004": 10.0, "ent2005": 10.0, "ent2006": 9.0, "ent2007": 8.0, "ent2008": 8.0, "ent2009": 7.0, "ent2010": 5.0, "ent2011": 5.0, "ent2012": 6.0, "ent2013": 6.0, "ent2014": 6.0, "ent2015": 8.0, "ent2016": 9.0, "ele2000": 3561896.0, "ele2001": 2419200.04, "ele2002": 3073773.58, "ele2003": 3817908.51, "ele2004": 11063851.64, "ele2005": 8102430.7, "ele2006": 8361395.8, "ele2007": 6545460.79, "ele2008": 5997554.38, "ele2009": 5820089.4, "ele2010": 3612196.79, "ele2011": 3784639.9, "ele2012": 4101929.55, "ele2013": 3218046.65, "ele2014": 2379713.44, "ele2015": 20596983.45, "ele2016": 5046.3, "com2000": 0.0, "com2001": 0.0, "com2002": 0.0, "com2003": 730368.99, "com2004": 1630871.96, "com2005": 1957018.55, "com2006": 2007078.8, "com2007": 3265433.59, "com2008": 3251871.07, "com2009": 2824575.49, "com2010": 1015920.68, "com2011": 987064.0, "com2012": 1106267.34, "com2013": 1248648.85, "com2014": 1183737.23, "com2015": 1509984.22, "com2016": 1772.33, "inf2000": 678543.21, "inf2001": 281005.92, "inf2002": 464793.44, "inf2003": 550258.47, "inf2004": 701344.07, "inf2005": 460677.17, "inf2006": 889290.93, "inf2007": 566717.5, "inf2008": 629817.64, "inf2009": 404930.4, "inf2010": 145913.89, "inf2011": 296433.6, "inf2012": 349344.39, "inf2013": 206720.75, "inf2014": 197783.28, "inf2015": 550180.07, "inf2016": 591.82, "wat2000": 86750.0, "wat2001": 81700.0, "wat2002": 171953.0, "wat2003": 37178.0, "wat2004": 343650.0, "wat2005": 179433.0, "wat2006": 88058.0, "wat2007": 341660.0, "wat2008": 75021.9, "wat2009": 251406.7, "wat2010": 107733.0, "wat2011": 118693.0, "wat2012": 244911.0, "wat2013": 194932.61, "wat2014": 43312.1, "wat2015": 722143.9, "wat2016": 951.47, "tss2000": 3980122.5, "tss2001": 2921492.85, "tss2002": 4052449.34, "tss2003": 2976086.42, "tss2004": 2319144.38, "tss2005": 2895184.45, "tss2006": 2034905.97, "tss2007": 5735152.92, "tss2008": 11070036.33, "tss2009": 8324377.6, "tss2010": 4756105.55, "tss2011": 5957603.18, "tss2012": 6053210.57, "tss2013": 8277887.88, "tss2014": 8024967.52, "tss2015": 11133280.32, "tss2016": 13470.86, "buiilt2000": 254469.0, "buiilt2001": 275783.0, "buiilt2002": 275783.0, "buiilt2003": 275783.0, "buiilt2004": 337529.0, "buiilt2005": 337529.0, "buiilt2006": 337529.0, "buiilt2007": 337529.0, "buiilt2008": 337529.0, "buiilt2009": 337529.0, "buiilt2010": 337529.0, "buiilt2011": 337529.0, "buiilt2012": 337529.0, "buiilt2013": 310078.93, "buiilt2014": 310078.93, "buiilt2015": 310078.93, "buiilt2016": 337333.2, "ocu2000": 229066.0, "ocu2001": 275783.0, "ocu2002": 275783.0, "ocu2003": 275783.0, "ocu2004": 337529.0, "ocu2005": 337529.0, "ocu2006": 337529.0, "ocu2007": 337529.0, "ocu2008": 337529.0, "ocu2009": 321213.0, "ocu2010": 209763.0, "ocu2011": 318441.0, "ocu2012": 235255.15, "ocu2013": 283104.28, "ocu2014": 279648.41, "ocu2015": 279648.41, "ocu2016": 314720.51, "sal_op2000": 898.9, "sal_op2001": 660.51, "sal_op2002": 621.69, "sal_op2003": 770.94, "sal_op2004": 897.3, "sal_op2005": 1096.79, "sal_op2006": 1249.54, "sal_op2007": 1600.0, "sal_op2008": 1700.0, "sal_op2009": 2272.3, "sal_op2010": 1833.9, "sal_op2011": 2094.6, "sal_op2012": 2008.12, "sal_op2013": 2015.8, "sal_op2014": 2125.79, "sal_op2015": 2354.15, "sal_op2016": 2076.28, "sal_tec2000": 1978.89, "sal_tec2001": 1623.56, "sal_tec2002": 1455.05, "sal_tec2003": 1912.75, "sal_tec2004": 2188.89, "sal_tec2005": 2403.32, "sal_tec2006": 2878.17, "sal_tec2007": 1954.0, "sal_tec2008": 2551.0, "sal_tec2009": 3551.6, "sal_tec2010": 3893.25, "sal_tec2011": 3359.33, "sal_tec2012": 3131.93, "sal_tec2013": 4402.0, "sal_tec2014": 3956.3, "sal_tec2015": 4300.9, "sal_tec2016": 4187.17 }, "geometry": { "type": "Point", "coordinates": [ -70.11766012, 18.42129421 ] } },
{ "type": "Feature", "properties": { "code": "DOM-BAN", "name": "Bani", "latitude": 18.25315476, "longitude": -70.40511741, "start": 1986.0, "close": 0.0, "type": "private", "sez_id": 7.0, "origin ": 1.0, "inv2000": 15539933.25, "inv2001": 12655436.88, "inv2002": 9491743.0, "inv2003": 8464186.23, "inv2004": 11476981.97, "inv2005": 11633110.54, "inv2006": 11181251.34, "inv2007": 10623336.78, "inv2008": 30910851.47, "inv2009": 28193395.0, "inv2010": 10800470.35, "inv2011": 11832510.3, "inv2012": 10903773.99, "inv2013": 4495089.35, "inv2014": 4170565.5, "inv2015": 5021427.1, "inv2016": 7576911.08, "ob_f_2000": 3286.0, "tec_f_2000": 104.0, "adm_f_2000": 40.0, "ob_f_2001": 2723.0, "tec_f_2001": 82.0, "adm_f_2001": 28.0, "ob_f_2002": 2185.0, "tec_f_2002": 58.0, "adm_f_2002": 30.0, "ob_f_2003": 2034.0, "tec_f_2003": 73.0, "adm_f_2003": 31.0, "ob_f_2004": 2184.0, "tec_f_2004": 98.0, "adm_f_2004": 20.0, "ob_f_2005": 1962.0, "tec_f_2005": 97.0, "adm_f_2005": 22.0, "ob_f_2006": 1183.0, "tec_f_2006": 84.0, "adm_f_2006": 16.0, "ob_f_2007": 883.0, "tec_f_2007": 90.0, "adm_f_2007": 13.0, "ob_f_2008": 1035.0, "tec_f_2008": 103.0, "adm_f_2008": 13.0, "ob_f_2009": 647.0, "tec_f_2009": 103.0, "adm_f_2009": 9.0, "ob_f_2010": 493.0, "tec_f_2010": 74.0, "adm_f_2010": 16.0, "ob_f_2011": 538.0, "tec_f_2011": 72.0, "adm_f_2011": 9.0, "ob_f_2012": 324.0, "tec_f_2012": 75.0, "adm_f_2012": 10.0, "ob_f_2014": 159.0, "tec_f_2014": 4.0, "adm_f_2014": 16.0, "ob_f_2015": 255.0, "tec_f_2015": 23.0, "adm_f_2015": 26.0, "ob_f_2016": 235.0, "tec_f_2016": 38.0, "adm_f_2016": 19.0, "ob_m_2000": 1066.0, "tec_m_2000": 96.0, "adm_m_2000": 90.0, "ob_m_2001": 1038.0, "tec_m_2001": 98.0, "adm_m_2001": 101.0, "ob_m_2002": 797.0, "tec_m_2002": 135.0, "adm_m_2002": 50.0, "ob_m_2003": 850.0, "tec_m_2003": 154.0, "adm_m_2003": 46.0, "ob_m_2004": 985.0, "tec_m_2004": 101.0, "adm_m_2004": 23.0, "ob_m_2005": 936.0, "tec_m_2005": 95.0, "adm_m_2005": 30.0, "ob_m_2006": 654.0, "tec_m_2006": 59.0, "adm_m_2006": 24.0, "ob_m_2007": 441.0, "tec_m_2007": 55.0, "adm_m_2007": 16.0, "ob_m_2008": 498.0, "tec_m_2008": 70.0, "adm_m_2008": 12.0, "ob_m_2009": 309.0, "tec_m_2009": 54.0, "adm_m_2009": 13.0, "ob_m_2010": 346.0, "tec_m_2010": 49.0, "adm_m_2010": 22.0, "ob_m_2011": 393.0, "tec_m_2011": 51.0, "adm_m_2011": 19.0, "ob_m_2012": 191.0, "tec_m_2012": 49.0, "adm_m_2012": 12.0, "ob_m_2014": 201.0, "tec_m_2014": 77.0, "adm_m_2014": 31.0, "ob_m_2015": 131.0, "tec_m_2015": 40.0, "adm_m_2015": 33.0, "ob_m_2016": 132.0, "tec_m_2016": 54.0, "adm_m_2016": 18.0, "ent2000": 11.0, "ent2001": 11.0, "ent2002": 9.0, "ent2003": 9.0, "ent2004": 8.0, "ent2005": 10.0, "ent2006": 8.0, "ent2007": 6.0, "ent2008": 7.0, "ent2009": 5.0, "ent2010": 6.0, "ent2011": 6.0, "ent2012": 6.0, "ent2013": 5.0, "ent2014": 7.0, "ent2015": 7.0, "ent2016": 7.0, "ele2000": 5251803.98, "ele2001": 3153149.06, "ele2002": 3614146.12, "ele2003": 6870899.33, "ele2004": 9353623.31, "ele2005": 9066274.95, "ele2006": 6442155.34, "ele2007": 5868480.39, "ele2008": 4476381.38, "ele2009": 3431317.66, "ele2010": 7711990.19, "ele2011": 9525893.83, "ele2012": 10891060.06, "ele2013": 2821259.32, "ele2014": 2783958.92, "ele2015": 4967735.6, "ele2016": 4758.06, "com2000": 0.0, "com2001": 0.0, "com2002": 0.0, "com2003": 1284632.25, "com2004": 1913874.03, "com2005": 1924319.62, "com2006": 1961682.95, "com2007": 1879179.61, "com2008": 1792031.44, "com2009": 2104759.61, "com2010": 2595124.47, "com2011": 2187942.39, "com2012": 2672284.25, "com2013": 412106.56, "com2014": 958293.04, "com2015": 1478174.86, "com2016": 0.0, "inf2000": 847448.58, "inf2001": 582717.94, "inf2002": 639097.44, "inf2003": 1006133.71, "inf2004": 1168661.01, "inf2005": 997643.26, "inf2006": 824660.11, "inf2007": 600845.44, "inf2008": 478238.69, "inf2009": 789637.82, "inf2010": 785209.75, "inf2011": 516147.5, "inf2012": 619017.32, "inf2013": 141818.72, "inf2014": 238145.6, "inf2015": 404979.81, "inf2016": 766.45, "wat2000": 129226.0, "wat2001": 320910.0, "wat2002": 185969.6, "wat2003": 310655.86, "wat2004": 301136.0, "wat2005": 462374.0, "wat2006": 404351.8, "wat2007": 353703.8, "wat2008": 278929.0, "wat2009": 246166.66, "wat2010": 322045.0, "wat2011": 362455.08, "wat2012": 286146.0, "wat2013": 157783.91, "wat2014": 289496.4, "wat2015": 429835.08, "wat2016": 1388.77, "tss2000": 8583658.52, "tss2001": 9424323.58, "tss2002": 7215875.4, "tss2003": 6166225.07, "tss2004": 5952381.83, "tss2005": 10238552.77, "tss2006": 5140003.74, "tss2007": 12644412.11, "tss2008": 23111357.53, "tss2009": 33686060.71, "tss2010": 10096906.3, "tss2011": 20538705.08, "tss2012": 2958098.68, "tss2013": 3959273.19, "tss2014": 4263878.51, "tss2015": 5068662.78, "tss2016": 538.36, "buiilt2000": 419156.0, "buiilt2001": 419156.0, "buiilt2002": 419156.0, "buiilt2003": 419156.0, "buiilt2004": 419156.0, "buiilt2005": 380148.0, "buiilt2006": 380148.0, "buiilt2007": 380148.0, "buiilt2008": 380148.0, "buiilt2009": 430138.0, "buiilt2010": 430138.0, "buiilt2011": 430138.0, "buiilt2012": 430138.0, "buiilt2013": 430138.0, "buiilt2014": 430138.0, "buiilt2015": 430138.0, "buiilt2016": 430138.0, "ocu2000": 402666.0, "ocu2001": 307882.0, "ocu2002": 328448.0, "ocu2003": 276442.0, "ocu2004": 295440.0, "ocu2005": 305886.0, "ocu2006": 270686.0, "ocu2007": 187639.0, "ocu2008": 202732.0, "ocu2009": 200133.0, "ocu2010": 221675.0, "ocu2011": 222738.0, "ocu2012": 129855.0, "ocu2013": 97135.0, "ocu2014": 235911.0, "ocu2015": 235911.0, "ocu2016": 325286.0, "sal_op2000": 606.8, "sal_op2001": 724.96, "sal_op2002": 726.12, "sal_op2003": 825.37, "sal_op2004": 1056.18, "sal_op2005": 1229.03, "sal_op2006": 1311.49, "sal_op2007": 1225.02, "sal_op2008": 1367.12, "sal_op2009": 1496.4, "sal_op2010": 1569.25, "sal_op2011": 1875.22, "sal_op2012": 2718.83, "sal_op2013": 1885.83, "sal_op2014": 1891.12, "sal_op2015": 2365.14, "sal_op2016": 2461.5, "sal_tec2000": 1496.91, "sal_tec2001": 1579.92, "sal_tec2002": 1509.52, "sal_tec2003": 1607.14, "sal_tec2004": 2148.95, "sal_tec2005": 2677.5, "sal_tec2006": 2959.48, "sal_tec2007": 2969.17, "sal_tec2008": 2927.98, "sal_tec2009": 3268.0, "sal_tec2010": 3412.46, "sal_tec2011": 3684.9, "sal_tec2012": 4803.13, "sal_tec2013": 4141.25, "sal_tec2014": 4004.09, "sal_tec2015": 5295.21, "sal_tec2016": 5286.29 }, "geometry": { "type": "Point", "coordinates": [ -70.40511741, 18.25315476 ] } },
{ "type": "Feature", "properties": { "code": "DOM-BAR", "name": "Barahona ", "latitude": 18.22153648, "longitude": -71.10145235, "start": 1989.0, "close": 0.0, "type": "public", "sez_id": 8.0, "origin ": 1.0, "inv2000": 6064000.0, "inv2001": 15789255.0, "inv2002": 14750000.0, "inv2003": 18400000.0, "inv2004": 13000000.0, "inv2005": 26000000.0, "inv2006": 25800000.0, "inv2007": 33000000.0, "inv2008": 33000000.0, "inv2009": 5000000.0, "inv2010": 8000000.0, "inv2011": 8000000.0, "inv2012": 8000000.0, "inv2013": 10125453.56, "inv2014": 14978000.0, "inv2015": 14978000.0, "inv2016": 17700000.0, "ob_f_2000": 656.0, "tec_f_2000": 42.0, "adm_f_2000": 23.0, "ob_f_2001": 1031.0, "tec_f_2001": 59.0, "adm_f_2001": 25.0, "ob_f_2002": 731.0, "tec_f_2002": 45.0, "adm_f_2002": 0.0, "ob_f_2003": 541.0, "tec_f_2003": 25.0, "adm_f_2003": 1.0, "ob_f_2004": 550.0, "tec_f_2004": 60.0, "adm_f_2004": 25.0, "ob_f_2005": 690.0, "tec_f_2005": 17.0, "adm_f_2005": 18.0, "ob_f_2006": 265.0, "tec_f_2006": 25.0, "adm_f_2006": 10.0, "ob_f_2007": 200.0, "tec_f_2007": 28.0, "adm_f_2007": 7.0, "ob_f_2008": 60.0, "tec_f_2008": 10.0, "adm_f_2008": 30.0, "ob_f_2009": 42.0, "tec_f_2009": 1.0, "adm_f_2009": 7.0, "ob_f_2010": 43.0, "tec_f_2010": 1.0, "adm_f_2010": 1.0, "ob_f_2011": 15.0, "tec_f_2011": 0.0, "adm_f_2011": 5.0, "ob_f_2012": 16.0, "tec_f_2012": 0.0, "adm_f_2012": 5.0, "ob_f_2014": 523.0, "tec_f_2014": 157.0, "adm_f_2014": 10.0, "ob_f_2015": 734.0, "tec_f_2015": 70.0, "adm_f_2015": 31.0, "ob_f_2016": 734.0, "tec_f_2016": 71.0, "adm_f_2016": 31.0, "ob_m_2000": 473.0, "tec_m_2000": 80.0, "adm_m_2000": 32.0, "ob_m_2001": 787.0, "tec_m_2001": 164.0, "adm_m_2001": 26.0, "ob_m_2002": 650.0, "tec_m_2002": 61.0, "adm_m_2002": 3.0, "ob_m_2003": 623.0, "tec_m_2003": 48.0, "adm_m_2003": 21.0, "ob_m_2004": 750.0, "tec_m_2004": 155.0, "adm_m_2004": 25.0, "ob_m_2005": 485.0, "tec_m_2005": 27.0, "adm_m_2005": 8.0, "ob_m_2006": 670.0, "tec_m_2006": 20.0, "adm_m_2006": 10.0, "ob_m_2007": 610.0, "tec_m_2007": 30.0, "adm_m_2007": 10.0, "ob_m_2008": 460.0, "tec_m_2008": 20.0, "adm_m_2008": 20.0, "ob_m_2009": 210.0, "tec_m_2009": 20.0, "adm_m_2009": 20.0, "ob_m_2010": 195.0, "tec_m_2010": 3.0, "adm_m_2010": 2.0, "ob_m_2011": 85.0, "tec_m_2011": 15.0, "adm_m_2011": 5.0, "ob_m_2012": 91.0, "tec_m_2012": 16.0, "adm_m_2012": 5.0, "ob_m_2014": 420.0, "tec_m_2014": 53.0, "adm_m_2014": 52.0, "ob_m_2015": 559.0, "tec_m_2015": 52.0, "adm_m_2015": 42.0, "ob_m_2016": 559.0, "tec_m_2016": 52.0, "adm_m_2016": 43.0, "ent2000": 3.0, "ent2001": 3.0, "ent2002": 3.0, "ent2003": 3.0, "ent2004": 2.0, "ent2005": 2.0, "ent2006": 2.0, "ent2007": 2.0, "ent2008": 2.0, "ent2009": 1.0, "ent2010": 1.0, "ent2011": 1.0, "ent2012": 1.0, "ent2013": 1.0, "ent2014": 1.0, "ent2015": 1.0, "ent2016": 1.0, "ele2000": 7226794.0, "ele2001": 321000.0, "ele2002": 12840215.64, "ele2003": 30269420.79, "ele2004": 42455245.6, "ele2005": 45337430.0, "ele2006": 45337430.0, "ele2007": 40000000.0, "ele2008": 38500000.0, "ele2009": 23000000.0, "ele2010": 30478185.0, "ele2011": 35949048.84, "ele2012": 25813861.28, "ele2013": 34848904.4, "ele2014": 985525.441, "ele2015": 40383864.63, "ele2016": 40948.45, "com2000": 0.0, "com2001": 0.0, "com2002": 0.0, "com2003": 0.0, "com2004": 1840320.55, "com2005": 360000.0, "com2006": 360000.0, "com2007": 700000.0, "com2008": 1200000.0, "com2009": 600000.0, "com2010": 657411.0, "com2011": 663464.04, "com2012": 546066.47, "com2013": 2402409.67, "com2014": 355560.0, "com2015": 2268129.5, "com2016": 1915.2, "inf2000": 234224.39, "inf2001": 38400.0, "inf2002": 496800.0, "inf2003": 735581.9, "inf2004": 0.0, "inf2005": 360000.0, "inf2006": 360000.0, "inf2007": 600000.0, "inf2008": 720000.0, "inf2009": 68000.0, "inf2010": 734039.0, "inf2011": 413347.5, "inf2012": 413347.5, "inf2013": 939695.82, "inf2014": 60000.0, "inf2015": 631268.87, "inf2016": 1258.52, "wat2000": 36750.0, "wat2001": 53400.0, "wat2002": 0.0, "wat2003": 0.0, "wat2004": 58860.0, "wat2005": 113000.0, "wat2006": 113000.0, "wat2007": 400000.0, "wat2008": 264000.0, "wat2009": 172000.0, "wat2010": 128552.0, "wat2011": 128552.4, "wat2012": 128552.4, "wat2013": 228688.4, "wat2014": 67802.0, "wat2015": 605755.5, "wat2016": 1728.01, "tss2000": 1126650.0, "tss2001": 330000.0, "tss2002": 3256070.0, "tss2003": 1630382.78, "tss2004": 2887882.12, "tss2005": 3000000.0, "tss2006": 0.0, "tss2007": 10000000.0, "tss2008": 6291685.04, "tss2009": 0.0, "tss2010": 4678962.73, "tss2011": 0.0, "tss2012": 14523197.8, "tss2013": 14998964.24, "tss2014": 8284397.51, "tss2015": 51883452.6, "tss2016": 30089.5, "buiilt2000": 235592.0, "buiilt2001": 498249.0, "buiilt2002": 498249.0, "buiilt2003": 498249.0, "buiilt2004": 498249.0, "buiilt2005": 276405.0, "buiilt2006": 276405.0, "buiilt2007": 276405.0, "buiilt2008": 276405.0, "buiilt2009": 276405.0, "buiilt2010": 276405.0, "buiilt2011": 276405.0, "buiilt2012": 276405.0, "buiilt2013": 275197.87, "buiilt2014": 275197.87, "buiilt2015": 275197.87, "buiilt2016": 299420.14, "ocu2000": 235592.0, "ocu2001": 498249.0, "ocu2002": 498249.0, "ocu2003": 498249.0, "ocu2004": 276405.0, "ocu2005": 276405.0, "ocu2006": 276405.0, "ocu2007": 226157.0, "ocu2008": 226157.0, "ocu2009": 223116.0, "ocu2010": 221117.0, "ocu2011": 239978.0, "ocu2012": 276405.0, "ocu2013": 275197.87, "ocu2014": 275197.87, "ocu2015": 275197.87, "ocu2016": 299420.14, "sal_op2000": 800.0, "sal_op2001": 738.21, "sal_op2002": 800.0, "sal_op2003": 975.0, "sal_op2004": 1000.0, "sal_op2005": 998.0, "sal_op2006": 1125.0, "sal_op2007": 1175.5, "sal_op2008": 1130.4, "sal_op2009": 1247.0, "sal_op2010": 1700.0, "sal_op2011": 1467.0, "sal_op2012": 1467.0, "sal_op2013": 1467.0, "sal_op2014": 1666.6, "sal_op2015": 1700.0, "sal_op2016": 1856.12, "sal_tec2000": 3166.67, "sal_tec2001": 1266.67, "sal_tec2002": 1566.67, "sal_tec2003": 2150.0, "sal_tec2004": 2250.0, "sal_tec2005": 1550.0, "sal_tec2006": 1500.0, "sal_tec2007": 2100.0, "sal_tec2008": 1500.0, "sal_tec2009": 1500.0, "sal_tec2010": 4000.0, "sal_tec2011": 2500.0, "sal_tec2012": 2500.0, "sal_tec2013": 2500.0, "sal_tec2014": 3500.0, "sal_tec2015": 2500.0, "sal_tec2016": 2510.0 }, "geometry": { "type": "Point", "coordinates": [ -71.10145235, 18.22153648 ] } },
{ "type": "Feature", "properties": { "code": "DOM-BON", "name": "Bonao ", "latitude": 18.92425177, "longitude": -70.40416473000001, "start": 1988.0, "close": 0.0, "type": "public", "sez_id": 10.0, "origin ": 1.0, "inv2000": 7371588.75, "inv2001": 6199952.0, "inv2002": 8030856.0, "inv2003": 6515255.25, "inv2004": 9978904.25, "inv2005": 12456822.73, "inv2006": 16068093.86, "inv2007": 7902683.75, "inv2008": 5229793.4, "inv2009": 3090140.81, "inv2010": 2710115.0, "inv2011": 2502840.0, "inv2012": 2674382.0, "inv2013": 3091531.17, "inv2014": 3326537.0, "inv2015": 3198062.0, "inv2016": 3087012.18, "ob_f_2000": 1918.0, "tec_f_2000": 13.0, "adm_f_2000": 23.0, "ob_f_2001": 1539.0, "tec_f_2001": 23.0, "adm_f_2001": 24.0, "ob_f_2002": 1111.0, "tec_f_2002": 5.0, "adm_f_2002": 20.0, "ob_f_2003": 1595.0, "tec_f_2003": 8.0, "adm_f_2003": 31.0, "ob_f_2004": 1538.0, "tec_f_2004": 6.0, "adm_f_2004": 28.0, "ob_f_2005": 1484.0, "tec_f_2005": 13.0, "adm_f_2005": 21.0, "ob_f_2006": 1067.0, "tec_f_2006": 6.0, "adm_f_2006": 18.0, "ob_f_2007": 713.0, "tec_f_2007": 4.0, "adm_f_2007": 9.0, "ob_f_2008": 431.0, "tec_f_2008": 12.0, "adm_f_2008": 15.0, "ob_f_2009": 189.0, "tec_f_2009": 1.0, "adm_f_2009": 10.0, "ob_f_2010": 171.0, "tec_f_2010": 1.0, "adm_f_2010": 12.0, "ob_f_2011": 277.0, "tec_f_2011": 4.0, "adm_f_2011": 11.0, "ob_f_2012": 172.0, "tec_f_2012": 6.0, "adm_f_2012": 12.0, "ob_f_2014": 185.0, "tec_f_2014": 6.0, "adm_f_2014": 10.0, "ob_f_2015": 180.0, "tec_f_2015": 3.0, "adm_f_2015": 13.0, "ob_f_2016": 194.0, "tec_f_2016": 4.0, "adm_f_2016": 9.0, "ob_m_2000": 1667.0, "tec_m_2000": 74.0, "adm_m_2000": 27.0, "ob_m_2001": 1137.0, "tec_m_2001": 75.0, "adm_m_2001": 20.0, "ob_m_2002": 966.0, "tec_m_2002": 29.0, "adm_m_2002": 18.0, "ob_m_2003": 1334.0, "tec_m_2003": 73.0, "adm_m_2003": 11.0, "ob_m_2004": 1335.0, "tec_m_2004": 55.0, "adm_m_2004": 16.0, "ob_m_2005": 1142.0, "tec_m_2005": 51.0, "adm_m_2005": 12.0, "ob_m_2006": 811.0, "tec_m_2006": 34.0, "adm_m_2006": 12.0, "ob_m_2007": 502.0, "tec_m_2007": 20.0, "adm_m_2007": 4.0, "ob_m_2008": 160.0, "tec_m_2008": 39.0, "adm_m_2008": 3.0, "ob_m_2009": 114.0, "tec_m_2009": 11.0, "adm_m_2009": 5.0, "ob_m_2010": 109.0, "tec_m_2010": 26.0, "adm_m_2010": 4.0, "ob_m_2011": 153.0, "tec_m_2011": 16.0, "adm_m_2011": 3.0, "ob_m_2012": 64.0, "tec_m_2012": 14.0, "adm_m_2012": 3.0, "ob_m_2014": 97.0, "tec_m_2014": 19.0, "adm_m_2014": 4.0, "ob_m_2015": 85.0, "tec_m_2015": 20.0, "adm_m_2015": 5.0, "ob_m_2016": 94.0, "tec_m_2016": 13.0, "adm_m_2016": 4.0, "ent2000": 9.0, "ent2001": 7.0, "ent2002": 6.0, "ent2003": 6.0, "ent2004": 6.0, "ent2005": 8.0, "ent2006": 8.0, "ent2007": 5.0, "ent2008": 3.0, "ent2009": 4.0, "ent2010": 3.0, "ent2011": 2.0, "ent2012": 2.0, "ent2013": 3.0, "ent2014": 3.0, "ent2015": 3.0, "ent2016": 3.0, "ele2000": 3027130.25, "ele2001": 3240635.45, "ele2002": 4772521.11, "ele2003": 10371273.48, "ele2004": 10814822.07, "ele2005": 15053601.87, "ele2006": 15897982.83, "ele2007": 13822918.11, "ele2008": 2941251.94, "ele2009": 1467699.06, "ele2010": 2349687.03, "ele2011": 3432219.23, "ele2012": 2683090.4, "ele2013": 3943415.64, "ele2014": 4563323.95, "ele2015": 4423760.38, "ele2016": 4327.98, "com2000": 0.0, "com2001": 0.0, "com2002": 0.0, "com2003": 1750786.35, "com2004": 1602793.17, "com2005": 1596498.92, "com2006": 3040014.45, "com2007": 992152.02, "com2008": 1012608.13, "com2009": 754759.94, "com2010": 905668.81, "com2011": 993399.75, "com2012": 995619.77, "com2013": 1264464.94, "com2014": 1518616.94, "com2015": 1064010.82, "com2016": 1215.18, "inf2000": 648183.09, "inf2001": 835232.49, "inf2002": 307111.23, "inf2003": 319901.72, "inf2004": 606118.14, "inf2005": 568509.3, "inf2006": 719034.68, "inf2007": 571084.69, "inf2008": 203004.2, "inf2009": 55754.6, "inf2010": 65550.0, "inf2011": 271250.0, "inf2012": 108817.0, "inf2013": 312119.4, "inf2014": 353728.0, "inf2015": 333767.0, "inf2016": 387.6, "wat2000": 35432.0, "wat2001": 28432.0, "wat2002": 32522.0, "wat2003": 907728.78, "wat2004": 234589.08, "wat2005": 556297.8, "wat2006": 371096.2, "wat2007": 262747.91, "wat2008": 120057.21, "wat2009": 33491.2, "wat2010": 44658.4, "wat2011": 66988.0, "wat2012": 61405.0, "wat2013": 84987.0, "wat2014": 85987.6, "wat2015": 144000.0, "wat2016": 144.0, "tss2000": 5771109.01, "tss2001": 8682549.77, "tss2002": 4979754.66, "tss2003": 4459479.29, "tss2004": 5068724.17, "tss2005": 30696905.61, "tss2006": 5974542.8, "tss2007": 12613973.54, "tss2008": 7995323.93, "tss2009": 1645550.85, "tss2010": 1246678.79, "tss2011": 5410301.48, "tss2012": 4733357.13, "tss2013": 3795391.45, "tss2014": 6256241.56, "tss2015": 6975466.02, "tss2016": 7887.88, "buiilt2000": 390593.0, "buiilt2001": 278577.0, "buiilt2002": 392327.0, "buiilt2003": 392327.0, "buiilt2004": 500155.0, "buiilt2005": 500155.0, "buiilt2006": 500155.0, "buiilt2007": 500155.0, "buiilt2008": 500155.0, "buiilt2009": 500155.0, "buiilt2010": 500155.0, "buiilt2011": 350390.0, "buiilt2012": 350390.0, "buiilt2013": 363183.27, "buiilt2014": 431539.12, "buiilt2015": 400634.95, "buiilt2016": 411800.22, "ocu2000": 331615.0, "ocu2001": 278577.0, "ocu2002": 312735.59, "ocu2003": 312735.0, "ocu2004": 500155.0, "ocu2005": 444411.0, "ocu2006": 422047.0, "ocu2007": 365030.0, "ocu2008": 365030.0, "ocu2009": 363553.0, "ocu2010": 81802.0, "ocu2011": 82850.0, "ocu2012": 53022.03, "ocu2013": 752840.15, "ocu2014": 69372.93, "ocu2015": 179274.59, "ocu2016": 253706.18, "sal_op2000": 579.0, "sal_op2001": 667.0, "sal_op2002": 657.5, "sal_op2003": 782.19, "sal_op2004": 982.0, "sal_op2005": 1021.5, "sal_op2006": 1218.71, "sal_op2007": 1149.94, "sal_op2008": 1399.5, "sal_op2009": 1590.62, "sal_op2010": 1453.71, "sal_op2011": 1320.5, "sal_op2012": 1474.34, "sal_op2013": 1875.01, "sal_op2014": 1846.0, "sal_op2015": 2148.67, "sal_op2016": 2251.67, "sal_tec2000": 1075.0, "sal_tec2001": 2096.0, "sal_tec2002": 1256.0, "sal_tec2003": 1295.83, "sal_tec2004": 1629.17, "sal_tec2005": 2033.57, "sal_tec2006": 2066.67, "sal_tec2007": 2264.08, "sal_tec2008": 2597.67, "sal_tec2009": 3657.67, "sal_tec2010": 2247.73, "sal_tec2011": 2642.0, "sal_tec2012": 3338.34, "sal_tec2013": 3486.58, "sal_tec2014": 3493.67, "sal_tec2015": 3796.08, "sal_tec2016": 3897.67 }, "geometry": { "type": "Point", "coordinates": [ -70.40416473, 18.92425177 ] } },
{ "type": "Feature", "properties": { "code": "DOM-CAD", "name": "Los Candelones ", "latitude": 19.55066181, "longitude": -70.85609369, "start": 2017.0, "close": 0.0, "type": "private", "sez_id": 11.0, "origin ": 1.0, "inv2000": 0.0, "inv2001": 0.0, "inv2002": 0.0, "inv2003": 0.0, "inv2004": 0.0, "inv2005": 0.0, "inv2006": 0.0, "inv2007": 0.0, "inv2008": 0.0, "inv2009": 0.0, "inv2010": 0.0, "inv2011": 0.0, "inv2012": 0.0, "inv2013": 0.0, "inv2014": 0.0, "inv2015": 0.0, "inv2016": 0.0, "ob_f_2000": 0.0, "tec_f_2000": 0.0, "adm_f_2000": 0.0, "ob_f_2001": 0.0, "tec_f_2001": 0.0, "adm_f_2001": 0.0, "ob_f_2002": 0.0, "tec_f_2002": 0.0, "adm_f_2002": 0.0, "ob_f_2003": 0.0, "tec_f_2003": 0.0, "adm_f_2003": 0.0, "ob_f_2004": 0.0, "tec_f_2004": 0.0, "adm_f_2004": 0.0, "ob_f_2005": 0.0, "tec_f_2005": 0.0, "adm_f_2005": 0.0, "ob_f_2006": 0.0, "tec_f_2006": 0.0, "adm_f_2006": 0.0, "ob_f_2007": 0.0, "tec_f_2007": 0.0, "adm_f_2007": 0.0, "ob_f_2008": 0.0, "tec_f_2008": 0.0, "adm_f_2008": 0.0, "ob_f_2009": 0.0, "tec_f_2009": 0.0, "adm_f_2009": 0.0, "ob_f_2010": 0.0, "tec_f_2010": 0.0, "adm_f_2010": 0.0, "ob_f_2011": 0.0, "tec_f_2011": 0.0, "adm_f_2011": 0.0, "ob_f_2012": 0.0, "tec_f_2012": 0.0, "adm_f_2012": 0.0, "ob_f_2014": 0.0, "tec_f_2014": 0.0, "adm_f_2014": 0.0, "ob_f_2015": 0.0, "tec_f_2015": 0.0, "adm_f_2015": 0.0, "ob_f_2016": 0.0, "tec_f_2016": 0.0, "adm_f_2016": 0.0, "ob_m_2000": 0.0, "tec_m_2000": 0.0, "adm_m_2000": 0.0, "ob_m_2001": 0.0, "tec_m_2001": 0.0, "adm_m_2001": 0.0, "ob_m_2002": 0.0, "tec_m_2002": 0.0, "adm_m_2002": 0.0, "ob_m_2003": 0.0, "tec_m_2003": 0.0, "adm_m_2003": 0.0, "ob_m_2004": 0.0, "tec_m_2004": 0.0, "adm_m_2004": 0.0, "ob_m_2005": 0.0, "tec_m_2005": 0.0, "adm_m_2005": 0.0, "ob_m_2006": 0.0, "tec_m_2006": 0.0, "adm_m_2006": 0.0, "ob_m_2007": 0.0, "tec_m_2007": 0.0, "adm_m_2007": 0.0, "ob_m_2008": 0.0, "tec_m_2008": 0.0, "adm_m_2008": 0.0, "ob_m_2009": 0.0, "tec_m_2009": 0.0, "adm_m_2009": 0.0, "ob_m_2010": 0.0, "tec_m_2010": 0.0, "adm_m_2010": 0.0, "ob_m_2011": 0.0, "tec_m_2011": 0.0, "adm_m_2011": 0.0, "ob_m_2012": 0.0, "tec_m_2012": 0.0, "adm_m_2012": 0.0, "ob_m_2014": 0.0, "tec_m_2014": 0.0, "adm_m_2014": 0.0, "ob_m_2015": 0.0, "tec_m_2015": 0.0, "adm_m_2015": 0.0, "ob_m_2016": 0.0, "tec_m_2016": 0.0, "adm_m_2016": 0.0, "ent2000": 0.0, "ent2001": 0.0, "ent2002": 0.0, "ent2003": 0.0, "ent2004": 0.0, "ent2005": 0.0, "ent2006": 0.0, "ent2007": 0.0, "ent2008": 0.0, "ent2009": 0.0, "ent2010": 0.0, "ent2011": 0.0, "ent2012": 0.0, "ent2013": 0.0, "ent2014": 0.0, "ent2015": 0.0, "ent2016": 0.0, "ele2000": 0.0, "ele2001": 0.0, "ele2002": 0.0, "ele2003": 0.0, "ele2004": 0.0, "ele2005": 0.0, "ele2006": 0.0, "ele2007": 0.0, "ele2008": 0.0, "ele2009": 0.0, "ele2010": 0.0, "ele2011": 0.0, "ele2012": 0.0, "ele2013": 0.0, "ele2014": 0.0, "ele2015": 0.0, "ele2016": 0.0, "com2000": 0.0, "com2001": 0.0, "com2002": 0.0, "com2003": 0.0, "com2004": 0.0, "com2005": 0.0, "com2006": 0.0, "com2007": 0.0, "com2008": 0.0, "com2009": 0.0, "com2010": 0.0, "com2011": 0.0, "com2012": 0.0, "com2013": 0.0, "com2014": 0.0, "com2015": 0.0, "com2016": 0.0, "inf2000": 0.0, "inf2001": 0.0, "inf2002": 0.0, "inf2003": 0.0, "inf2004": 0.0, "inf2005": 0.0, "inf2006": 0.0, "inf2007": 0.0, "inf2008": 0.0, "inf2009": 0.0, "inf2010": 0.0, "inf2011": 0.0, "inf2012": 0.0, "inf2013": 0.0, "inf2014": 0.0, "inf2015": 0.0, "inf2016": 0.0, "wat2000": 0.0, "wat2001": 0.0, "wat2002": 0.0, "wat2003": 0.0, "wat2004": 0.0, "wat2005": 0.0, "wat2006": 0.0, "wat2007": 0.0, "wat2008": 0.0, "wat2009": 0.0, "wat2010": 0.0, "wat2011": 0.0, "wat2012": 0.0, "wat2013": 0.0, "wat2014": 0.0, "wat2015": 0.0, "wat2016": 0.0, "tss2000": 0.0, "tss2001": 0.0, "tss2002": 0.0, "tss2003": 0.0, "tss2004": 0.0, "tss2005": 0.0, "tss2006": 0.0, "tss2007": 0.0, "tss2008": 0.0, "tss2009": 0.0, "tss2010": 0.0, "tss2011": 0.0, "tss2012": 0.0, "tss2013": 0.0, "tss2014": 0.0, "tss2015": 0.0, "tss2016": 0.0, "buiilt2000": 0.0, "buiilt2001": 0.0, "buiilt2002": 0.0, "buiilt2003": 0.0, "buiilt2004": 0.0, "buiilt2005": 0.0, "buiilt2006": 0.0, "buiilt2007": 0.0, "buiilt2008": 0.0, "buiilt2009": 0.0, "buiilt2010": 0.0, "buiilt2011": 0.0, "buiilt2012": 0.0, "buiilt2013": 0.0, "buiilt2014": 0.0, "buiilt2015": 0.0, "buiilt2016": 0.0, "ocu2000": 0.0, "ocu2001": 0.0, "ocu2002": 0.0, "ocu2003": 0.0, "ocu2004": 0.0, "ocu2005": 0.0, "ocu2006": 0.0, "ocu2007": 0.0, "ocu2008": 0.0, "ocu2009": 0.0, "ocu2010": 0.0, "ocu2011": 0.0, "ocu2012": 0.0, "ocu2013": 0.0, "ocu2014": 0.0, "ocu2015": 0.0, "ocu2016": 0.0, "sal_op2000": 0.0, "sal_op2001": 0.0, "sal_op2002": 0.0, "sal_op2003": 0.0, "sal_op2004": 0.0, "sal_op2005": 0.0, "sal_op2006": 0.0, "sal_op2007": 0.0, "sal_op2008": 0.0, "sal_op2009": 0.0, "sal_op2010": 0.0, "sal_op2011": 0.0, "sal_op2012": 0.0, "sal_op2013": 0.0, "sal_op2014": 0.0, "sal_op2015": 0.0, "sal_op2016": 0.0, "sal_tec2000": 0.0, "sal_tec2001": 0.0, "sal_tec2002": 0.0, "sal_tec2003": 0.0, "sal_tec2004": 0.0, "sal_tec2005": 0.0, "sal_tec2006": 0.0, "sal_tec2007": 0.0, "sal_tec2008": 0.0, "sal_tec2009": 0.0, "sal_tec2010": 0.0, "sal_tec2011": 0.0, "sal_tec2012": 0.0, "sal_tec2013": 0.0, "sal_tec2014": 0.0, "sal_tec2015": 0.0, "sal_tec2016": 0.0 }, "geometry": { "type": "Point", "coordinates": [ -70.85609369, 19.55066181 ] } },
{ "type": "Feature", "properties": { "code": "DOM-CDF", "name": "Parque Industrial CDF", "latitude": 19.49516261, "longitude": -70.71634466, "start": 2014.0, "close": 0.0, "type": "private", "sez_id": 13.0, "origin ": 1.0, "inv2000": 0.0, "inv2001": 0.0, "inv2002": 0.0, "inv2003": 0.0, "inv2004": 0.0, "inv2005": 0.0, "inv2006": 0.0, "inv2007": 0.0, "inv2008": 0.0, "inv2009": 0.0, "inv2010": 0.0, "inv2011": 0.0, "inv2012": 0.0, "inv2013": 0.0, "inv2014": 9951283.2, "inv2015": 12385321.3, "inv2016": 13877081.07, "ob_f_2000": 0.0, "tec_f_2000": 0.0, "adm_f_2000": 0.0, "ob_f_2001": 0.0, "tec_f_2001": 0.0, "adm_f_2001": 0.0, "ob_f_2002": 0.0, "tec_f_2002": 0.0, "adm_f_2002": 0.0, "ob_f_2003": 0.0, "tec_f_2003": 0.0, "adm_f_2003": 0.0, "ob_f_2004": 0.0, "tec_f_2004": 0.0, "adm_f_2004": 0.0, "ob_f_2005": 0.0, "tec_f_2005": 0.0, "adm_f_2005": 0.0, "ob_f_2006": 0.0, "tec_f_2006": 0.0, "adm_f_2006": 0.0, "ob_f_2007": 0.0, "tec_f_2007": 0.0, "adm_f_2007": 0.0, "ob_f_2008": 0.0, "tec_f_2008": 0.0, "adm_f_2008": 0.0, "ob_f_2009": 0.0, "tec_f_2009": 0.0, "adm_f_2009": 0.0, "ob_f_2010": 0.0, "tec_f_2010": 0.0, "adm_f_2010": 0.0, "ob_f_2011": 0.0, "tec_f_2011": 0.0, "adm_f_2011": 0.0, "ob_f_2012": 0.0, "tec_f_2012": 0.0, "adm_f_2012": 0.0, "ob_f_2014": 393.0, "tec_f_2014": 1.0, "adm_f_2014": 9.0, "ob_f_2015": 416.0, "tec_f_2015": 3.0, "adm_f_2015": 10.0, "ob_f_2016": 347.0, "tec_f_2016": 4.0, "adm_f_2016": 10.0, "ob_m_2000": 0.0, "tec_m_2000": 0.0, "adm_m_2000": 0.0, "ob_m_2001": 0.0, "tec_m_2001": 0.0, "adm_m_2001": 0.0, "ob_m_2002": 0.0, "tec_m_2002": 0.0, "adm_m_2002": 0.0, "ob_m_2003": 0.0, "tec_m_2003": 0.0, "adm_m_2003": 0.0, "ob_m_2004": 0.0, "tec_m_2004": 0.0, "adm_m_2004": 0.0, "ob_m_2005": 0.0, "tec_m_2005": 0.0, "adm_m_2005": 0.0, "ob_m_2006": 0.0, "tec_m_2006": 0.0, "adm_m_2006": 0.0, "ob_m_2007": 0.0, "tec_m_2007": 0.0, "adm_m_2007": 0.0, "ob_m_2008": 0.0, "tec_m_2008": 0.0, "adm_m_2008": 0.0, "ob_m_2009": 0.0, "tec_m_2009": 0.0, "adm_m_2009": 0.0, "ob_m_2010": 0.0, "tec_m_2010": 0.0, "adm_m_2010": 0.0, "ob_m_2011": 0.0, "tec_m_2011": 0.0, "adm_m_2011": 0.0, "ob_m_2012": 0.0, "tec_m_2012": 0.0, "adm_m_2012": 0.0, "ob_m_2014": 73.0, "tec_m_2014": 6.0, "adm_m_2014": 1.0, "ob_m_2015": 95.0, "tec_m_2015": 5.0, "adm_m_2015": 1.0, "ob_m_2016": 31.0, "tec_m_2016": 5.0, "adm_m_2016": 2.0, "ent2000": 0.0, "ent2001": 0.0, "ent2002": 0.0, "ent2003": 0.0, "ent2004": 0.0, "ent2005": 0.0, "ent2006": 0.0, "ent2007": 0.0, "ent2008": 0.0, "ent2009": 0.0, "ent2010": 0.0, "ent2011": 0.0, "ent2012": 0.0, "ent2013": 0.0, "ent2014": 1.0, "ent2015": 1.0, "ent2016": 1.0, "ele2000": 0.0, "ele2001": 0.0, "ele2002": 0.0, "ele2003": 0.0, "ele2004": 0.0, "ele2005": 0.0, "ele2006": 0.0, "ele2007": 0.0, "ele2008": 0.0, "ele2009": 0.0, "ele2010": 0.0, "ele2011": 0.0, "ele2012": 0.0, "ele2013": 0.0, "ele2014": 1131384.14, "ele2015": 1577590.58, "ele2016": 1529.18, "com2000": 0.0, "com2001": 0.0, "com2002": 0.0, "com2003": 0.0, "com2004": 0.0, "com2005": 0.0, "com2006": 0.0, "com2007": 0.0, "com2008": 0.0, "com2009": 0.0, "com2010": 0.0, "com2011": 0.0, "com2012": 0.0, "com2013": 0.0, "com2014": 0.0, "com2015": 640155.83, "com2016": 617.36, "inf2000": 0.0, "inf2001": 0.0, "inf2002": 0.0, "inf2003": 0.0, "inf2004": 0.0, "inf2005": 0.0, "inf2006": 0.0, "inf2007": 0.0, "inf2008": 0.0, "inf2009": 0.0, "inf2010": 0.0, "inf2011": 0.0, "inf2012": 0.0, "inf2013": 0.0, "inf2014": 380853.66, "inf2015": 617335.66, "inf2016": 495.2, "wat2000": 0.0, "wat2001": 0.0, "wat2002": 0.0, "wat2003": 0.0, "wat2004": 0.0, "wat2005": 0.0, "wat2006": 0.0, "wat2007": 0.0, "wat2008": 0.0, "wat2009": 0.0, "wat2010": 0.0, "wat2011": 0.0, "wat2012": 0.0, "wat2013": 0.0, "wat2014": 549903.74, "wat2015": 434475.0, "wat2016": 682.71, "tss2000": 0.0, "tss2001": 0.0, "tss2002": 0.0, "tss2003": 0.0, "tss2004": 0.0, "tss2005": 0.0, "tss2006": 0.0, "tss2007": 0.0, "tss2008": 0.0, "tss2009": 0.0, "tss2010": 0.0, "tss2011": 0.0, "tss2012": 0.0, "tss2013": 0.0, "tss2014": 7572279.52, "tss2015": 10973754.88, "tss2016": 10248.76, "buiilt2000": 0.0, "buiilt2001": 0.0, "buiilt2002": 0.0, "buiilt2003": 0.0, "buiilt2004": 0.0, "buiilt2005": 0.0, "buiilt2006": 0.0, "buiilt2007": 0.0, "buiilt2008": 0.0, "buiilt2009": 0.0, "buiilt2010": 0.0, "buiilt2011": 0.0, "buiilt2012": 0.0, "buiilt2013": 0.0, "buiilt2014": 167992.13, "buiilt2015": 167992.13, "buiilt2016": 167992.13, "ocu2000": 0.0, "ocu2001": 0.0, "ocu2002": 0.0, "ocu2003": 0.0, "ocu2004": 0.0, "ocu2005": 0.0, "ocu2006": 0.0, "ocu2007": 0.0, "ocu2008": 0.0, "ocu2009": 0.0, "ocu2010": 0.0, "ocu2011": 0.0, "ocu2012": 0.0, "ocu2013": 0.0, "ocu2014": 167992.13, "ocu2015": 167992.13, "ocu2016": 167992.13, "sal_op2000": 0.0, "sal_op2001": 0.0, "sal_op2002": 0.0, "sal_op2003": 0.0, "sal_op2004": 0.0, "sal_op2005": 0.0, "sal_op2006": 0.0, "sal_op2007": 0.0, "sal_op2008": 0.0, "sal_op2009": 0.0, "sal_op2010": 0.0, "sal_op2011": 0.0, "sal_op2012": 0.0, "sal_op2013": 0.0, "sal_op2014": 1707.69, "sal_op2015": 1958.59, "sal_op2016": 2100.0, "sal_tec2000": 0.0, "sal_tec2001": 0.0, "sal_tec2002": 0.0, "sal_tec2003": 0.0, "sal_tec2004": 0.0, "sal_tec2005": 0.0, "sal_tec2006": 0.0, "sal_tec2007": 0.0, "sal_tec2008": 0.0, "sal_tec2009": 0.0, "sal_tec2010": 0.0, "sal_tec2011": 0.0, "sal_tec2012": 0.0, "sal_tec2013": 0.0, "sal_tec2014": 5179.81, "sal_tec2015": 6693.3, "sal_tec2016": 6700.0 }, "geometry": { "type": "Point", "coordinates": [ -70.71634466, 19.49516261 ] } },
{ "type": "Feature", "properties": { "code": "DOM-CHE", "name": "Chemtec ", "latitude": 18.45851329, "longitude": -69.28651371, "start": 1988.0, "close": 0.0, "type": "private", "sez_id": 14.0, "origin ": 1.0, "inv2000": 13904205.18, "inv2001": 15028164.77, "inv2002": 10843940.0, "inv2003": 11701944.0, "inv2004": 12451195.0, "inv2005": 12578026.0, "inv2006": 11544005.88, "inv2007": 13078586.88, "inv2008": 11670132.56, "inv2009": 9529543.84, "inv2010": 9674380.13, "inv2011": 12627628.3, "inv2012": 22727726.14, "inv2013": 15744854.67, "inv2014": 10086381.8, "inv2015": 13252725.1, "inv2016": 11888282.0, "ob_f_2000": 1173.0, "tec_f_2000": 51.0, "adm_f_2000": 65.0, "ob_f_2001": 703.0, "tec_f_2001": 30.0, "adm_f_2001": 40.0, "ob_f_2002": 263.0, "tec_f_2002": 17.0, "adm_f_2002": 33.0, "ob_f_2003": 158.0, "tec_f_2003": 2.0, "adm_f_2003": 24.0, "ob_f_2004": 460.0, "tec_f_2004": 12.0, "adm_f_2004": 37.0, "ob_f_2005": 326.0, "tec_f_2005": 6.0, "adm_f_2005": 35.0, "ob_f_2006": 337.0, "tec_f_2006": 8.0, "adm_f_2006": 38.0, "ob_f_2007": 545.0, "tec_f_2007": 40.0, "adm_f_2007": 66.0, "ob_f_2008": 234.0, "tec_f_2008": 8.0, "adm_f_2008": 17.0, "ob_f_2009": 292.0, "tec_f_2009": 6.0, "adm_f_2009": 19.0, "ob_f_2010": 282.0, "tec_f_2010": 9.0, "adm_f_2010": 18.0, "ob_f_2011": 289.0, "tec_f_2011": 9.0, "adm_f_2011": 33.0, "ob_f_2012": 326.0, "tec_f_2012": 12.0, "adm_f_2012": 29.0, "ob_f_2014": 202.0, "tec_f_2014": 5.0, "adm_f_2014": 25.0, "ob_f_2015": 302.0, "tec_f_2015": 4.0, "adm_f_2015": 23.0, "ob_f_2016": 248.0, "tec_f_2016": 3.0, "adm_f_2016": 26.0, "ob_m_2000": 1389.0, "tec_m_2000": 197.0, "adm_m_2000": 87.0, "ob_m_2001": 1304.0, "tec_m_2001": 90.0, "adm_m_2001": 34.0, "ob_m_2002": 411.0, "tec_m_2002": 23.0, "adm_m_2002": 51.0, "ob_m_2003": 239.0, "tec_m_2003": 25.0, "adm_m_2003": 38.0, "ob_m_2004": 429.0, "tec_m_2004": 75.0, "adm_m_2004": 49.0, "ob_m_2005": 338.0, "tec_m_2005": 46.0, "adm_m_2005": 41.0, "ob_m_2006": 318.0, "tec_m_2006": 59.0, "adm_m_2006": 47.0, "ob_m_2007": 247.0, "tec_m_2007": 59.0, "adm_m_2007": 61.0, "ob_m_2008": 218.0, "tec_m_2008": 38.0, "adm_m_2008": 20.0, "ob_m_2009": 161.0, "tec_m_2009": 37.0, "adm_m_2009": 22.0, "ob_m_2010": 217.0, "tec_m_2010": 31.0, "adm_m_2010": 25.0, "ob_m_2011": 215.0, "tec_m_2011": 44.0, "adm_m_2011": 44.0, "ob_m_2012": 238.0, "tec_m_2012": 36.0, "adm_m_2012": 25.0, "ob_m_2014": 175.0, "tec_m_2014": 24.0, "adm_m_2014": 24.0, "ob_m_2015": 207.0, "tec_m_2015": 37.0, "adm_m_2015": 23.0, "ob_m_2016": 136.0, "tec_m_2016": 36.0, "adm_m_2016": 27.0, "ent2000": 12.0, "ent2001": 10.0, "ent2002": 9.0, "ent2003": 11.0, "ent2004": 13.0, "ent2005": 9.0, "ent2006": 9.0, "ent2007": 7.0, "ent2008": 5.0, "ent2009": 5.0, "ent2010": 6.0, "ent2011": 7.0, "ent2012": 8.0, "ent2013": 8.0, "ent2014": 7.0, "ent2015": 9.0, "ent2016": 7.0, "ele2000": 4580529.0, "ele2001": 9328406.08, "ele2002": 3176860.29, "ele2003": 4602130.67, "ele2004": 11929849.17, "ele2005": 10402782.44, "ele2006": 13242019.36, "ele2007": 14349462.98, "ele2008": 12808605.5, "ele2009": 13993965.2, "ele2010": 13255139.0, "ele2011": 19051156.69, "ele2012": 19316760.03, "ele2013": 13461109.43, "ele2014": 14773378.86, "ele2015": 19753863.39, "ele2016": 16396.4, "com2000": 0.0, "com2001": 0.0, "com2002": 0.0, "com2003": 825149.72, "com2004": 1394311.58, "com2005": 1387635.99, "com2006": 2354743.79, "com2007": 2545750.57, "com2008": 1090189.81, "com2009": 946739.86, "com2010": 1371393.55, "com2011": 1171243.72, "com2012": 1570888.64, "com2013": 1385090.31, "com2014": 2435841.72, "com2015": 2633786.51, "com2016": 1890.4, "inf2000": 0.0, "inf2001": 1005477.13, "inf2002": 283727.1, "inf2003": 233244.74, "inf2004": 365370.54, "inf2005": 262804.83, "inf2006": 717258.02, "inf2007": 579777.27, "inf2008": 488682.1, "inf2009": 366915.01, "inf2010": 405706.8, "inf2011": 362138.0, "inf2012": 530063.0, "inf2013": 492111.0, "inf2014": 585454.82, "inf2015": 700228.34, "inf2016": 707.33, "wat2000": 345045.0, "wat2001": 425735.6, "wat2002": 196905.0, "wat2003": 177396.8, "wat2004": 246924.0, "wat2005": 209040.6, "wat2006": 233961.6, "wat2007": 244401.23, "wat2008": 171369.0, "wat2009": 166670.99, "wat2010": 142915.55, "wat2011": 217974.5, "wat2012": 230259.6, "wat2013": 218541.0, "wat2014": 205647.2, "wat2015": 222407.2, "wat2016": 167.81, "tss2000": 7149064.81, "tss2001": 8646283.47, "tss2002": 2100186.63, "tss2003": 1503421.5, "tss2004": 1408059.15, "tss2005": 1170073.15, "tss2006": 2596859.38, "tss2007": 5514547.5, "tss2008": 6623097.87, "tss2009": 5781557.28, "tss2010": 10656593.09, "tss2011": 10608410.61, "tss2012": 10548295.96, "tss2013": 9135965.85, "tss2014": 11493555.04, "tss2015": 14392580.28, "tss2016": 16817.56, "buiilt2000": 456206.0, "buiilt2001": 456206.0, "buiilt2002": 456206.0, "buiilt2003": 475000.0, "buiilt2004": 493802.0, "buiilt2005": 493802.0, "buiilt2006": 493802.0, "buiilt2007": 493802.0, "buiilt2008": 493802.0, "buiilt2009": 493802.0, "buiilt2010": 493802.0, "buiilt2011": 493802.0, "buiilt2012": 493802.0, "buiilt2013": 493802.0, "buiilt2014": 1400000.0, "buiilt2015": 1400000.0, "buiilt2016": 493802.0, "ocu2000": 456206.0, "ocu2001": 426206.0, "ocu2002": 426206.0, "ocu2003": 415000.0, "ocu2004": 420802.0, "ocu2005": 478552.0, "ocu2006": 493802.0, "ocu2007": 478702.0, "ocu2008": 493802.0, "ocu2009": 451333.0, "ocu2010": 478596.93, "ocu2011": 435158.0, "ocu2012": 362413.96, "ocu2013": 362413.96, "ocu2014": 1332000.0, "ocu2015": 1332000.0, "ocu2016": 273449.0, "sal_op2000": 694.67, "sal_op2001": 719.36, "sal_op2002": 704.56, "sal_op2003": 852.46, "sal_op2004": 1000.91, "sal_op2005": 1140.96, "sal_op2006": 1202.65, "sal_op2007": 1270.09, "sal_op2008": 1283.75, "sal_op2009": 1262.56, "sal_op2010": 1450.51, "sal_op2011": 1678.95, "sal_op2012": 1677.81, "sal_op2013": 2641.23, "sal_op2014": 2628.74, "sal_op2015": 2541.47, "sal_op2016": 2926.96, "sal_tec2000": 1654.55, "sal_tec2001": 1825.71, "sal_tec2002": 1279.0, "sal_tec2003": 2008.33, "sal_tec2004": 2336.97, "sal_tec2005": 2375.12, "sal_tec2006": 2535.66, "sal_tec2007": 2996.33, "sal_tec2008": 3205.39, "sal_tec2009": 3208.0, "sal_tec2010": 3893.67, "sal_tec2011": 3481.23, "sal_tec2012": 4913.58, "sal_tec2013": 5446.43, "sal_tec2014": 5743.03, "sal_tec2015": 5625.37, "sal_tec2016": 5899.15 }, "geometry": { "type": "Point", "coordinates": [ -69.28651371, 18.45851329 ] } },
{ "type": "Feature", "properties": { "code": "DOM-CIB", "name": "Cibernetico ", "latitude": 18.45320537, "longitude": -69.66257273, "start": 2001.0, "close": 0.0, "type": "mix", "sez_id": 15.0, "origin ": 1.0, "inv2000": 0.0, "inv2001": 100000.0, "inv2002": 370000.0, "inv2003": 850000.0, "inv2004": 200022.0, "inv2005": 447688.04, "inv2006": 687068.0, "inv2007": 4812539.37, "inv2008": 27578537.13, "inv2009": 26346861.1, "inv2010": 28720043.69, "inv2011": 23317650.2, "inv2012": 8287450.3, "inv2013": 3113738.42, "inv2014": 14723507.1, "inv2015": 13991905.0, "inv2016": 14983445.16, "ob_f_2000": 0.0, "tec_f_2000": 0.0, "adm_f_2000": 0.0, "ob_f_2001": 0.0, "tec_f_2001": 0.0, "adm_f_2001": 1.0, "ob_f_2002": 22.0, "tec_f_2002": 0.0, "adm_f_2002": 3.0, "ob_f_2003": 0.0, "tec_f_2003": 0.0, "adm_f_2003": 2.0, "ob_f_2004": 0.0, "tec_f_2004": 0.0, "adm_f_2004": 1.0, "ob_f_2005": 0.0, "tec_f_2005": 2.0, "adm_f_2005": 4.0, "ob_f_2006": 8.0, "tec_f_2006": 0.0, "adm_f_2006": 5.0, "ob_f_2007": 20.0, "tec_f_2007": 191.0, "adm_f_2007": 20.0, "ob_f_2008": 37.0, "tec_f_2008": 205.0, "adm_f_2008": 25.0, "ob_f_2009": 27.0, "tec_f_2009": 262.0, "adm_f_2009": 36.0, "ob_f_2010": 16.0, "tec_f_2010": 252.0, "adm_f_2010": 30.0, "ob_f_2011": 102.0, "tec_f_2011": 28.0, "adm_f_2011": 75.0, "ob_f_2012": 249.0, "tec_f_2012": 53.0, "adm_f_2012": 101.0, "ob_f_2014": 1.0, "tec_f_2014": 418.0, "adm_f_2014": 42.0, "ob_f_2015": 13.0, "tec_f_2015": 209.0, "adm_f_2015": 52.0, "ob_f_2016": 221.0, "tec_f_2016": 101.0, "adm_f_2016": 62.0, "ob_m_2000": 0.0, "tec_m_2000": 0.0, "adm_m_2000": 0.0, "ob_m_2001": 0.0, "tec_m_2001": 0.0, "adm_m_2001": 0.0, "ob_m_2002": 1.0, "tec_m_2002": 5.0, "adm_m_2002": 1.0, "ob_m_2003": 2.0, "tec_m_2003": 6.0, "adm_m_2003": 0.0, "ob_m_2004": 1.0, "tec_m_2004": 3.0, "adm_m_2004": 0.0, "ob_m_2005": 0.0, "tec_m_2005": 34.0, "adm_m_2005": 7.0, "ob_m_2006": 5.0, "tec_m_2006": 12.0, "adm_m_2006": 9.0, "ob_m_2007": 28.0, "tec_m_2007": 508.0, "adm_m_2007": 24.0, "ob_m_2008": 69.0, "tec_m_2008": 493.0, "adm_m_2008": 23.0, "ob_m_2009": 75.0, "tec_m_2009": 523.0, "adm_m_2009": 43.0, "ob_m_2010": 24.0, "tec_m_2010": 451.0, "adm_m_2010": 31.0, "ob_m_2011": 202.0, "tec_m_2011": 94.0, "adm_m_2011": 55.0, "ob_m_2012": 243.0, "tec_m_2012": 105.0, "adm_m_2012": 77.0, "ob_m_2014": 42.0, "tec_m_2014": 350.0, "adm_m_2014": 20.0, "ob_m_2015": 20.0, "tec_m_2015": 453.0, "adm_m_2015": 27.0, "ob_m_2016": 141.0, "tec_m_2016": 159.0, "adm_m_2016": 105.0, "ent2000": 0.0, "ent2001": 1.0, "ent2002": 3.0, "ent2003": 3.0, "ent2004": 1.0, "ent2005": 2.0, "ent2006": 2.0, "ent2007": 5.0, "ent2008": 8.0, "ent2009": 9.0, "ent2010": 8.0, "ent2011": 11.0, "ent2012": 8.0, "ent2013": 9.0, "ent2014": 6.0, "ent2015": 5.0, "ent2016": 6.0, "ele2000": 0.0, "ele2001": 0.0, "ele2002": 60000.0, "ele2003": 22000.0, "ele2004": 0.0, "ele2005": 526342.0, "ele2006": 4831007.0, "ele2007": 12222517.82, "ele2008": 19063172.61, "ele2009": 17546188.22, "ele2010": 5720230.69, "ele2011": 19172437.66, "ele2012": 18956992.95, "ele2013": 23874464.87, "ele2014": 27786000.0, "ele2015": 41757937.42, "ele2016": 30250.05, "com2000": 0.0, "com2001": 0.0, "com2002": 0.0, "com2003": 70000.0, "com2004": 0.0, "com2005": 580091.0, "com2006": 517666.0, "com2007": 680065.78, "com2008": 1515131.49, "com2009": 25676403.54, "com2010": 1973833.61, "com2011": 5776410.34, "com2012": 39866322.46, "com2013": 28866396.63, "com2014": 5382600.94, "com2015": 4173375.14, "com2016": 8808.83, "inf2000": 0.0, "inf2001": 0.0, "inf2002": 0.0, "inf2003": 3000.0, "inf2004": 0.0, "inf2005": 10447.0, "inf2006": 81843.0, "inf2007": 33644.72, "inf2008": 1354680.02, "inf2009": 1927642.62, "inf2010": 131431.5, "inf2011": 545719.5, "inf2012": 4805747.0, "inf2013": 776990.5, "inf2014": 5631264.31, "inf2015": 5761777.0, "inf2016": 1730.13, "wat2000": 0.0, "wat2001": 0.0, "wat2002": 0.0, "wat2003": 0.0, "wat2004": 0.0, "wat2005": 0.0, "wat2006": 10105.0, "wat2007": 0.0, "wat2008": 79095.8, "wat2009": 20395.91, "wat2010": 14230.0, "wat2011": 0.0, "wat2012": 25000.0, "wat2013": 24000.0, "wat2014": 105000.0, "wat2015": 109832.0, "wat2016": 67.92, "tss2000": 0.0, "tss2001": 0.0, "tss2002": 50000.0, "tss2003": 0.0, "tss2004": 0.0, "tss2005": 10362.5, "tss2006": 48100.0, "tss2007": 1060673.08, "tss2008": 4099596.64, "tss2009": 6451824.03, "tss2010": 5099155.57, "tss2011": 10485390.01, "tss2012": 96374430.87, "tss2013": 52890291.12, "tss2014": 24121725.52, "tss2015": 113420336.6, "tss2016": 42716.16, "buiilt2000": 0.0, "buiilt2001": 100000.0, "buiilt2002": 100000.0, "buiilt2003": 100000.0, "buiilt2004": 100000.0, "buiilt2005": 100000.0, "buiilt2006": 100000.0, "buiilt2007": 100000.0, "buiilt2008": 100000.0, "buiilt2009": 100000.0, "buiilt2010": 100000.0, "buiilt2011": 100000.0, "buiilt2012": 100000.0, "buiilt2013": 100000.0, "buiilt2014": 200000.0, "buiilt2015": 200000.0, "buiilt2016": 200000.0, "ocu2000": 0.0, "ocu2001": 1000.0, "ocu2002": 30000.0, "ocu2003": 17035.0, "ocu2004": 12773.33, "ocu2005": 31035.0, "ocu2006": 31735.5, "ocu2007": 70210.0, "ocu2008": 75235.98, "ocu2009": 80000.0, "ocu2010": 80000.0, "ocu2011": 71570.28, "ocu2012": 62426.79, "ocu2013": 65790.25, "ocu2014": 165000.0, "ocu2015": 165000.0, "ocu2016": 165000.0, "sal_op2000": 0.0, "sal_op2001": 0.0, "sal_op2002": 800.0, "sal_op2003": 1233.33, "sal_op2004": 950.0, "sal_op2005": 0.0, "sal_op2006": 1592.63, "sal_op2007": 2306.33, "sal_op2008": 3263.9, "sal_op2009": 3032.61, "sal_op2010": 1385.5, "sal_op2011": 2818.98, "sal_op2012": 2708.0, "sal_op2013": 2402.67, "sal_op2014": 3000.0, "sal_op2015": 2708.0, "sal_op2016": 2177.57, "sal_tec2000": 0.0, "sal_tec2001": 0.0, "sal_tec2002": 2936.0, "sal_tec2003": 2437.5, "sal_tec2004": 3000.0, "sal_tec2005": 1200.0, "sal_tec2006": 2622.5, "sal_tec2007": 3912.5, "sal_tec2008": 5437.29, "sal_tec2009": 3968.06, "sal_tec2010": 4120.83, "sal_tec2011": 4457.43, "sal_tec2012": 5559.35, "sal_tec2013": 5455.0, "sal_tec2014": 5602.48, "sal_tec2015": 6328.5, "sal_tec2016": 6130.0 }, "geometry": { "type": "Point", "coordinates": [ -69.66257273, 18.45320537 ] } },
{ "type": "Feature", "properties": { "code": "DOM-CIP", "name": "Caribbean Industrial Park ", "latitude": 19.410116, "longitude": -70.661171, "start": 1997.0, "close": 0.0, "type": "private", "sez_id": 16.0, "origin ": 1.0, "inv2000": 18051016.0, "inv2001": 50560204.77, "inv2002": 46506866.87, "inv2003": 41356877.0, "inv2004": 87086690.8, "inv2005": 67237667.9, "inv2006": 80945068.95, "inv2007": 106653235.4, "inv2008": 94008689.99, "inv2009": 97436928.19, "inv2010": 98848558.18000001, "inv2011": 74088828.3, "inv2012": 90022192.1, "inv2013": 92176467.35, "inv2014": 81632133.9, "inv2015": 86613144.4, "inv2016": 75017908.83, "ob_f_2000": 1679.0, "tec_f_2000": 549.0, "adm_f_2000": 126.0, "ob_f_2001": 1603.0, "tec_f_2001": 137.0, "adm_f_2001": 120.0, "ob_f_2002": 1842.0, "tec_f_2002": 122.0, "adm_f_2002": 280.0, "ob_f_2003": 2087.0, "tec_f_2003": 141.0, "adm_f_2003": 496.0, "ob_f_2004": 2425.0, "tec_f_2004": 175.0, "adm_f_2004": 158.0, "ob_f_2005": 1328.0, "tec_f_2005": 284.0, "adm_f_2005": 149.0, "ob_f_2006": 1098.0, "tec_f_2006": 226.0, "adm_f_2006": 111.0, "ob_f_2007": 2024.0, "tec_f_2007": 558.0, "adm_f_2007": 156.0, "ob_f_2008": 1604.0, "tec_f_2008": 471.0, "adm_f_2008": 122.0, "ob_f_2009": 884.0, "tec_f_2009": 345.0, "adm_f_2009": 86.0, "ob_f_2010": 810.0, "tec_f_2010": 331.0, "adm_f_2010": 91.0, "ob_f_2011": 962.0, "tec_f_2011": 286.0, "adm_f_2011": 113.0, "ob_f_2012": 1245.0, "tec_f_2012": 441.0, "adm_f_2012": 116.0, "ob_f_2014": 1422.0, "tec_f_2014": 443.0, "adm_f_2014": 181.0, "ob_f_2015": 1715.0, "tec_f_2015": 381.0, "adm_f_2015": 377.0, "ob_f_2016": 1629.0, "tec_f_2016": 451.0, "adm_f_2016": 305.0, "ob_m_2000": 2522.0, "tec_m_2000": 678.0, "adm_m_2000": 197.0, "ob_m_2001": 2085.0, "tec_m_2001": 342.0, "adm_m_2001": 150.0, "ob_m_2002": 2572.0, "tec_m_2002": 393.0, "adm_m_2002": 329.0, "ob_m_2003": 2043.0, "tec_m_2003": 484.0, "adm_m_2003": 354.0, "ob_m_2004": 2747.0, "tec_m_2004": 365.0, "adm_m_2004": 128.0, "ob_m_2005": 2000.0, "tec_m_2005": 497.0, "adm_m_2005": 175.0, "ob_m_2006": 1466.0, "tec_m_2006": 544.0, "adm_m_2006": 112.0, "ob_m_2007": 2313.0, "tec_m_2007": 1372.0, "adm_m_2007": 87.0, "ob_m_2008": 2168.0, "tec_m_2008": 1095.0, "adm_m_2008": 89.0, "ob_m_2009": 1614.0, "tec_m_2009": 598.0, "adm_m_2009": 65.0, "ob_m_2010": 1213.0, "tec_m_2010": 565.0, "adm_m_2010": 82.0, "ob_m_2011": 1155.0, "tec_m_2011": 542.0, "adm_m_2011": 85.0, "ob_m_2012": 1472.0, "tec_m_2012": 803.0, "adm_m_2012": 91.0, "ob_m_2014": 1798.0, "tec_m_2014": 1061.0, "adm_m_2014": 149.0, "ob_m_2015": 1660.0, "tec_m_2015": 937.0, "adm_m_2015": 393.0, "ob_m_2016": 1871.0, "tec_m_2016": 898.0, "adm_m_2016": 203.0, "ent2000": 15.0, "ent2001": 14.0, "ent2002": 13.0, "ent2003": 11.0, "ent2004": 13.0, "ent2005": 15.0, "ent2006": 16.0, "ent2007": 16.0, "ent2008": 14.0, "ent2009": 15.0, "ent2010": 18.0, "ent2011": 20.0, "ent2012": 20.0, "ent2013": 23.0, "ent2014": 27.0, "ent2015": 29.0, "ent2016": 30.0, "ele2000": 8864202.0, "ele2001": 23042736.06, "ele2002": 11147686.73, "ele2003": 36867922.31, "ele2004": 87363210.07, "ele2005": 65407518.8, "ele2006": 70584347.77, "ele2007": 106637497.1, "ele2008": 90381177.52, "ele2009": 80355505.87, "ele2010": 45913185.07, "ele2011": 86861655.83, "ele2012": 180360924.8, "ele2013": 112918397.2, "ele2014": 128755649.2, "ele2015": 146043047.4, "ele2016": 127272.03, "com2000": 0.0, "com2001": 0.0, "com2002": 0.0, "com2003": 8733568.27, "com2004": 13649317.18, "com2005": 8538792.75, "com2006": 11853413.16, "com2007": 14166523.46, "com2008": 15574103.65, "com2009": 14522582.9, "com2010": 7501807.64, "com2011": 8915092.61, "com2012": 16689509.16, "com2013": 6310606.25, "com2014": 10001543.65, "com2015": 9700286.51, "com2016": 10326.43, "inf2000": 0.0, "inf2001": 5248053.79, "inf2002": 2201656.58, "inf2003": 3333914.28, "inf2004": 4221563.57, "inf2005": 3197934.44, "inf2006": 3236198.75, "inf2007": 7510872.95, "inf2008": 5487855.36, "inf2009": 3987825.93, "inf2010": 48703113.25, "inf2011": 4350456.33, "inf2012": 5342132.32, "inf2013": 6398596.44, "inf2014": 7146610.52, "inf2015": 8480759.54, "inf2016": 9289.85, "wat2000": 457832.0, "wat2001": 764430.72, "wat2002": 704833.4, "wat2003": 1085400.28, "wat2004": 3830485.58, "wat2005": 8757942.18, "wat2006": 13653532.46, "wat2007": 9876949.39, "wat2008": 11571109.6, "wat2009": 11946023.29, "wat2010": 5640274.43, "wat2011": 13561726.1, "wat2012": 13780807.91, "wat2013": 18248566.19, "wat2014": 25030231.76, "wat2015": 22133148.27, "wat2016": 21575.69, "tss2000": 4009688.0, "tss2001": 5865570.56, "tss2002": 7135079.04, "tss2003": 8784222.09, "tss2004": 7421156.14, "tss2005": 5980210.85, "tss2006": 5078569.88, "tss2007": 43130318.51, "tss2008": 191251263.2, "tss2009": 54453450.85, "tss2010": 73652784.85, "tss2011": 121479731.0, "tss2012": 85154028.71, "tss2013": 59421102.41, "tss2014": 181936505.1, "tss2015": 161131111.9, "tss2016": 170362.39, "buiilt2000": 825766.0, "buiilt2001": 825766.0, "buiilt2002": 860000.0, "buiilt2003": 872000.0, "buiilt2004": 879000.0, "buiilt2005": 985000.0, "buiilt2006": 985000.0, "buiilt2007": 985000.0, "buiilt2008": 1006908.0, "buiilt2009": 1006908.0, "buiilt2010": 1006908.0, "buiilt2011": 1006908.0, "buiilt2012": 1006908.0, "buiilt2013": 1006908.0, "buiilt2014": 1225518.94, "buiilt2015": 1225518.94, "buiilt2016": 1225518.94, "ocu2000": 825766.0, "ocu2001": 745112.0, "ocu2002": 850000.0, "ocu2003": 872000.0, "ocu2004": 879000.0, "ocu2005": 819312.0, "ocu2006": 931445.37, "ocu2007": 931445.37, "ocu2008": 789600.0, "ocu2009": 707867.0, "ocu2010": 602787.0, "ocu2011": 764694.0, "ocu2012": 970485.3, "ocu2013": 1002276.96, "ocu2014": 1225518.94, "ocu2015": 1225518.94, "ocu2016": 1225518.94, "sal_op2000": 819.27, "sal_op2001": 860.15, "sal_op2002": 819.88, "sal_op2003": 1095.76, "sal_op2004": 1388.02, "sal_op2005": 1735.7, "sal_op2006": 1706.91, "sal_op2007": 1411.92, "sal_op2008": 1827.57, "sal_op2009": 1854.56, "sal_op2010": 2030.66, "sal_op2011": 2466.59, "sal_op2012": 2230.27, "sal_op2013": 2268.3, "sal_op2014": 2298.04, "sal_op2015": 2547.89, "sal_op2016": 2639.78, "sal_tec2000": 1952.05, "sal_tec2001": 1761.5, "sal_tec2002": 1902.0, "sal_tec2003": 2403.13, "sal_tec2004": 3227.31, "sal_tec2005": 2806.29, "sal_tec2006": 3181.8, "sal_tec2007": 2753.53, "sal_tec2008": 3723.66, "sal_tec2009": 3911.5, "sal_tec2010": 4211.68, "sal_tec2011": 4413.26, "sal_tec2012": 3895.07, "sal_tec2013": 3696.46, "sal_tec2014": 3988.64, "sal_tec2015": 3927.18, "sal_tec2016": 4950.82 }, "geometry": { "type": "Point", "coordinates": [ -70.661171, 19.410116 ] } },
{ "type": "Feature", "properties": { "code": "DOM-CON", "name": "Conacado Industrial Park ", "latitude": 19.32373849, "longitude": -70.27604128, "start": 2013.0, "close": 0.0, "type": "private", "sez_id": 17.0, "origin ": 1.0, "inv2000": 0.0, "inv2001": 0.0, "inv2002": 0.0, "inv2003": 0.0, "inv2004": 0.0, "inv2005": 0.0, "inv2006": 0.0, "inv2007": 0.0, "inv2008": 0.0, "inv2009": 0.0, "inv2010": 0.0, "inv2011": 0.0, "inv2012": 0.0, "inv2013": 17850000.0, "inv2014": 18200000.0, "inv2015": 17036793.9, "inv2016": 14670572.54, "ob_f_2000": 0.0, "tec_f_2000": 0.0, "adm_f_2000": 0.0, "ob_f_2001": 0.0, "tec_f_2001": 0.0, "adm_f_2001": 0.0, "ob_f_2002": 0.0, "tec_f_2002": 0.0, "adm_f_2002": 0.0, "ob_f_2003": 0.0, "tec_f_2003": 0.0, "adm_f_2003": 0.0, "ob_f_2004": 0.0, "tec_f_2004": 0.0, "adm_f_2004": 0.0, "ob_f_2005": 0.0, "tec_f_2005": 0.0, "adm_f_2005": 0.0, "ob_f_2006": 0.0, "tec_f_2006": 0.0, "adm_f_2006": 0.0, "ob_f_2007": 0.0, "tec_f_2007": 0.0, "adm_f_2007": 0.0, "ob_f_2008": 0.0, "tec_f_2008": 0.0, "adm_f_2008": 0.0, "ob_f_2009": 0.0, "tec_f_2009": 0.0, "adm_f_2009": 0.0, "ob_f_2010": 0.0, "tec_f_2010": 0.0, "adm_f_2010": 0.0, "ob_f_2011": 0.0, "tec_f_2011": 0.0, "adm_f_2011": 0.0, "ob_f_2012": 0.0, "tec_f_2012": 0.0, "adm_f_2012": 0.0, "ob_f_2014": 4.0, "tec_f_2014": 4.0, "adm_f_2014": 5.0, "ob_f_2015": 3.0, "tec_f_2015": 8.0, "adm_f_2015": 50.0, "ob_f_2016": 12.0, "tec_f_2016": 18.0, "adm_f_2016": 79.0, "ob_m_2000": 0.0, "tec_m_2000": 0.0, "adm_m_2000": 0.0, "ob_m_2001": 0.0, "tec_m_2001": 0.0, "adm_m_2001": 0.0, "ob_m_2002": 0.0, "tec_m_2002": 0.0, "adm_m_2002": 0.0, "ob_m_2003": 0.0, "tec_m_2003": 0.0, "adm_m_2003": 0.0, "ob_m_2004": 0.0, "tec_m_2004": 0.0, "adm_m_2004": 0.0, "ob_m_2005": 0.0, "tec_m_2005": 0.0, "adm_m_2005": 0.0, "ob_m_2006": 0.0, "tec_m_2006": 0.0, "adm_m_2006": 0.0, "ob_m_2007": 0.0, "tec_m_2007": 0.0, "adm_m_2007": 0.0, "ob_m_2008": 0.0, "tec_m_2008": 0.0, "adm_m_2008": 0.0, "ob_m_2009": 0.0, "tec_m_2009": 0.0, "adm_m_2009": 0.0, "ob_m_2010": 0.0, "tec_m_2010": 0.0, "adm_m_2010": 0.0, "ob_m_2011": 0.0, "tec_m_2011": 0.0, "adm_m_2011": 0.0, "ob_m_2012": 0.0, "tec_m_2012": 0.0, "adm_m_2012": 0.0, "ob_m_2014": 126.0, "tec_m_2014": 25.0, "adm_m_2014": 8.0, "ob_m_2015": 61.0, "tec_m_2015": 22.0, "adm_m_2015": 67.0, "ob_m_2016": 134.0, "tec_m_2016": 43.0, "adm_m_2016": 55.0, "ent2000": 0.0, "ent2001": 0.0, "ent2002": 0.0, "ent2003": 0.0, "ent2004": 0.0, "ent2005": 0.0, "ent2006": 0.0, "ent2007": 0.0, "ent2008": 0.0, "ent2009": 0.0, "ent2010": 0.0, "ent2011": 0.0, "ent2012": 0.0, "ent2013": 1.0, "ent2014": 1.0, "ent2015": 1.0, "ent2016": 1.0, "ele2000": 0.0, "ele2001": 0.0, "ele2002": 0.0, "ele2003": 0.0, "ele2004": 0.0, "ele2005": 0.0, "ele2006": 0.0, "ele2007": 0.0, "ele2008": 0.0, "ele2009": 0.0, "ele2010": 0.0, "ele2011": 0.0, "ele2012": 0.0, "ele2013": 6321459.58, "ele2014": 4556012.57, "ele2015": 7560914.81, "ele2016": 7425.37, "com2000": 0.0, "com2001": 0.0, "com2002": 0.0, "com2003": 0.0, "com2004": 0.0, "com2005": 0.0, "com2006": 0.0, "com2007": 0.0, "com2008": 0.0, "com2009": 0.0, "com2010": 0.0, "com2011": 0.0, "com2012": 0.0, "com2013": 2773958.28, "com2014": 1309617.26, "com2015": 2115564.1, "com2016": 2420.58, "inf2000": 0.0, "inf2001": 0.0, "inf2002": 0.0, "inf2003": 0.0, "inf2004": 0.0, "inf2005": 0.0, "inf2006": 0.0, "inf2007": 0.0, "inf2008": 0.0, "inf2009": 0.0, "inf2010": 0.0, "inf2011": 0.0, "inf2012": 0.0, "inf2013": 416580.0, "inf2014": 502808.0, "inf2015": 550347.87, "inf2016": 411.16, "wat2000": 0.0, "wat2001": 0.0, "wat2002": 0.0, "wat2003": 0.0, "wat2004": 0.0, "wat2005": 0.0, "wat2006": 0.0, "wat2007": 0.0, "wat2008": 0.0, "wat2009": 0.0, "wat2010": 0.0, "wat2011": 0.0, "wat2012": 0.0, "wat2013": 0.0, "wat2014": 0.0, "wat2015": 338277.16, "wat2016": 343.04, "tss2000": 0.0, "tss2001": 0.0, "tss2002": 0.0, "tss2003": 0.0, "tss2004": 0.0, "tss2005": 0.0, "tss2006": 0.0, "tss2007": 0.0, "tss2008": 0.0, "tss2009": 0.0, "tss2010": 0.0, "tss2011": 0.0, "tss2012": 0.0, "tss2013": 9351421.58, "tss2014": 10325863.9, "tss2015": 33159271.05, "tss2016": 9261.6, "buiilt2000": 0.0, "buiilt2001": 0.0, "buiilt2002": 0.0, "buiilt2003": 0.0, "buiilt2004": 0.0, "buiilt2005": 0.0, "buiilt2006": 0.0, "buiilt2007": 0.0, "buiilt2008": 0.0, "buiilt2009": 0.0, "buiilt2010": 0.0, "buiilt2011": 0.0, "buiilt2012": 0.0, "buiilt2013": 38736.0, "buiilt2014": 38736.0, "buiilt2015": 38736.0, "buiilt2016": 38736.0, "ocu2000": 0.0, "ocu2001": 0.0, "ocu2002": 0.0, "ocu2003": 0.0, "ocu2004": 0.0, "ocu2005": 0.0, "ocu2006": 0.0, "ocu2007": 0.0, "ocu2008": 0.0, "ocu2009": 0.0, "ocu2010": 0.0, "ocu2011": 0.0, "ocu2012": 0.0, "ocu2013": 38736.0, "ocu2014": 38736.0, "ocu2015": 38736.0, "ocu2016": 38736.0, "sal_op2000": 0.0, "sal_op2001": 0.0, "sal_op2002": 0.0, "sal_op2003": 0.0, "sal_op2004": 0.0, "sal_op2005": 0.0, "sal_op2006": 0.0, "sal_op2007": 0.0, "sal_op2008": 0.0, "sal_op2009": 0.0, "sal_op2010": 0.0, "sal_op2011": 0.0, "sal_op2012": 0.0, "sal_op2013": 2937.47, "sal_op2014": 2909.56, "sal_op2015": 2909.56, "sal_op2016": 2909.56, "sal_tec2000": 0.0, "sal_tec2001": 0.0, "sal_tec2002": 0.0, "sal_tec2003": 0.0, "sal_tec2004": 0.0, "sal_tec2005": 0.0, "sal_tec2006": 0.0, "sal_tec2007": 0.0, "sal_tec2008": 0.0, "sal_tec2009": 0.0, "sal_tec2010": 0.0, "sal_tec2011": 0.0, "sal_tec2012": 0.0, "sal_tec2013": 5875.0, "sal_tec2014": 5874.94, "sal_tec2015": 5874.94, "sal_tec2016": 5874.94 }, "geometry": { "type": "Point", "coordinates": [ -70.27604128, 19.32373849 ] } },
{ "type": "Feature", "properties": { "code": "DOM-COT", "name": "Cotui", "latitude": 19.03592402, "longitude": -70.15049018000001, "start": 1990.0, "close": 2009.0, "type": "public", "sez_id": 18.0, "origin ": 1.0, "inv2000": 848212.12, "inv2001": 647057.0, "inv2002": 707666.0, "inv2003": 674500.0, "inv2004": 991500.0, "inv2005": 1270000.0, "inv2006": 350200.0, "inv2007": 332690.0, "inv2008": 350200.0, "inv2009": 350200.0, "inv2010": 0.0, "inv2011": 0.0, "inv2012": 0.0, "inv2013": 0.0, "inv2014": 0.0, "inv2015": 0.0, "inv2016": 0.0, "ob_f_2000": 167.0, "tec_f_2000": 7.0, "adm_f_2000": 8.0, "ob_f_2001": 176.0, "tec_f_2001": 6.0, "adm_f_2001": 6.0, "ob_f_2002": 171.0, "tec_f_2002": 16.0, "adm_f_2002": 6.0, "ob_f_2003": 175.0, "tec_f_2003": 17.0, "adm_f_2003": 4.0, "ob_f_2004": 203.0, "tec_f_2004": 13.0, "adm_f_2004": 4.0, "ob_f_2005": 166.0, "tec_f_2005": 12.0, "adm_f_2005": 5.0, "ob_f_2006": 164.0, "tec_f_2006": 8.0, "adm_f_2006": 2.0, "ob_f_2007": 144.0, "tec_f_2007": 8.0, "adm_f_2007": 2.0, "ob_f_2008": 130.0, "tec_f_2008": 6.0, "adm_f_2008": 3.0, "ob_f_2009": 116.0, "tec_f_2009": 8.0, "adm_f_2009": 3.0, "ob_f_2010": 0.0, "tec_f_2010": 0.0, "adm_f_2010": 0.0, "ob_f_2011": 0.0, "tec_f_2011": 0.0, "adm_f_2011": 0.0, "ob_f_2012": 0.0, "tec_f_2012": 0.0, "adm_f_2012": 0.0, "ob_f_2014": 0.0, "tec_f_2014": 0.0, "adm_f_2014": 0.0, "ob_f_2015": 0.0, "tec_f_2015": 0.0, "adm_f_2015": 0.0, "ob_f_2016": 0.0, "tec_f_2016": 0.0, "adm_f_2016": 0.0, "ob_m_2000": 173.0, "tec_m_2000": 15.0, "adm_m_2000": 8.0, "ob_m_2001": 154.0, "tec_m_2001": 22.0, "adm_m_2001": 5.0, "ob_m_2002": 184.0, "tec_m_2002": 26.0, "adm_m_2002": 10.0, "ob_m_2003": 188.0, "tec_m_2003": 27.0, "adm_m_2003": 4.0, "ob_m_2004": 204.0, "tec_m_2004": 32.0, "adm_m_2004": 5.0, "ob_m_2005": 191.0, "tec_m_2005": 25.0, "adm_m_2005": 5.0, "ob_m_2006": 155.0, "tec_m_2006": 16.0, "adm_m_2006": 2.0, "ob_m_2007": 134.0, "tec_m_2007": 16.0, "adm_m_2007": 2.0, "ob_m_2008": 91.0, "tec_m_2008": 14.0, "adm_m_2008": 2.0, "ob_m_2009": 85.0, "tec_m_2009": 18.0, "adm_m_2009": 2.0, "ob_m_2010": 0.0, "tec_m_2010": 0.0, "adm_m_2010": 0.0, "ob_m_2011": 0.0, "tec_m_2011": 0.0, "adm_m_2011": 0.0, "ob_m_2012": 0.0, "tec_m_2012": 0.0, "adm_m_2012": 0.0, "ob_m_2014": 0.0, "tec_m_2014": 0.0, "adm_m_2014": 0.0, "ob_m_2015": 0.0, "tec_m_2015": 0.0, "adm_m_2015": 0.0, "ob_m_2016": 0.0, "tec_m_2016": 0.0, "adm_m_2016": 0.0, "ent2000": 3.0, "ent2001": 3.0, "ent2002": 3.0, "ent2003": 2.0, "ent2004": 3.0, "ent2005": 3.0, "ent2006": 1.0, "ent2007": 1.0, "ent2008": 1.0, "ent2009": 1.0, "ent2010": 0.0, "ent2011": 0.0, "ent2012": 0.0, "ent2013": 0.0, "ent2014": 0.0, "ent2015": 0.0, "ent2016": 0.0, "ele2000": 129982.91, "ele2001": 251000.0, "ele2002": 347500.0, "ele2003": 566000.0, "ele2004": 1468666.0, "ele2005": 739950.0, "ele2006": 934400.0, "ele2007": 1344448.8, "ele2008": 1048400.0, "ele2009": 872600.0, "ele2010": 0.0, "ele2011": 0.0, "ele2012": 0.0, "ele2013": 0.0, "ele2014": 0.0, "ele2015": 0.0, "ele2016": 0.0, "com2000": 0.0, "com2001": 0.0, "com2002": 0.0, "com2003": 118884.87, "com2004": 375912.0, "com2005": 175973.0, "com2006": 203065.0, "com2007": 203065.0, "com2008": 187501.0, "com2009": 143447.0, "com2010": 0.0, "com2011": 0.0, "com2012": 0.0, "com2013": 0.0, "com2014": 0.0, "com2015": 0.0, "com2016": 0.0, "inf2000": 15626.01, "inf2001": 25668.49, "inf2002": 102016.41, "inf2003": 19675.96, "inf2004": 23802.0, "inf2005": 42693.36, "inf2006": 55857.0, "inf2007": 59092.16, "inf2008": 91114.84, "inf2009": 95049.0, "inf2010": 0.0, "inf2011": 0.0, "inf2012": 0.0, "inf2013": 0.0, "inf2014": 0.0, "inf2015": 0.0, "inf2016": 0.0, "wat2000": 5800.0, "wat2001": 14353.0, "wat2002": 34844.0, "wat2003": 52604.0, "wat2004": 36132.0, "wat2005": 35859.0, "wat2006": 43800.0, "wat2007": 55920.0, "wat2008": 0.0, "wat2009": 0.0, "wat2010": 0.0, "wat2011": 0.0, "wat2012": 0.0, "wat2013": 0.0, "wat2014": 0.0, "wat2015": 0.0, "wat2016": 0.0, "tss2000": 393397.8, "tss2001": 561580.54, "tss2002": 709817.98, "tss2003": 385548.0, "tss2004": 1235538.0, "tss2005": 636303.0, "tss2006": 568595.95, "tss2007": 1858074.08, "tss2008": 2618099.29, "tss2009": 1585289.23, "tss2010": 809798.75, "tss2011": 0.0, "tss2012": 0.0, "tss2013": 0.0, "tss2014": 0.0, "tss2015": 0.0, "tss2016": 0.0, "buiilt2000": 65142.0, "buiilt2001": 56564.14, "buiilt2002": 56564.0, "buiilt2003": 56564.0, "buiilt2004": 56608.0, "buiilt2005": 82965.0, "buiilt2006": 82965.0, "buiilt2007": 82965.0, "buiilt2008": 82965.0, "buiilt2009": 82965.0, "buiilt2010": 0.0, "buiilt2011": 0.0, "buiilt2012": 0.0, "buiilt2013": 0.0, "buiilt2014": 0.0, "buiilt2015": 0.0, "buiilt2016": 0.0, "ocu2000": 65142.0, "ocu2001": 43940.0, "ocu2002": 43941.0, "ocu2003": 43941.0, "ocu2004": 56608.0, "ocu2005": 33186.0, "ocu2006": 60430.0, "ocu2007": 49779.0, "ocu2008": 49779.0, "ocu2009": 71272.0, "ocu2010": 0.0, "ocu2011": 0.0, "ocu2012": 0.0, "ocu2013": 0.0, "ocu2014": 0.0, "ocu2015": 0.0, "ocu2016": 0.0, "sal_op2000": 512.33, "sal_op2001": 601.33, "sal_op2002": 625.0, "sal_op2003": 875.0, "sal_op2004": 949.0, "sal_op2005": 1324.66, "sal_op2006": 1027.0, "sal_op2007": 1100.0, "sal_op2008": 1130.0, "sal_op2009": 0.0, "sal_op2010": 0.0, "sal_op2011": 0.0, "sal_op2012": 0.0, "sal_op2013": 0.0, "sal_op2014": 0.0, "sal_op2015": 0.0, "sal_op2016": 0.0, "sal_tec2000": 1141.33, "sal_tec2001": 1565.33, "sal_tec2002": 1200.0, "sal_tec2003": 1600.0, "sal_tec2004": 3233.33, "sal_tec2005": 2328.33, "sal_tec2006": 2500.0, "sal_tec2007": 3000.0, "sal_tec2008": 2500.0, "sal_tec2009": 0.0, "sal_tec2010": 0.0, "sal_tec2011": 0.0, "sal_tec2012": 0.0, "sal_tec2013": 0.0, "sal_tec2014": 0.0, "sal_tec2015": 0.0, "sal_tec2016": 0.0 }, "geometry": { "type": "Point", "coordinates": [ -70.15049018, 19.03592402 ] } },
{ "type": "Feature", "properties": { "code": "DOM-CRI", "name": "San Cristobal (Itabo) ", "latitude": 18.38627302, "longitude": -70.04084591, "start": 1986.0, "close": 0.0, "type": "private", "sez_id": 19.0, "origin ": 1.0, "inv2000": 128412185.6, "inv2001": 173673194.0, "inv2002": 167406327.0, "inv2003": 54751310.0, "inv2004": 160500579.5, "inv2005": 227382639.8, "inv2006": 255296543.6, "inv2007": 192590839.4, "inv2008": 176024106.6, "inv2009": 170061663.1, "inv2010": 223399295.8, "inv2011": 303716964.3, "inv2012": 353293339.5, "inv2013": 393731783.8, "inv2014": 457875277.8, "inv2015": 327128636.3, "inv2016": 400875948.6, "ob_f_2000": 5575.0, "tec_f_2000": 376.0, "adm_f_2000": 297.0, "ob_f_2001": 5745.0, "tec_f_2001": 228.0, "adm_f_2001": 313.0, "ob_f_2002": 5472.0, "tec_f_2002": 305.0, "adm_f_2002": 310.0, "ob_f_2003": 5363.0, "tec_f_2003": 373.0, "adm_f_2003": 430.0, "ob_f_2004": 6166.0, "tec_f_2004": 241.0, "adm_f_2004": 438.0, "ob_f_2005": 6201.0, "tec_f_2005": 435.0, "adm_f_2005": 430.0, "ob_f_2006": 7005.0, "tec_f_2006": 297.0, "adm_f_2006": 449.0, "ob_f_2007": 5882.0, "tec_f_2007": 314.0, "adm_f_2007": 615.0, "ob_f_2008": 6545.0, "tec_f_2008": 298.0, "adm_f_2008": 552.0, "ob_f_2009": 5147.0, "tec_f_2009": 184.0, "adm_f_2009": 453.0, "ob_f_2010": 5857.0, "tec_f_2010": 285.0, "adm_f_2010": 485.0, "ob_f_2011": 6309.0, "tec_f_2011": 277.0, "adm_f_2011": 506.0, "ob_f_2012": 6229.0, "tec_f_2012": 312.0, "adm_f_2012": 529.0, "ob_f_2014": 6102.0, "tec_f_2014": 561.0, "adm_f_2014": 628.0, "ob_f_2015": 6248.0, "tec_f_2015": 584.0, "adm_f_2015": 736.0, "ob_f_2016": 6474.0, "tec_f_2016": 594.0, "adm_f_2016": 595.0, "ob_m_2000": 2975.0, "tec_m_2000": 486.0, "adm_m_2000": 336.0, "ob_m_2001": 3194.0, "tec_m_2001": 481.0, "adm_m_2001": 430.0, "ob_m_2002": 3402.0, "tec_m_2002": 506.0, "adm_m_2002": 402.0, "ob_m_2003": 3388.0, "tec_m_2003": 658.0, "adm_m_2003": 539.0, "ob_m_2004": 3552.0, "tec_m_2004": 569.0, "adm_m_2004": 630.0, "ob_m_2005": 3909.0, "tec_m_2005": 676.0, "adm_m_2005": 577.0, "ob_m_2006": 4118.0, "tec_m_2006": 515.0, "adm_m_2006": 580.0, "ob_m_2007": 3330.0, "tec_m_2007": 1025.0, "adm_m_2007": 767.0, "ob_m_2008": 3585.0, "tec_m_2008": 968.0, "adm_m_2008": 821.0, "ob_m_2009": 2778.0, "tec_m_2009": 691.0, "adm_m_2009": 565.0, "ob_m_2010": 3410.0, "tec_m_2010": 680.0, "adm_m_2010": 508.0, "ob_m_2011": 3433.0, "tec_m_2011": 754.0, "adm_m_2011": 551.0, "ob_m_2012": 3674.0, "tec_m_2012": 886.0, "adm_m_2012": 632.0, "ob_m_2014": 4066.0, "tec_m_2014": 1228.0, "adm_m_2014": 738.0, "ob_m_2015": 4179.0, "tec_m_2015": 1135.0, "adm_m_2015": 838.0, "ob_m_2016": 4327.0, "tec_m_2016": 1234.0, "adm_m_2016": 722.0, "ent2000": 19.0, "ent2001": 23.0, "ent2002": 24.0, "ent2003": 25.0, "ent2004": 32.0, "ent2005": 34.0, "ent2006": 35.0, "ent2007": 35.0, "ent2008": 31.0, "ent2009": 37.0, "ent2010": 36.0, "ent2011": 39.0, "ent2012": 38.0, "ent2013": 39.0, "ent2014": 43.0, "ent2015": 42.0, "ent2016": 39.0, "ele2000": 68236074.0, "ele2001": 73122148.68000001, "ele2002": 97960798.42, "ele2003": 191366523.7, "ele2004": 276169513.3, "ele2005": 325668370.3, "ele2006": 302698151.6, "ele2007": 348712686.5, "ele2008": 287747989.2, "ele2009": 232284174.5, "ele2010": 244652532.6, "ele2011": 276332873.9, "ele2012": 365093433.6, "ele2013": 492748791.1, "ele2014": 584125924.9, "ele2015": 625331734.0, "ele2016": 651718.62, "com2000": 0.0, "com2001": 0.0, "com2002": 0.0, "com2003": 25779624.82, "com2004": 40445759.79, "com2005": 52509586.56, "com2006": 51836050.67, "com2007": 51177281.17, "com2008": 42540010.22, "com2009": 36200210.67, "com2010": 77546134.08, "com2011": 45403493.51, "com2012": 66791361.28, "com2013": 89778610.56, "com2014": 95277131.05, "com2015": 125589817.5, "com2016": 118943.46, "inf2000": 5098848.0, "inf2001": 4739782.21, "inf2002": 6135712.96, "inf2003": 7654849.11, "inf2004": 10553964.55, "inf2005": 12106799.7, "inf2006": 13300294.87, "inf2007": 64069530.79, "inf2008": 14403102.46, "inf2009": 14048012.02, "inf2010": 14886567.91, "inf2011": 16396187.01, "inf2012": 25535904.0, "inf2013": 24263505.8, "inf2014": 26197638.97, "inf2015": 27439624.32, "inf2016": 33549.17, "wat2000": 2697286.0, "wat2001": 3032356.37, "wat2002": 3489666.31, "wat2003": 3566382.49, "wat2004": 4237565.02, "wat2005": 5527065.05, "wat2006": 5755459.54, "wat2007": 6883000.37, "wat2008": 3792657.25, "wat2009": 4828679.5, "wat2010": 8116708.35, "wat2011": 11165165.4, "wat2012": 11169012.73, "wat2013": 5777537.31, "wat2014": 6099045.76, "wat2015": 8981283.89, "wat2016": 9791.8, "tss2000": 24682875.0, "tss2001": 20020772.09, "tss2002": 32466281.31, "tss2003": 25616961.28, "tss2004": 19644115.67, "tss2005": 24913736.7, "tss2006": 24977990.92, "tss2007": 125415337.4, "tss2008": 311271274.8, "tss2009": 283308121.9, "tss2010": 328690788.2, "tss2011": 384701922.1, "tss2012": 456084144.1, "tss2013": 478051549.7, "tss2014": 539729090.9, "tss2015": 580494898.8, "tss2016": 651908.11, "buiilt2000": 1200000.0, "buiilt2001": 1394570.0, "buiilt2002": 1460091.0, "buiilt2003": 1472545.0, "buiilt2004": 1472546.0, "buiilt2005": 1660774.0, "buiilt2006": 1739105.0, "buiilt2007": 1713262.0, "buiilt2008": 1713262.0, "buiilt2009": 1764664.38, "buiilt2010": 1834324.09, "buiilt2011": 1834324.09, "buiilt2012": 2117075.95, "buiilt2013": 2117075.95, "buiilt2014": 2117075.95, "buiilt2015": 1927487.0, "buiilt2016": 2112661.37, "ocu2000": 1159418.0, "ocu2001": 1333853.0, "ocu2002": 1374165.0, "ocu2003": 1441239.0, "ocu2004": 1460239.0, "ocu2005": 1660774.0, "ocu2006": 1682262.0, "ocu2007": 1682262.0, "ocu2008": 1682262.0, "ocu2009": 1732420.91, "ocu2010": 1768518.28, "ocu2011": 1834324.09, "ocu2012": 2117075.95, "ocu2013": 2117075.95, "ocu2014": 2117075.95, "ocu2015": 1927487.0, "ocu2016": 1948601.37, "sal_op2000": 821.19, "sal_op2001": 711.75, "sal_op2002": 751.4, "sal_op2003": 890.92, "sal_op2004": 1160.99, "sal_op2005": 1940.7, "sal_op2006": 1583.07, "sal_op2007": 1385.23, "sal_op2008": 1568.24, "sal_op2009": 1722.94, "sal_op2010": 1796.64, "sal_op2011": 2073.63, "sal_op2012": 2156.56, "sal_op2013": 2447.23, "sal_op2014": 2433.25, "sal_op2015": 2554.39, "sal_op2016": 2809.06, "sal_tec2000": 2123.65, "sal_tec2001": 1874.84, "sal_tec2002": 1523.07, "sal_tec2003": 1894.4, "sal_tec2004": 2863.27, "sal_tec2005": 3654.42, "sal_tec2006": 3233.77, "sal_tec2007": 3443.1, "sal_tec2008": 3824.82, "sal_tec2009": 3984.55, "sal_tec2010": 3837.91, "sal_tec2011": 4291.88, "sal_tec2012": 4592.08, "sal_tec2013": 4518.31, "sal_tec2014": 4733.8, "sal_tec2015": 5270.49, "sal_tec2016": 5536.06 }, "geometry": { "type": "Point", "coordinates": [ -70.04084591, 18.38627302 ] } },
{ "type": "Feature", "properties": { "code": "DOM-CTQ", "name": "Parque Industrial CTQ ", "latitude": 19.42740185, "longitude": -70.5940585, "start": 2015.0, "close": 0.0, "type": "private", "sez_id": 20.0, "origin ": 1.0, "inv2000": 0.0, "inv2001": 0.0, "inv2002": 0.0, "inv2003": 0.0, "inv2004": 0.0, "inv2005": 0.0, "inv2006": 0.0, "inv2007": 0.0, "inv2008": 0.0, "inv2009": 0.0, "inv2010": 0.0, "inv2011": 0.0, "inv2012": 0.0, "inv2013": 0.0, "inv2014": 0.0, "inv2015": 7972912.2, "inv2016": 4417394.92, "ob_f_2000": 0.0, "tec_f_2000": 0.0, "adm_f_2000": 0.0, "ob_f_2001": 0.0, "tec_f_2001": 0.0, "adm_f_2001": 0.0, "ob_f_2002": 0.0, "tec_f_2002": 0.0, "adm_f_2002": 0.0, "ob_f_2003": 0.0, "tec_f_2003": 0.0, "adm_f_2003": 0.0, "ob_f_2004": 0.0, "tec_f_2004": 0.0, "adm_f_2004": 0.0, "ob_f_2005": 0.0, "tec_f_2005": 0.0, "adm_f_2005": 0.0, "ob_f_2006": 0.0, "tec_f_2006": 0.0, "adm_f_2006": 0.0, "ob_f_2007": 0.0, "tec_f_2007": 0.0, "adm_f_2007": 0.0, "ob_f_2008": 0.0, "tec_f_2008": 0.0, "adm_f_2008": 0.0, "ob_f_2009": 0.0, "tec_f_2009": 0.0, "adm_f_2009": 0.0, "ob_f_2010": 0.0, "tec_f_2010": 0.0, "adm_f_2010": 0.0, "ob_f_2011": 0.0, "tec_f_2011": 0.0, "adm_f_2011": 0.0, "ob_f_2012": 0.0, "tec_f_2012": 0.0, "adm_f_2012": 0.0, "ob_f_2014": 0.0, "tec_f_2014": 0.0, "adm_f_2014": 0.0, "ob_f_2015": 295.0, "tec_f_2015": 0.0, "adm_f_2015": 6.0, "ob_f_2016": 227.0, "tec_f_2016": 0.0, "adm_f_2016": 5.0, "ob_m_2000": 0.0, "tec_m_2000": 0.0, "adm_m_2000": 0.0, "ob_m_2001": 0.0, "tec_m_2001": 0.0, "adm_m_2001": 0.0, "ob_m_2002": 0.0, "tec_m_2002": 0.0, "adm_m_2002": 0.0, "ob_m_2003": 0.0, "tec_m_2003": 0.0, "adm_m_2003": 0.0, "ob_m_2004": 0.0, "tec_m_2004": 0.0, "adm_m_2004": 0.0, "ob_m_2005": 0.0, "tec_m_2005": 0.0, "adm_m_2005": 0.0, "ob_m_2006": 0.0, "tec_m_2006": 0.0, "adm_m_2006": 0.0, "ob_m_2007": 0.0, "tec_m_2007": 0.0, "adm_m_2007": 0.0, "ob_m_2008": 0.0, "tec_m_2008": 0.0, "adm_m_2008": 0.0, "ob_m_2009": 0.0, "tec_m_2009": 0.0, "adm_m_2009": 0.0, "ob_m_2010": 0.0, "tec_m_2010": 0.0, "adm_m_2010": 0.0, "ob_m_2011": 0.0, "tec_m_2011": 0.0, "adm_m_2011": 0.0, "ob_m_2012": 0.0, "tec_m_2012": 0.0, "adm_m_2012": 0.0, "ob_m_2014": 0.0, "tec_m_2014": 0.0, "adm_m_2014": 0.0, "ob_m_2015": 241.0, "tec_m_2015": 14.0, "adm_m_2015": 7.0, "ob_m_2016": 45.0, "tec_m_2016": 4.0, "adm_m_2016": 6.0, "ent2000": 0.0, "ent2001": 0.0, "ent2002": 0.0, "ent2003": 0.0, "ent2004": 0.0, "ent2005": 0.0, "ent2006": 0.0, "ent2007": 0.0, "ent2008": 0.0, "ent2009": 0.0, "ent2010": 0.0, "ent2011": 0.0, "ent2012": 0.0, "ent2013": 0.0, "ent2014": 0.0, "ent2015": 2.0, "ent2016": 2.0, "ele2000": 0.0, "ele2001": 0.0, "ele2002": 0.0, "ele2003": 0.0, "ele2004": 0.0, "ele2005": 0.0, "ele2006": 0.0, "ele2007": 0.0, "ele2008": 0.0, "ele2009": 0.0, "ele2010": 0.0, "ele2011": 0.0, "ele2012": 0.0, "ele2013": 0.0, "ele2014": 0.0, "ele2015": 1175619.75, "ele2016": 1388.02, "com2000": 0.0, "com2001": 0.0, "com2002": 0.0, "com2003": 0.0, "com2004": 0.0, "com2005": 0.0, "com2006": 0.0, "com2007": 0.0, "com2008": 0.0, "com2009": 0.0, "com2010": 0.0, "com2011": 0.0, "com2012": 0.0, "com2013": 0.0, "com2014": 0.0, "com2015": 388228.23, "com2016": 681.41, "inf2000": 0.0, "inf2001": 0.0, "inf2002": 0.0, "inf2003": 0.0, "inf2004": 0.0, "inf2005": 0.0, "inf2006": 0.0, "inf2007": 0.0, "inf2008": 0.0, "inf2009": 0.0, "inf2010": 0.0, "inf2011": 0.0, "inf2012": 0.0, "inf2013": 0.0, "inf2014": 0.0, "inf2015": 408855.6, "inf2016": 337.61, "wat2000": 0.0, "wat2001": 0.0, "wat2002": 0.0, "wat2003": 0.0, "wat2004": 0.0, "wat2005": 0.0, "wat2006": 0.0, "wat2007": 0.0, "wat2008": 0.0, "wat2009": 0.0, "wat2010": 0.0, "wat2011": 0.0, "wat2012": 0.0, "wat2013": 0.0, "wat2014": 0.0, "wat2015": 210924.0, "wat2016": 156.82, "tss2000": 0.0, "tss2001": 0.0, "tss2002": 0.0, "tss2003": 0.0, "tss2004": 0.0, "tss2005": 0.0, "tss2006": 0.0, "tss2007": 0.0, "tss2008": 0.0, "tss2009": 0.0, "tss2010": 0.0, "tss2011": 0.0, "tss2012": 0.0, "tss2013": 0.0, "tss2014": 0.0, "tss2015": 17210207.04, "tss2016": 6913.24, "buiilt2000": 0.0, "buiilt2001": 0.0, "buiilt2002": 0.0, "buiilt2003": 0.0, "buiilt2004": 0.0, "buiilt2005": 0.0, "buiilt2006": 0.0, "buiilt2007": 0.0, "buiilt2008": 0.0, "buiilt2009": 0.0, "buiilt2010": 0.0, "buiilt2011": 0.0, "buiilt2012": 0.0, "buiilt2013": 0.0, "buiilt2014": 0.0, "buiilt2015": 229241.8, "buiilt2016": 229241.8, "ocu2000": 0.0, "ocu2001": 0.0, "ocu2002": 0.0, "ocu2003": 0.0, "ocu2004": 0.0, "ocu2005": 0.0, "ocu2006": 0.0, "ocu2007": 0.0, "ocu2008": 0.0, "ocu2009": 0.0, "ocu2010": 0.0, "ocu2011": 0.0, "ocu2012": 0.0, "ocu2013": 0.0, "ocu2014": 0.0, "ocu2015": 229241.8, "ocu2016": 229241.8, "sal_op2000": 0.0, "sal_op2001": 0.0, "sal_op2002": 0.0, "sal_op2003": 0.0, "sal_op2004": 0.0, "sal_op2005": 0.0, "sal_op2006": 0.0, "sal_op2007": 0.0, "sal_op2008": 0.0, "sal_op2009": 0.0, "sal_op2010": 0.0, "sal_op2011": 0.0, "sal_op2012": 0.0, "sal_op2013": 0.0, "sal_op2014": 0.0, "sal_op2015": 1850.0, "sal_op2016": 1875.0, "sal_tec2000": 0.0, "sal_tec2001": 0.0, "sal_tec2002": 0.0, "sal_tec2003": 0.0, "sal_tec2004": 0.0, "sal_tec2005": 0.0, "sal_tec2006": 0.0, "sal_tec2007": 0.0, "sal_tec2008": 0.0, "sal_tec2009": 0.0, "sal_tec2010": 0.0, "sal_tec2011": 0.0, "sal_tec2012": 0.0, "sal_tec2013": 0.0, "sal_tec2014": 0.0, "sal_tec2015": 6193.18, "sal_tec2016": 6340.0 }, "geometry": { "type": "Point", "coordinates": [ -70.5940585, 19.42740185 ] } },
{ "type": "Feature", "properties": { "code": "DOM-DOS", "name": "Dos Rios  ", "latitude": 18.91241012, "longitude": -70.37486281, "start": 2006.0, "close": 0.0, "type": "private", "sez_id": 21.0, "origin ": 1.0, "inv2000": 0.0, "inv2001": 0.0, "inv2002": 0.0, "inv2003": 0.0, "inv2004": 0.0, "inv2005": 0.0, "inv2006": 70000000.0, "inv2007": 70000000.0, "inv2008": 110000000.0, "inv2009": 110000000.0, "inv2010": 110000000.0, "inv2011": 65161871.9, "inv2012": 96729338.25, "inv2013": 208986256.0, "inv2014": 208986256.0, "inv2015": 208986256.0, "inv2016": 211987405.0, "ob_f_2000": 0.0, "tec_f_2000": 0.0, "adm_f_2000": 0.0, "ob_f_2001": 0.0, "tec_f_2001": 0.0, "adm_f_2001": 0.0, "ob_f_2002": 0.0, "tec_f_2002": 0.0, "adm_f_2002": 0.0, "ob_f_2003": 0.0, "tec_f_2003": 0.0, "adm_f_2003": 0.0, "ob_f_2004": 0.0, "tec_f_2004": 0.0, "adm_f_2004": 0.0, "ob_f_2005": 0.0, "tec_f_2005": 0.0, "adm_f_2005": 0.0, "ob_f_2006": 131.0, "tec_f_2006": 18.0, "adm_f_2006": 12.0, "ob_f_2007": 94.0, "tec_f_2007": 3.0, "adm_f_2007": 36.0, "ob_f_2008": 206.0, "tec_f_2008": 11.0, "adm_f_2008": 44.0, "ob_f_2009": 298.0, "tec_f_2009": 25.0, "adm_f_2009": 24.0, "ob_f_2010": 296.0, "tec_f_2010": 42.0, "adm_f_2010": 1.0, "ob_f_2011": 297.0, "tec_f_2011": 45.0, "adm_f_2011": 29.0, "ob_f_2012": 205.0, "tec_f_2012": 71.0, "adm_f_2012": 50.0, "ob_f_2014": 204.0, "tec_f_2014": 40.0, "adm_f_2014": 72.0, "ob_f_2015": 248.0, "tec_f_2015": 45.0, "adm_f_2015": 60.0, "ob_f_2016": 243.0, "tec_f_2016": 42.0, "adm_f_2016": 59.0, "ob_m_2000": 0.0, "tec_m_2000": 0.0, "adm_m_2000": 0.0, "ob_m_2001": 0.0, "tec_m_2001": 0.0, "adm_m_2001": 0.0, "ob_m_2002": 0.0, "tec_m_2002": 0.0, "adm_m_2002": 0.0, "ob_m_2003": 0.0, "tec_m_2003": 0.0, "adm_m_2003": 0.0, "ob_m_2004": 0.0, "tec_m_2004": 0.0, "adm_m_2004": 0.0, "ob_m_2005": 0.0, "tec_m_2005": 0.0, "adm_m_2005": 0.0, "ob_m_2006": 670.0, "tec_m_2006": 27.0, "adm_m_2006": 51.0, "ob_m_2007": 1158.0, "tec_m_2007": 31.0, "adm_m_2007": 81.0, "ob_m_2008": 1154.0, "tec_m_2008": 240.0, "adm_m_2008": 89.0, "ob_m_2009": 1397.0, "tec_m_2009": 56.0, "adm_m_2009": 43.0, "ob_m_2010": 1342.0, "tec_m_2010": 63.0, "adm_m_2010": 16.0, "ob_m_2011": 1320.0, "tec_m_2011": 63.0, "adm_m_2011": 16.0, "ob_m_2012": 991.0, "tec_m_2012": 383.0, "adm_m_2012": 61.0, "ob_m_2014": 1446.0, "tec_m_2014": 445.0, "adm_m_2014": 73.0, "ob_m_2015": 1482.0, "tec_m_2015": 449.0, "adm_m_2015": 74.0, "ob_m_2016": 1454.0, "tec_m_2016": 438.0, "adm_m_2016": 72.0, "ent2000": 0.0, "ent2001": 0.0, "ent2002": 0.0, "ent2003": 0.0, "ent2004": 0.0, "ent2005": 0.0, "ent2006": 1.0, "ent2007": 1.0, "ent2008": 1.0, "ent2009": 1.0, "ent2010": 1.0, "ent2011": 1.0, "ent2012": 1.0, "ent2013": 1.0, "ent2014": 1.0, "ent2015": 1.0, "ent2016": 1.0, "ele2000": 0.0, "ele2001": 0.0, "ele2002": 0.0, "ele2003": 0.0, "ele2004": 0.0, "ele2005": 0.0, "ele2006": 0.0, "ele2007": 128144640.0, "ele2008": 128144640.0, "ele2009": 34057156.07, "ele2010": 19095998.4, "ele2011": 242431456.2, "ele2012": 262569413.9, "ele2013": 320066304.0, "ele2014": 328948693.0, "ele2015": 327002713.0, "ele2016": 202952.73, "com2000": 0.0, "com2001": 0.0, "com2002": 0.0, "com2003": 0.0, "com2004": 0.0, "com2005": 0.0, "com2006": 0.0, "com2007": 3151994.17, "com2008": 2656806.0, "com2009": 2664237.0, "com2010": 3787776.0, "com2011": 5023155.79, "com2012": 2989781.58, "com2013": 1901730.0, "com2014": 2312752.42, "com2015": 3370867.01, "com2016": 2818.88, "inf2000": 0.0, "inf2001": 0.0, "inf2002": 0.0, "inf2003": 0.0, "inf2004": 0.0, "inf2005": 0.0, "inf2006": 0.0, "inf2007": 1148196.0, "inf2008": 2158061.73, "inf2009": 2730700.0, "inf2010": 2474246.0, "inf2011": 2954679.0, "inf2012": 2931445.0, "inf2013": 3870226.0, "inf2014": 4591614.25, "inf2015": 5666808.0, "inf2016": 5076.13, "wat2000": 0.0, "wat2001": 0.0, "wat2002": 0.0, "wat2003": 0.0, "wat2004": 0.0, "wat2005": 0.0, "wat2006": 0.0, "wat2007": 944179.0, "wat2008": 600257.0, "wat2009": 673403.0, "wat2010": 487800.0, "wat2011": 505504.23, "wat2012": 810266.35, "wat2013": 1648006.5, "wat2014": 3098246.58, "wat2015": 2619207.74, "wat2016": 2335.96, "tss2000": 0.0, "tss2001": 0.0, "tss2002": 0.0, "tss2003": 0.0, "tss2004": 0.0, "tss2005": 0.0, "tss2006": 0.0, "tss2007": 9285912.29, "tss2008": 46075854.77, "tss2009": 50358358.07, "tss2010": 60523386.64, "tss2011": 67755357.39, "tss2012": 65687494.28, "tss2013": 81418614.27, "tss2014": 100373200.1, "tss2015": 120924376.8, "tss2016": 124631.26, "buiilt2000": 0.0, "buiilt2001": 0.0, "buiilt2002": 0.0, "buiilt2003": 0.0, "buiilt2004": 0.0, "buiilt2005": 0.0, "buiilt2006": 624080.0, "buiilt2007": 629460.0, "buiilt2008": 629460.0, "buiilt2009": 1716800.0, "buiilt2010": 1716800.0, "buiilt2011": 1716800.0, "buiilt2012": 1716800.0, "buiilt2013": 1716800.0, "buiilt2014": 1716800.0, "buiilt2015": 1716800.0, "buiilt2016": 1716800.0, "ocu2000": 0.0, "ocu2001": 0.0, "ocu2002": 0.0, "ocu2003": 0.0, "ocu2004": 0.0, "ocu2005": 0.0, "ocu2006": 624080.0, "ocu2007": 629460.0, "ocu2008": 629460.0, "ocu2009": 1716800.0, "ocu2010": 1716800.0, "ocu2011": 1716800.0, "ocu2012": 1716800.0, "ocu2013": 1716800.0, "ocu2014": 1716800.0, "ocu2015": 1716800.0, "ocu2016": 1716800.0, "sal_op2000": 0.0, "sal_op2001": 0.0, "sal_op2002": 0.0, "sal_op2003": 0.0, "sal_op2004": 0.0, "sal_op2005": 0.0, "sal_op2006": 2878.26, "sal_op2007": 3000.0, "sal_op2008": 3210.0, "sal_op2009": 3272.0, "sal_op2010": 3509.0, "sal_op2011": 2758.0, "sal_op2012": 3203.64, "sal_op2013": 3100.0, "sal_op2014": 5091.0, "sal_op2015": 3820.0, "sal_op2016": 3252.51, "sal_tec2000": 0.0, "sal_tec2001": 0.0, "sal_tec2002": 0.0, "sal_tec2003": 0.0, "sal_tec2004": 0.0, "sal_tec2005": 0.0, "sal_tec2006": 5551.75, "sal_tec2007": 6301.75, "sal_tec2008": 6743.0, "sal_tec2009": 6742.75, "sal_tec2010": 8074.0, "sal_tec2011": 6627.0, "sal_tec2012": 7868.56, "sal_tec2013": 5600.0, "sal_tec2014": 9300.0, "sal_tec2015": 9000.0, "sal_tec2016": 8127.89 }, "geometry": { "type": "Point", "coordinates": [ -70.37486281, 18.91241012 ] } },
{ "type": "Feature", "properties": { "code": "DOM-ELV", "name": "Parque Industrial Elva Maria", "latitude": 19.45844729, "longitude": -70.63018049, "start": 2017.0, "close": 0.0, "type": "private", "sez_id": 24.0, "origin ": 1.0, "inv2000": 0.0, "inv2001": 0.0, "inv2002": 0.0, "inv2003": 0.0, "inv2004": 0.0, "inv2005": 0.0, "inv2006": 0.0, "inv2007": 0.0, "inv2008": 0.0, "inv2009": 0.0, "inv2010": 0.0, "inv2011": 0.0, "inv2012": 0.0, "inv2013": 0.0, "inv2014": 0.0, "inv2015": 0.0, "inv2016": 0.0, "ob_f_2000": 0.0, "tec_f_2000": 0.0, "adm_f_2000": 0.0, "ob_f_2001": 0.0, "tec_f_2001": 0.0, "adm_f_2001": 0.0, "ob_f_2002": 0.0, "tec_f_2002": 0.0, "adm_f_2002": 0.0, "ob_f_2003": 0.0, "tec_f_2003": 0.0, "adm_f_2003": 0.0, "ob_f_2004": 0.0, "tec_f_2004": 0.0, "adm_f_2004": 0.0, "ob_f_2005": 0.0, "tec_f_2005": 0.0, "adm_f_2005": 0.0, "ob_f_2006": 0.0, "tec_f_2006": 0.0, "adm_f_2006": 0.0, "ob_f_2007": 0.0, "tec_f_2007": 0.0, "adm_f_2007": 0.0, "ob_f_2008": 0.0, "tec_f_2008": 0.0, "adm_f_2008": 0.0, "ob_f_2009": 0.0, "tec_f_2009": 0.0, "adm_f_2009": 0.0, "ob_f_2010": 0.0, "tec_f_2010": 0.0, "adm_f_2010": 0.0, "ob_f_2011": 0.0, "tec_f_2011": 0.0, "adm_f_2011": 0.0, "ob_f_2012": 0.0, "tec_f_2012": 0.0, "adm_f_2012": 0.0, "ob_f_2014": 0.0, "tec_f_2014": 0.0, "adm_f_2014": 0.0, "ob_f_2015": 0.0, "tec_f_2015": 0.0, "adm_f_2015": 0.0, "ob_f_2016": 0.0, "tec_f_2016": 0.0, "adm_f_2016": 0.0, "ob_m_2000": 0.0, "tec_m_2000": 0.0, "adm_m_2000": 0.0, "ob_m_2001": 0.0, "tec_m_2001": 0.0, "adm_m_2001": 0.0, "ob_m_2002": 0.0, "tec_m_2002": 0.0, "adm_m_2002": 0.0, "ob_m_2003": 0.0, "tec_m_2003": 0.0, "adm_m_2003": 0.0, "ob_m_2004": 0.0, "tec_m_2004": 0.0, "adm_m_2004": 0.0, "ob_m_2005": 0.0, "tec_m_2005": 0.0, "adm_m_2005": 0.0, "ob_m_2006": 0.0, "tec_m_2006": 0.0, "adm_m_2006": 0.0, "ob_m_2007": 0.0, "tec_m_2007": 0.0, "adm_m_2007": 0.0, "ob_m_2008": 0.0, "tec_m_2008": 0.0, "adm_m_2008": 0.0, "ob_m_2009": 0.0, "tec_m_2009": 0.0, "adm_m_2009": 0.0, "ob_m_2010": 0.0, "tec_m_2010": 0.0, "adm_m_2010": 0.0, "ob_m_2011": 0.0, "tec_m_2011": 0.0, "adm_m_2011": 0.0, "ob_m_2012": 0.0, "tec_m_2012": 0.0, "adm_m_2012": 0.0, "ob_m_2014": 0.0, "tec_m_2014": 0.0, "adm_m_2014": 0.0, "ob_m_2015": 0.0, "tec_m_2015": 0.0, "adm_m_2015": 0.0, "ob_m_2016": 0.0, "tec_m_2016": 0.0, "adm_m_2016": 0.0, "ent2000": 0.0, "ent2001": 0.0, "ent2002": 0.0, "ent2003": 0.0, "ent2004": 0.0, "ent2005": 0.0, "ent2006": 0.0, "ent2007": 0.0, "ent2008": 0.0, "ent2009": 0.0, "ent2010": 0.0, "ent2011": 0.0, "ent2012": 0.0, "ent2013": 0.0, "ent2014": 0.0, "ent2015": 0.0, "ent2016": 0.0, "ele2000": 0.0, "ele2001": 0.0, "ele2002": 0.0, "ele2003": 0.0, "ele2004": 0.0, "ele2005": 0.0, "ele2006": 0.0, "ele2007": 0.0, "ele2008": 0.0, "ele2009": 0.0, "ele2010": 0.0, "ele2011": 0.0, "ele2012": 0.0, "ele2013": 0.0, "ele2014": 0.0, "ele2015": 0.0, "ele2016": 0.0, "com2000": 0.0, "com2001": 0.0, "com2002": 0.0, "com2003": 0.0, "com2004": 0.0, "com2005": 0.0, "com2006": 0.0, "com2007": 0.0, "com2008": 0.0, "com2009": 0.0, "com2010": 0.0, "com2011": 0.0, "com2012": 0.0, "com2013": 0.0, "com2014": 0.0, "com2015": 0.0, "com2016": 0.0, "inf2000": 0.0, "inf2001": 0.0, "inf2002": 0.0, "inf2003": 0.0, "inf2004": 0.0, "inf2005": 0.0, "inf2006": 0.0, "inf2007": 0.0, "inf2008": 0.0, "inf2009": 0.0, "inf2010": 0.0, "inf2011": 0.0, "inf2012": 0.0, "inf2013": 0.0, "inf2014": 0.0, "inf2015": 0.0, "inf2016": 0.0, "wat2000": 0.0, "wat2001": 0.0, "wat2002": 0.0, "wat2003": 0.0, "wat2004": 0.0, "wat2005": 0.0, "wat2006": 0.0, "wat2007": 0.0, "wat2008": 0.0, "wat2009": 0.0, "wat2010": 0.0, "wat2011": 0.0, "wat2012": 0.0, "wat2013": 0.0, "wat2014": 0.0, "wat2015": 0.0, "wat2016": 0.0, "tss2000": 0.0, "tss2001": 0.0, "tss2002": 0.0, "tss2003": 0.0, "tss2004": 0.0, "tss2005": 0.0, "tss2006": 0.0, "tss2007": 0.0, "tss2008": 0.0, "tss2009": 0.0, "tss2010": 0.0, "tss2011": 0.0, "tss2012": 0.0, "tss2013": 0.0, "tss2014": 0.0, "tss2015": 0.0, "tss2016": 0.0, "buiilt2000": 0.0, "buiilt2001": 0.0, "buiilt2002": 0.0, "buiilt2003": 0.0, "buiilt2004": 0.0, "buiilt2005": 0.0, "buiilt2006": 0.0, "buiilt2007": 0.0, "buiilt2008": 0.0, "buiilt2009": 0.0, "buiilt2010": 0.0, "buiilt2011": 0.0, "buiilt2012": 0.0, "buiilt2013": 0.0, "buiilt2014": 0.0, "buiilt2015": 0.0, "buiilt2016": 0.0, "ocu2000": 0.0, "ocu2001": 0.0, "ocu2002": 0.0, "ocu2003": 0.0, "ocu2004": 0.0, "ocu2005": 0.0, "ocu2006": 0.0, "ocu2007": 0.0, "ocu2008": 0.0, "ocu2009": 0.0, "ocu2010": 0.0, "ocu2011": 0.0, "ocu2012": 0.0, "ocu2013": 0.0, "ocu2014": 0.0, "ocu2015": 0.0, "ocu2016": 0.0, "sal_op2000": 0.0, "sal_op2001": 0.0, "sal_op2002": 0.0, "sal_op2003": 0.0, "sal_op2004": 0.0, "sal_op2005": 0.0, "sal_op2006": 0.0, "sal_op2007": 0.0, "sal_op2008": 0.0, "sal_op2009": 0.0, "sal_op2010": 0.0, "sal_op2011": 0.0, "sal_op2012": 0.0, "sal_op2013": 0.0, "sal_op2014": 0.0, "sal_op2015": 0.0, "sal_op2016": 0.0, "sal_tec2000": 0.0, "sal_tec2001": 0.0, "sal_tec2002": 0.0, "sal_tec2003": 0.0, "sal_tec2004": 0.0, "sal_tec2005": 0.0, "sal_tec2006": 0.0, "sal_tec2007": 0.0, "sal_tec2008": 0.0, "sal_tec2009": 0.0, "sal_tec2010": 0.0, "sal_tec2011": 0.0, "sal_tec2012": 0.0, "sal_tec2013": 0.0, "sal_tec2014": 0.0, "sal_tec2015": 0.0, "sal_tec2016": 0.0 }, "geometry": { "type": "Point", "coordinates": [ -70.63018049, 19.45844729 ] } },
{ "type": "Feature", "properties": { "code": "DOM-EMI", "name": "Zona Franca Industrial Emimar ", "latitude": 19.42494677, "longitude": -70.62298095, "start": 2014.0, "close": 0.0, "type": "private", "sez_id": 25.0, "origin ": 1.0, "inv2000": 0.0, "inv2001": 0.0, "inv2002": 0.0, "inv2003": 0.0, "inv2004": 0.0, "inv2005": 0.0, "inv2006": 0.0, "inv2007": 0.0, "inv2008": 0.0, "inv2009": 0.0, "inv2010": 0.0, "inv2011": 0.0, "inv2012": 0.0, "inv2013": 0.0, "inv2014": 4030000.0, "inv2015": 4030000.0, "inv2016": 7121521.1, "ob_f_2000": 0.0, "tec_f_2000": 0.0, "adm_f_2000": 0.0, "ob_f_2001": 0.0, "tec_f_2001": 0.0, "adm_f_2001": 0.0, "ob_f_2002": 0.0, "tec_f_2002": 0.0, "adm_f_2002": 0.0, "ob_f_2003": 0.0, "tec_f_2003": 0.0, "adm_f_2003": 0.0, "ob_f_2004": 0.0, "tec_f_2004": 0.0, "adm_f_2004": 0.0, "ob_f_2005": 0.0, "tec_f_2005": 0.0, "adm_f_2005": 0.0, "ob_f_2006": 0.0, "tec_f_2006": 0.0, "adm_f_2006": 0.0, "ob_f_2007": 0.0, "tec_f_2007": 0.0, "adm_f_2007": 0.0, "ob_f_2008": 0.0, "tec_f_2008": 0.0, "adm_f_2008": 0.0, "ob_f_2009": 0.0, "tec_f_2009": 0.0, "adm_f_2009": 0.0, "ob_f_2010": 0.0, "tec_f_2010": 0.0, "adm_f_2010": 0.0, "ob_f_2011": 0.0, "tec_f_2011": 0.0, "adm_f_2011": 0.0, "ob_f_2012": 0.0, "tec_f_2012": 0.0, "adm_f_2012": 0.0, "ob_f_2014": 268.0, "tec_f_2014": 10.0, "adm_f_2014": 12.0, "ob_f_2015": 908.0, "tec_f_2015": 19.0, "adm_f_2015": 36.0, "ob_f_2016": 1149.0, "tec_f_2016": 38.0, "adm_f_2016": 38.0, "ob_m_2000": 0.0, "tec_m_2000": 0.0, "adm_m_2000": 0.0, "ob_m_2001": 0.0, "tec_m_2001": 0.0, "adm_m_2001": 0.0, "ob_m_2002": 0.0, "tec_m_2002": 0.0, "adm_m_2002": 0.0, "ob_m_2003": 0.0, "tec_m_2003": 0.0, "adm_m_2003": 0.0, "ob_m_2004": 0.0, "tec_m_2004": 0.0, "adm_m_2004": 0.0, "ob_m_2005": 0.0, "tec_m_2005": 0.0, "adm_m_2005": 0.0, "ob_m_2006": 0.0, "tec_m_2006": 0.0, "adm_m_2006": 0.0, "ob_m_2007": 0.0, "tec_m_2007": 0.0, "adm_m_2007": 0.0, "ob_m_2008": 0.0, "tec_m_2008": 0.0, "adm_m_2008": 0.0, "ob_m_2009": 0.0, "tec_m_2009": 0.0, "adm_m_2009": 0.0, "ob_m_2010": 0.0, "tec_m_2010": 0.0, "adm_m_2010": 0.0, "ob_m_2011": 0.0, "tec_m_2011": 0.0, "adm_m_2011": 0.0, "ob_m_2012": 0.0, "tec_m_2012": 0.0, "adm_m_2012": 0.0, "ob_m_2014": 137.0, "tec_m_2014": 22.0, "adm_m_2014": 21.0, "ob_m_2015": 413.0, "tec_m_2015": 54.0, "adm_m_2015": 24.0, "ob_m_2016": 532.0, "tec_m_2016": 82.0, "adm_m_2016": 17.0, "ent2000": 0.0, "ent2001": 0.0, "ent2002": 0.0, "ent2003": 0.0, "ent2004": 0.0, "ent2005": 0.0, "ent2006": 0.0, "ent2007": 0.0, "ent2008": 0.0, "ent2009": 0.0, "ent2010": 0.0, "ent2011": 0.0, "ent2012": 0.0, "ent2013": 0.0, "ent2014": 3.0, "ent2015": 5.0, "ent2016": 5.0, "ele2000": 0.0, "ele2001": 0.0, "ele2002": 0.0, "ele2003": 0.0, "ele2004": 0.0, "ele2005": 0.0, "ele2006": 0.0, "ele2007": 0.0, "ele2008": 0.0, "ele2009": 0.0, "ele2010": 0.0, "ele2011": 0.0, "ele2012": 0.0, "ele2013": 0.0, "ele2014": 11098754.41, "ele2015": 12249484.23, "ele2016": 8744.58, "com2000": 0.0, "com2001": 0.0, "com2002": 0.0, "com2003": 0.0, "com2004": 0.0, "com2005": 0.0, "com2006": 0.0, "com2007": 0.0, "com2008": 0.0, "com2009": 0.0, "com2010": 0.0, "com2011": 0.0, "com2012": 0.0, "com2013": 0.0, "com2014": 621684.7, "com2015": 496408.48, "com2016": 495.41, "inf2000": 0.0, "inf2001": 0.0, "inf2002": 0.0, "inf2003": 0.0, "inf2004": 0.0, "inf2005": 0.0, "inf2006": 0.0, "inf2007": 0.0, "inf2008": 0.0, "inf2009": 0.0, "inf2010": 0.0, "inf2011": 0.0, "inf2012": 0.0, "inf2013": 0.0, "inf2014": 1180647.0, "inf2015": 1444840.2, "inf2016": 566.01, "wat2000": 0.0, "wat2001": 0.0, "wat2002": 0.0, "wat2003": 0.0, "wat2004": 0.0, "wat2005": 0.0, "wat2006": 0.0, "wat2007": 0.0, "wat2008": 0.0, "wat2009": 0.0, "wat2010": 0.0, "wat2011": 0.0, "wat2012": 0.0, "wat2013": 0.0, "wat2014": 203568.0, "wat2015": 297605.0, "wat2016": 100.21, "tss2000": 0.0, "tss2001": 0.0, "tss2002": 0.0, "tss2003": 0.0, "tss2004": 0.0, "tss2005": 0.0, "tss2006": 0.0, "tss2007": 0.0, "tss2008": 0.0, "tss2009": 0.0, "tss2010": 0.0, "tss2011": 0.0, "tss2012": 0.0, "tss2013": 0.0, "tss2014": 27070578.81, "tss2015": 91818063.81, "tss2016": 40556.79, "buiilt2000": 0.0, "buiilt2001": 0.0, "buiilt2002": 0.0, "buiilt2003": 0.0, "buiilt2004": 0.0, "buiilt2005": 0.0, "buiilt2006": 0.0, "buiilt2007": 0.0, "buiilt2008": 0.0, "buiilt2009": 0.0, "buiilt2010": 0.0, "buiilt2011": 0.0, "buiilt2012": 0.0, "buiilt2013": 0.0, "buiilt2014": 104018.0, "buiilt2015": 153225.0, "buiilt2016": 153225.0, "ocu2000": 0.0, "ocu2001": 0.0, "ocu2002": 0.0, "ocu2003": 0.0, "ocu2004": 0.0, "ocu2005": 0.0, "ocu2006": 0.0, "ocu2007": 0.0, "ocu2008": 0.0, "ocu2009": 0.0, "ocu2010": 0.0, "ocu2011": 0.0, "ocu2012": 0.0, "ocu2013": 0.0, "ocu2014": 104018.0, "ocu2015": 153225.0, "ocu2016": 153225.0, "sal_op2000": 0.0, "sal_op2001": 0.0, "sal_op2002": 0.0, "sal_op2003": 0.0, "sal_op2004": 0.0, "sal_op2005": 0.0, "sal_op2006": 0.0, "sal_op2007": 0.0, "sal_op2008": 0.0, "sal_op2009": 0.0, "sal_op2010": 0.0, "sal_op2011": 0.0, "sal_op2012": 0.0, "sal_op2013": 0.0, "sal_op2014": 1810.77, "sal_op2015": 2146.94, "sal_op2016": 2266.94, "sal_tec2000": 0.0, "sal_tec2001": 0.0, "sal_tec2002": 0.0, "sal_tec2003": 0.0, "sal_tec2004": 0.0, "sal_tec2005": 0.0, "sal_tec2006": 0.0, "sal_tec2007": 0.0, "sal_tec2008": 0.0, "sal_tec2009": 0.0, "sal_tec2010": 0.0, "sal_tec2011": 0.0, "sal_tec2012": 0.0, "sal_tec2013": 0.0, "sal_tec2014": 4000.0, "sal_tec2015": 4875.0, "sal_tec2016": 4875.0 }, "geometry": { "type": "Point", "coordinates": [ -70.62298095, 19.42494677 ] } },
{ "type": "Feature", "properties": { "code": "DOM-ESP", "name": "Esperanza ", "latitude": 19.59381238, "longitude": -70.97901224, "start": 1988.0, "close": 0.0, "type": "public", "sez_id": 26.0, "origin ": 1.0, "inv2000": 25175096.0, "inv2001": 18349267.0, "inv2002": 12978335.35, "inv2003": 12821702.37, "inv2004": 16494059.37, "inv2005": 16458862.26, "inv2006": 15128216.15, "inv2007": 26105748.75, "inv2008": 28691078.0, "inv2009": 25574506.0, "inv2010": 28160673.0, "inv2011": 22456491.7, "inv2012": 21562882.0, "inv2013": 13765140.0, "inv2014": 22563480.0, "inv2015": 21882449.0, "inv2016": 19795843.72, "ob_f_2000": 2277.0, "tec_f_2000": 103.0, "adm_f_2000": 169.0, "ob_f_2001": 2357.0, "tec_f_2001": 67.0, "adm_f_2001": 171.0, "ob_f_2002": 2299.0, "tec_f_2002": 96.0, "adm_f_2002": 136.0, "ob_f_2003": 2456.0, "tec_f_2003": 122.0, "adm_f_2003": 176.0, "ob_f_2004": 2483.0, "tec_f_2004": 174.0, "adm_f_2004": 100.0, "ob_f_2005": 2081.0, "tec_f_2005": 134.0, "adm_f_2005": 95.0, "ob_f_2006": 1977.0, "tec_f_2006": 91.0, "adm_f_2006": 105.0, "ob_f_2007": 1260.0, "tec_f_2007": 194.0, "adm_f_2007": 47.0, "ob_f_2008": 1134.0, "tec_f_2008": 78.0, "adm_f_2008": 52.0, "ob_f_2009": 1177.0, "tec_f_2009": 66.0, "adm_f_2009": 83.0, "ob_f_2010": 1457.0, "tec_f_2010": 102.0, "adm_f_2010": 87.0, "ob_f_2011": 824.0, "tec_f_2011": 61.0, "adm_f_2011": 46.0, "ob_f_2012": 579.0, "tec_f_2012": 64.0, "adm_f_2012": 54.0, "ob_f_2014": 727.0, "tec_f_2014": 90.0, "adm_f_2014": 49.0, "ob_f_2015": 993.0, "tec_f_2015": 88.0, "adm_f_2015": 54.0, "ob_f_2016": 1055.0, "tec_f_2016": 92.0, "adm_f_2016": 52.0, "ob_m_2000": 4412.0, "tec_m_2000": 173.0, "adm_m_2000": 328.0, "ob_m_2001": 3672.0, "tec_m_2001": 121.0, "adm_m_2001": 309.0, "ob_m_2002": 3105.0, "tec_m_2002": 266.0, "adm_m_2002": 274.0, "ob_m_2003": 3775.0, "tec_m_2003": 285.0, "adm_m_2003": 357.0, "ob_m_2004": 3510.0, "tec_m_2004": 455.0, "adm_m_2004": 159.0, "ob_m_2005": 2639.0, "tec_m_2005": 225.0, "adm_m_2005": 156.0, "ob_m_2006": 2673.0, "tec_m_2006": 175.0, "adm_m_2006": 244.0, "ob_m_2007": 2398.0, "tec_m_2007": 296.0, "adm_m_2007": 68.0, "ob_m_2008": 1561.0, "tec_m_2008": 226.0, "adm_m_2008": 63.0, "ob_m_2009": 1780.0, "tec_m_2009": 217.0, "adm_m_2009": 118.0, "ob_m_2010": 1766.0, "tec_m_2010": 140.0, "adm_m_2010": 109.0, "ob_m_2011": 1087.0, "tec_m_2011": 92.0, "adm_m_2011": 83.0, "ob_m_2012": 1008.0, "tec_m_2012": 125.0, "adm_m_2012": 160.0, "ob_m_2014": 1662.0, "tec_m_2014": 188.0, "adm_m_2014": 138.0, "ob_m_2015": 1770.0, "tec_m_2015": 192.0, "adm_m_2015": 140.0, "ob_m_2016": 1757.0, "tec_m_2016": 222.0, "adm_m_2016": 112.0, "ent2000": 10.0, "ent2001": 9.0, "ent2002": 9.0, "ent2003": 10.0, "ent2004": 10.0, "ent2005": 9.0, "ent2006": 6.0, "ent2007": 6.0, "ent2008": 6.0, "ent2009": 8.0, "ent2010": 8.0, "ent2011": 6.0, "ent2012": 4.0, "ent2013": 5.0, "ent2014": 6.0, "ent2015": 6.0, "ent2016": 6.0, "ele2000": 10290123.02, "ele2001": 23236495.09, "ele2002": 11383978.96, "ele2003": 21276192.5, "ele2004": 40428423.28, "ele2005": 28562158.58, "ele2006": 905161.66, "ele2007": 32366169.94, "ele2008": 27035862.11, "ele2009": 24216673.43, "ele2010": 29460537.51, "ele2011": 22457580.01, "ele2012": 14917069.85, "ele2013": 7783729.34, "ele2014": 12163312.0, "ele2015": 28329627.02, "ele2016": 28788.4, "com2000": 0.0, "com2001": 0.0, "com2002": 0.0, "com2003": 2264735.88, "com2004": 2235950.78, "com2005": 3163163.26, "com2006": 271998.48, "com2007": 2138450.21, "com2008": 2089375.6, "com2009": 1518836.68, "com2010": 1609078.23, "com2011": 2061739.49, "com2012": 2096991.52, "com2013": 597288.45, "com2014": 1150624.84, "com2015": 4242648.8, "com2016": 5126.37, "inf2000": 1403431.0, "inf2001": 1751138.77, "inf2002": 1818471.18, "inf2003": 2666631.66, "inf2004": 3719079.72, "inf2005": 3998300.23, "inf2006": 33096.0, "inf2007": 3934617.92, "inf2008": 2189339.07, "inf2009": 2354881.0, "inf2010": 3674774.0, "inf2011": 2454459.5, "inf2012": 2067027.0, "inf2013": 829491.3, "inf2014": 1421702.34, "inf2015": 2938003.2, "inf2016": 4187.29, "wat2000": 235384.0, "wat2001": 259157.0, "wat2002": 600361.59, "wat2003": 1646453.79, "wat2004": 1502703.85, "wat2005": 1204814.09, "wat2006": 43152.0, "wat2007": 1555832.35, "wat2008": 1321031.1, "wat2009": 1527619.28, "wat2010": 1296558.94, "wat2011": 1346949.2, "wat2012": 1070635.68, "wat2013": 259071.2, "wat2014": 316144.6, "wat2015": 1690076.12, "wat2016": 2006.3, "tss2000": 8541176.67, "tss2001": 14099855.7, "tss2002": 9721779.74, "tss2003": 15483501.07, "tss2004": 11827736.77, "tss2005": 10306497.5, "tss2006": 259060.45, "tss2007": 47197889.84, "tss2008": 55337825.15, "tss2009": 56081496.45, "tss2010": 78520783.23, "tss2011": 54124216.8, "tss2012": 44572745.02, "tss2013": 36741950.52, "tss2014": 53087174.97, "tss2015": 68525580.21, "tss2016": 91748.26, "buiilt2000": 679713.0, "buiilt2001": 679713.0, "buiilt2002": 312487.0, "buiilt2003": 313705.0, "buiilt2004": 388483.88, "buiilt2005": 531487.34, "buiilt2006": 486506.57, "buiilt2007": 528342.42, "buiilt2008": 545494.34, "buiilt2009": 545494.34, "buiilt2010": 545494.34, "buiilt2011": 545494.34, "buiilt2012": 545494.34, "buiilt2013": 545494.34, "buiilt2014": 545494.34, "buiilt2015": 548530.94, "buiilt2016": 548530.94, "ocu2000": 679713.0, "ocu2001": 679713.0, "ocu2002": 312487.0, "ocu2003": 313705.0, "ocu2004": 388483.88, "ocu2005": 446614.83, "ocu2006": 441821.91, "ocu2007": 415988.28, "ocu2008": 507133.0, "ocu2009": 367372.34, "ocu2010": 454746.12, "ocu2011": 299993.51, "ocu2012": 373076.21, "ocu2013": 466714.26, "ocu2014": 545494.34, "ocu2015": 548530.94, "ocu2016": 548530.94, "sal_op2000": 794.85, "sal_op2001": 797.0, "sal_op2002": 777.31, "sal_op2003": 843.71, "sal_op2004": 1082.56, "sal_op2005": 1376.5, "sal_op2006": 1373.76, "sal_op2007": 1485.54, "sal_op2008": 1737.17, "sal_op2009": 1869.03, "sal_op2010": 1917.25, "sal_op2011": 1616.67, "sal_op2012": 1900.0, "sal_op2013": 2125.48, "sal_op2014": 2251.63, "sal_op2015": 2351.49, "sal_op2016": 2302.99, "sal_tec2000": 1830.0, "sal_tec2001": 1593.0, "sal_tec2002": 1612.8, "sal_tec2003": 2035.0, "sal_tec2004": 2148.08, "sal_tec2005": 3300.0, "sal_tec2006": 3470.25, "sal_tec2007": 3300.0, "sal_tec2008": 3550.0, "sal_tec2009": 3853.29, "sal_tec2010": 3441.63, "sal_tec2011": 3312.5, "sal_tec2012": 3700.0, "sal_tec2013": 4437.5, "sal_tec2014": 4885.71, "sal_tec2015": 5225.38, "sal_tec2016": 5021.32 }, "geometry": { "type": "Point", "coordinates": [ -70.97901224, 19.59381238 ] } },
{ "type": "Feature", "properties": { "code": "DOM-EXC", "name": "Excel Boca Chica ", "latitude": 18.45806505, "longitude": -69.63004786, "start": 1995.0, "close": 0.0, "type": "private", "sez_id": 27.0, "origin ": 1.0, "inv2000": 1505224.0, "inv2001": 1850848.0, "inv2002": 2366666.0, "inv2003": 2429044.0, "inv2004": 3270065.43, "inv2005": 2866943.55, "inv2006": 1955626.55, "inv2007": 2329221.93, "inv2008": 3069408.0, "inv2009": 3108964.0, "inv2010": 3323751.86, "inv2011": 5980000.0, "inv2012": 8000000.0, "inv2013": 6732500.0, "inv2014": 7930600.0, "inv2015": 8330000.0, "inv2016": 8330000.0, "ob_f_2000": 176.0, "tec_f_2000": 15.0, "adm_f_2000": 4.0, "ob_f_2001": 140.0, "tec_f_2001": 16.0, "adm_f_2001": 6.0, "ob_f_2002": 78.0, "tec_f_2002": 12.0, "adm_f_2002": 7.0, "ob_f_2003": 75.0, "tec_f_2003": 12.0, "adm_f_2003": 10.0, "ob_f_2004": 78.0, "tec_f_2004": 10.0, "adm_f_2004": 12.0, "ob_f_2005": 57.0, "tec_f_2005": 8.0, "adm_f_2005": 13.0, "ob_f_2006": 58.0, "tec_f_2006": 0.0, "adm_f_2006": 18.0, "ob_f_2007": 58.0, "tec_f_2007": 0.0, "adm_f_2007": 23.0, "ob_f_2008": 13.0, "tec_f_2008": 5.0, "adm_f_2008": 3.0, "ob_f_2009": 2.0, "tec_f_2009": 2.0, "adm_f_2009": 16.0, "ob_f_2010": 1.0, "tec_f_2010": 2.0, "adm_f_2010": 15.0, "ob_f_2011": 2.0, "tec_f_2011": 2.0, "adm_f_2011": 10.0, "ob_f_2012": 2.0, "tec_f_2012": 2.0, "adm_f_2012": 7.0, "ob_f_2014": 2.0, "tec_f_2014": 0.0, "adm_f_2014": 16.0, "ob_f_2015": 2.0, "tec_f_2015": 0.0, "adm_f_2015": 17.0, "ob_f_2016": 2.0, "tec_f_2016": 3.0, "adm_f_2016": 17.0, "ob_m_2000": 10.0, "tec_m_2000": 10.0, "adm_m_2000": 5.0, "ob_m_2001": 33.0, "tec_m_2001": 12.0, "adm_m_2001": 6.0, "ob_m_2002": 16.0, "tec_m_2002": 5.0, "adm_m_2002": 10.0, "ob_m_2003": 17.0, "tec_m_2003": 6.0, "adm_m_2003": 12.0, "ob_m_2004": 19.0, "tec_m_2004": 8.0, "adm_m_2004": 12.0, "ob_m_2005": 27.0, "tec_m_2005": 8.0, "adm_m_2005": 13.0, "ob_m_2006": 29.0, "tec_m_2006": 7.0, "adm_m_2006": 18.0, "ob_m_2007": 33.0, "tec_m_2007": 7.0, "adm_m_2007": 13.0, "ob_m_2008": 30.0, "tec_m_2008": 5.0, "adm_m_2008": 6.0, "ob_m_2009": 39.0, "tec_m_2009": 7.0, "adm_m_2009": 4.0, "ob_m_2010": 44.0, "tec_m_2010": 7.0, "adm_m_2010": 6.0, "ob_m_2011": 45.0, "tec_m_2011": 8.0, "adm_m_2011": 6.0, "ob_m_2012": 40.0, "tec_m_2012": 8.0, "adm_m_2012": 6.0, "ob_m_2014": 33.0, "tec_m_2014": 35.0, "adm_m_2014": 9.0, "ob_m_2015": 53.0, "tec_m_2015": 15.0, "adm_m_2015": 9.0, "ob_m_2016": 61.0, "tec_m_2016": 14.0, "adm_m_2016": 11.0, "ent2000": 2.0, "ent2001": 2.0, "ent2002": 2.0, "ent2003": 2.0, "ent2004": 4.0, "ent2005": 4.0, "ent2006": 4.0, "ent2007": 3.0, "ent2008": 2.0, "ent2009": 2.0, "ent2010": 2.0, "ent2011": 2.0, "ent2012": 1.0, "ent2013": 1.0, "ent2014": 1.0, "ent2015": 1.0, "ent2016": 1.0, "ele2000": 294179.0, "ele2001": 362000.0, "ele2002": 386200.0, "ele2003": 879912.0, "ele2004": 1159680.0, "ele2005": 1503711.65, "ele2006": 38360768.55, "ele2007": 2048091.0, "ele2008": 1375450.0, "ele2009": 47790.34, "ele2010": 1584746.77, "ele2011": 3222000.0, "ele2012": 4000000.0, "ele2013": 4250000.0, "ele2014": 6063319.36, "ele2015": 7929219.5, "ele2016": 7751.0, "com2000": 0.0, "com2001": 0.0, "com2002": 0.0, "com2003": 708896.0, "com2004": 1205420.0, "com2005": 1626148.0, "com2006": 1681533.46, "com2007": 3239228.8, "com2008": 2388511.0, "com2009": 1804556.55, "com2010": 1903336.36, "com2011": 900000.0, "com2012": 750000.0, "com2013": 960000.0, "com2014": 1864173.34, "com2015": 3179094.72, "com2016": 2650.0, "inf2000": 58337.55, "inf2001": 61500.0, "inf2002": 70891.0, "inf2003": 100825.88, "inf2004": 160057.47, "inf2005": 120907.0, "inf2006": 3778927.69, "inf2007": 241752.0, "inf2008": 349547.42, "inf2009": 224040.0, "inf2010": 407875.48, "inf2011": 253000.0, "inf2012": 200357.0, "inf2013": 258873.0, "inf2014": 345740.4, "inf2015": 490280.0, "inf2016": 662.0, "wat2000": 4680.0, "wat2001": 19925.0, "wat2002": 10800.0, "wat2003": 11183.0, "wat2004": 9504.0, "wat2005": 22500.0, "wat2006": 1473944.15, "wat2007": 68000.0, "wat2008": 48260.0, "wat2009": 51749.0, "wat2010": 86549.83, "wat2011": 14000.0, "wat2012": 9000.0, "wat2013": 23000.0, "wat2014": 39600.0, "wat2015": 96000.0, "wat2016": 432.6, "tss2000": 466635.0, "tss2001": 513000.0, "tss2002": 462894.0, "tss2003": 527425.0, "tss2004": 527458.0, "tss2005": 545832.63, "tss2006": 15180225.04, "tss2007": 1186469.88, "tss2008": 297987.59, "tss2009": 3606656.63, "tss2010": 4189065.88, "tss2011": 418612.08, "tss2012": 3583783.68, "tss2013": 4260678.89, "tss2014": 5231061.87, "tss2015": 6001314.2, "tss2016": 6992.72, "buiilt2000": 35000.0, "buiilt2001": 35000.0, "buiilt2002": 36000.0, "buiilt2003": 39000.0, "buiilt2004": 39000.0, "buiilt2005": 39000.0, "buiilt2006": 35000.0, "buiilt2007": 35000.0, "buiilt2008": 35000.0, "buiilt2009": 39000.0, "buiilt2010": 39000.0, "buiilt2011": 39000.0, "buiilt2012": 39000.0, "buiilt2013": 390000.0, "buiilt2014": 39000.0, "buiilt2015": 39000.0, "buiilt2016": 87800.0, "ocu2000": 24760.0, "ocu2001": 24760.0, "ocu2002": 24760.0, "ocu2003": 39000.0, "ocu2004": 39000.0, "ocu2005": 39000.0, "ocu2006": 35000.0, "ocu2007": 35000.0, "ocu2008": 35000.0, "ocu2009": 39000.0, "ocu2010": 39000.0, "ocu2011": 39000.0, "ocu2012": 39000.0, "ocu2013": 390000.0, "ocu2014": 39000.0, "ocu2015": 39000.0, "ocu2016": 87800.0, "sal_op2000": 656.0, "sal_op2001": 1159.5, "sal_op2002": 1145.5, "sal_op2003": 1557.0, "sal_op2004": 1716.67, "sal_op2005": 1783.33, "sal_op2006": 2250.0, "sal_op2007": 2172.5, "sal_op2008": 2672.0, "sal_op2009": 2671.81, "sal_op2010": 2700.0, "sal_op2011": 2800.0, "sal_op2012": 3000.0, "sal_op2013": 2666.6, "sal_op2014": 3333.24, "sal_op2015": 3450.0, "sal_op2016": 2593.05, "sal_tec2000": 1269.0, "sal_tec2001": 3027.0, "sal_tec2002": 1769.5, "sal_tec2003": 2134.69, "sal_tec2004": 2187.0, "sal_tec2005": 2766.67, "sal_tec2006": 3958.33, "sal_tec2007": 5868.33, "sal_tec2008": 8781.7, "sal_tec2009": 8998.95, "sal_tec2010": 3471.13, "sal_tec2011": 4450.0, "sal_tec2012": 6500.0, "sal_tec2013": 4800.0, "sal_tec2014": 4807.94, "sal_tec2015": 5100.0, "sal_tec2016": 5800.0 }, "geometry": { "type": "Point", "coordinates": [ -69.63004786, 18.45806505 ] } },
{ "type": "Feature", "properties": { "code": "DOM-FLO", "name": "La Flor Dominicana ", "latitude": 19.48619912, "longitude": -70.62006966, "start": 2019.0, "close": 0.0, "type": "private", "sez_id": 28.0, "origin ": 1.0, "inv2000": 0.0, "inv2001": 0.0, "inv2002": 0.0, "inv2003": 0.0, "inv2004": 0.0, "inv2005": 0.0, "inv2006": 0.0, "inv2007": 0.0, "inv2008": 0.0, "inv2009": 0.0, "inv2010": 0.0, "inv2011": 0.0, "inv2012": 0.0, "inv2013": 0.0, "inv2014": 0.0, "inv2015": 0.0, "inv2016": 0.0, "ob_f_2000": 0.0, "tec_f_2000": 0.0, "adm_f_2000": 0.0, "ob_f_2001": 0.0, "tec_f_2001": 0.0, "adm_f_2001": 0.0, "ob_f_2002": 0.0, "tec_f_2002": 0.0, "adm_f_2002": 0.0, "ob_f_2003": 0.0, "tec_f_2003": 0.0, "adm_f_2003": 0.0, "ob_f_2004": 0.0, "tec_f_2004": 0.0, "adm_f_2004": 0.0, "ob_f_2005": 0.0, "tec_f_2005": 0.0, "adm_f_2005": 0.0, "ob_f_2006": 0.0, "tec_f_2006": 0.0, "adm_f_2006": 0.0, "ob_f_2007": 0.0, "tec_f_2007": 0.0, "adm_f_2007": 0.0, "ob_f_2008": 0.0, "tec_f_2008": 0.0, "adm_f_2008": 0.0, "ob_f_2009": 0.0, "tec_f_2009": 0.0, "adm_f_2009": 0.0, "ob_f_2010": 0.0, "tec_f_2010": 0.0, "adm_f_2010": 0.0, "ob_f_2011": 0.0, "tec_f_2011": 0.0, "adm_f_2011": 0.0, "ob_f_2012": 0.0, "tec_f_2012": 0.0, "adm_f_2012": 0.0, "ob_f_2014": 0.0, "tec_f_2014": 0.0, "adm_f_2014": 0.0, "ob_f_2015": 0.0, "tec_f_2015": 0.0, "adm_f_2015": 0.0, "ob_f_2016": 0.0, "tec_f_2016": 0.0, "adm_f_2016": 0.0, "ob_m_2000": 0.0, "tec_m_2000": 0.0, "adm_m_2000": 0.0, "ob_m_2001": 0.0, "tec_m_2001": 0.0, "adm_m_2001": 0.0, "ob_m_2002": 0.0, "tec_m_2002": 0.0, "adm_m_2002": 0.0, "ob_m_2003": 0.0, "tec_m_2003": 0.0, "adm_m_2003": 0.0, "ob_m_2004": 0.0, "tec_m_2004": 0.0, "adm_m_2004": 0.0, "ob_m_2005": 0.0, "tec_m_2005": 0.0, "adm_m_2005": 0.0, "ob_m_2006": 0.0, "tec_m_2006": 0.0, "adm_m_2006": 0.0, "ob_m_2007": 0.0, "tec_m_2007": 0.0, "adm_m_2007": 0.0, "ob_m_2008": 0.0, "tec_m_2008": 0.0, "adm_m_2008": 0.0, "ob_m_2009": 0.0, "tec_m_2009": 0.0, "adm_m_2009": 0.0, "ob_m_2010": 0.0, "tec_m_2010": 0.0, "adm_m_2010": 0.0, "ob_m_2011": 0.0, "tec_m_2011": 0.0, "adm_m_2011": 0.0, "ob_m_2012": 0.0, "tec_m_2012": 0.0, "adm_m_2012": 0.0, "ob_m_2014": 0.0, "tec_m_2014": 0.0, "adm_m_2014": 0.0, "ob_m_2015": 0.0, "tec_m_2015": 0.0, "adm_m_2015": 0.0, "ob_m_2016": 0.0, "tec_m_2016": 0.0, "adm_m_2016": 0.0, "ent2000": 0.0, "ent2001": 0.0, "ent2002": 0.0, "ent2003": 0.0, "ent2004": 0.0, "ent2005": 0.0, "ent2006": 0.0, "ent2007": 0.0, "ent2008": 0.0, "ent2009": 0.0, "ent2010": 0.0, "ent2011": 0.0, "ent2012": 0.0, "ent2013": 0.0, "ent2014": 0.0, "ent2015": 0.0, "ent2016": 0.0, "ele2000": 0.0, "ele2001": 0.0, "ele2002": 0.0, "ele2003": 0.0, "ele2004": 0.0, "ele2005": 0.0, "ele2006": 0.0, "ele2007": 0.0, "ele2008": 0.0, "ele2009": 0.0, "ele2010": 0.0, "ele2011": 0.0, "ele2012": 0.0, "ele2013": 0.0, "ele2014": 0.0, "ele2015": 0.0, "ele2016": 0.0, "com2000": 0.0, "com2001": 0.0, "com2002": 0.0, "com2003": 0.0, "com2004": 0.0, "com2005": 0.0, "com2006": 0.0, "com2007": 0.0, "com2008": 0.0, "com2009": 0.0, "com2010": 0.0, "com2011": 0.0, "com2012": 0.0, "com2013": 0.0, "com2014": 0.0, "com2015": 0.0, "com2016": 0.0, "inf2000": 0.0, "inf2001": 0.0, "inf2002": 0.0, "inf2003": 0.0, "inf2004": 0.0, "inf2005": 0.0, "inf2006": 0.0, "inf2007": 0.0, "inf2008": 0.0, "inf2009": 0.0, "inf2010": 0.0, "inf2011": 0.0, "inf2012": 0.0, "inf2013": 0.0, "inf2014": 0.0, "inf2015": 0.0, "inf2016": 0.0, "wat2000": 0.0, "wat2001": 0.0, "wat2002": 0.0, "wat2003": 0.0, "wat2004": 0.0, "wat2005": 0.0, "wat2006": 0.0, "wat2007": 0.0, "wat2008": 0.0, "wat2009": 0.0, "wat2010": 0.0, "wat2011": 0.0, "wat2012": 0.0, "wat2013": 0.0, "wat2014": 0.0, "wat2015": 0.0, "wat2016": 0.0, "tss2000": 0.0, "tss2001": 0.0, "tss2002": 0.0, "tss2003": 0.0, "tss2004": 0.0, "tss2005": 0.0, "tss2006": 0.0, "tss2007": 0.0, "tss2008": 0.0, "tss2009": 0.0, "tss2010": 0.0, "tss2011": 0.0, "tss2012": 0.0, "tss2013": 0.0, "tss2014": 0.0, "tss2015": 0.0, "tss2016": 0.0, "buiilt2000": 0.0, "buiilt2001": 0.0, "buiilt2002": 0.0, "buiilt2003": 0.0, "buiilt2004": 0.0, "buiilt2005": 0.0, "buiilt2006": 0.0, "buiilt2007": 0.0, "buiilt2008": 0.0, "buiilt2009": 0.0, "buiilt2010": 0.0, "buiilt2011": 0.0, "buiilt2012": 0.0, "buiilt2013": 0.0, "buiilt2014": 0.0, "buiilt2015": 0.0, "buiilt2016": 0.0, "ocu2000": 0.0, "ocu2001": 0.0, "ocu2002": 0.0, "ocu2003": 0.0, "ocu2004": 0.0, "ocu2005": 0.0, "ocu2006": 0.0, "ocu2007": 0.0, "ocu2008": 0.0, "ocu2009": 0.0, "ocu2010": 0.0, "ocu2011": 0.0, "ocu2012": 0.0, "ocu2013": 0.0, "ocu2014": 0.0, "ocu2015": 0.0, "ocu2016": 0.0, "sal_op2000": 0.0, "sal_op2001": 0.0, "sal_op2002": 0.0, "sal_op2003": 0.0, "sal_op2004": 0.0, "sal_op2005": 0.0, "sal_op2006": 0.0, "sal_op2007": 0.0, "sal_op2008": 0.0, "sal_op2009": 0.0, "sal_op2010": 0.0, "sal_op2011": 0.0, "sal_op2012": 0.0, "sal_op2013": 0.0, "sal_op2014": 0.0, "sal_op2015": 0.0, "sal_op2016": 0.0, "sal_tec2000": 0.0, "sal_tec2001": 0.0, "sal_tec2002": 0.0, "sal_tec2003": 0.0, "sal_tec2004": 0.0, "sal_tec2005": 0.0, "sal_tec2006": 0.0, "sal_tec2007": 0.0, "sal_tec2008": 0.0, "sal_tec2009": 0.0, "sal_tec2010": 0.0, "sal_tec2011": 0.0, "sal_tec2012": 0.0, "sal_tec2013": 0.0, "sal_tec2014": 0.0, "sal_tec2015": 0.0, "sal_tec2016": 0.0 }, "geometry": { "type": "Point", "coordinates": [ -70.62006966, 19.48619912 ] } },
{ "type": "Feature", "properties": { "code": "DOM-FRA", "name": "San Francisco de Macoris ", "latitude": 19.27537126, "longitude": -70.28770858, "start": 1990.0, "close": 0.0, "type": "public", "sez_id": 29.0, "origin ": 1.0, "inv2000": 5331860.0, "inv2001": 5737738.0, "inv2002": 5276529.0, "inv2003": 5152726.27, "inv2004": 5617302.37, "inv2005": 2347939.3, "inv2006": 1990981.67, "inv2007": 645107.69, "inv2008": 596096.89, "inv2009": 999000.0, "inv2010": 131939.96, "inv2011": 1053438.3, "inv2012": 588095.0, "inv2013": 572061.16, "inv2014": 344510.7, "inv2015": 291266.4, "inv2016": 3353902.07, "ob_f_2000": 514.0, "tec_f_2000": 24.0, "adm_f_2000": 11.0, "ob_f_2001": 395.0, "tec_f_2001": 22.0, "adm_f_2001": 20.0, "ob_f_2002": 641.0, "tec_f_2002": 4.0, "adm_f_2002": 19.0, "ob_f_2003": 512.0, "tec_f_2003": 2.0, "adm_f_2003": 18.0, "ob_f_2004": 596.0, "tec_f_2004": 9.0, "adm_f_2004": 20.0, "ob_f_2005": 317.0, "tec_f_2005": 6.0, "adm_f_2005": 14.0, "ob_f_2006": 296.0, "tec_f_2006": 14.0, "adm_f_2006": 15.0, "ob_f_2007": 264.0, "tec_f_2007": 5.0, "adm_f_2007": 16.0, "ob_f_2008": 41.0, "tec_f_2008": 5.0, "adm_f_2008": 7.0, "ob_f_2009": 43.0, "tec_f_2009": 5.0, "adm_f_2009": 1.0, "ob_f_2010": 50.0, "tec_f_2010": 5.0, "adm_f_2010": 1.0, "ob_f_2011": 63.0, "tec_f_2011": 5.0, "adm_f_2011": 2.0, "ob_f_2012": 60.0, "tec_f_2012": 5.0, "adm_f_2012": 2.0, "ob_f_2014": 63.0, "tec_f_2014": 6.0, "adm_f_2014": 1.0, "ob_f_2015": 67.0, "tec_f_2015": 6.0, "adm_f_2015": 3.0, "ob_f_2016": 66.0, "tec_f_2016": 6.0, "adm_f_2016": 2.0, "ob_m_2000": 398.0, "tec_m_2000": 27.0, "adm_m_2000": 10.0, "ob_m_2001": 357.0, "tec_m_2001": 35.0, "adm_m_2001": 13.0, "ob_m_2002": 519.0, "tec_m_2002": 67.0, "adm_m_2002": 6.0, "ob_m_2003": 480.0, "tec_m_2003": 32.0, "adm_m_2003": 6.0, "ob_m_2004": 408.0, "tec_m_2004": 41.0, "adm_m_2004": 5.0, "ob_m_2005": 301.0, "tec_m_2005": 47.0, "adm_m_2005": 5.0, "ob_m_2006": 284.0, "tec_m_2006": 37.0, "adm_m_2006": 5.0, "ob_m_2007": 222.0, "tec_m_2007": 31.0, "adm_m_2007": 1.0, "ob_m_2008": 29.0, "tec_m_2008": 19.0, "adm_m_2008": 1.0, "ob_m_2009": 18.0, "tec_m_2009": 17.0, "adm_m_2009": 1.0, "ob_m_2010": 19.0, "tec_m_2010": 18.0, "adm_m_2010": 1.0, "ob_m_2011": 23.0, "tec_m_2011": 21.0, "adm_m_2011": 2.0, "ob_m_2012": 27.0, "tec_m_2012": 23.0, "adm_m_2012": 4.0, "ob_m_2014": 23.0, "tec_m_2014": 21.0, "adm_m_2014": 2.0, "ob_m_2015": 27.0, "tec_m_2015": 21.0, "adm_m_2015": 3.0, "ob_m_2016": 27.0, "tec_m_2016": 21.0, "adm_m_2016": 1.0, "ent2000": 5.0, "ent2001": 6.0, "ent2002": 5.0, "ent2003": 5.0, "ent2004": 5.0, "ent2005": 4.0, "ent2006": 4.0, "ent2007": 2.0, "ent2008": 2.0, "ent2009": 1.0, "ent2010": 1.0, "ent2011": 2.0, "ent2012": 2.0, "ent2013": 2.0, "ent2014": 2.0, "ent2015": 2.0, "ent2016": 2.0, "ele2000": 1271259.0, "ele2001": 1262821.0, "ele2002": 1171659.02, "ele2003": 3107986.38, "ele2004": 4597762.1, "ele2005": 3857469.33, "ele2006": 4265731.7, "ele2007": 3714134.71, "ele2008": 682100.99, "ele2009": 724743.81, "ele2010": 694055.57, "ele2011": 1072866.99, "ele2012": 1087059.64, "ele2013": 1095019.0, "ele2014": 1156683.37, "ele2015": 1204258.97, "ele2016": 1305.68, "com2000": 0.0, "com2001": 0.0, "com2002": 0.0, "com2003": 504653.03, "com2004": 802987.27, "com2005": 1069807.25, "com2006": 790240.25, "com2007": 394075.88, "com2008": 101375.12, "com2009": 100809.59, "com2010": 100414.48, "com2011": 119289.24, "com2012": 149412.62, "com2013": 116761.0, "com2014": 147885.77, "com2015": 329018.32, "com2016": 350.56, "inf2000": 133094.38, "inf2001": 169572.0, "inf2002": 139932.25, "inf2003": 134164.82, "inf2004": 872913.0, "inf2005": 341433.69, "inf2006": 352767.02, "inf2007": 280707.02, "inf2008": 38193.93, "inf2009": 52802.0, "inf2010": 60331.0, "inf2011": 73794.0, "inf2012": 85744.26, "inf2013": 83881.0, "inf2014": 98000.2, "inf2015": 121506.0, "inf2016": 130.4, "wat2000": 155744.0, "wat2001": 144790.0, "wat2002": 183425.0, "wat2003": 183970.0, "wat2004": 199660.0, "wat2005": 189315.4, "wat2006": 406065.77, "wat2007": 131864.66, "wat2008": 26718.0, "wat2009": 26718.0, "wat2010": 26718.0, "wat2011": 26718.0, "wat2012": 29936.0, "wat2013": 26718.0, "wat2014": 27803.33, "wat2015": 96540.0, "wat2016": 96.0, "tss2000": 1937598.0, "tss2001": 2471334.0, "tss2002": 1855853.22, "tss2003": 2494719.22, "tss2004": 1513103.0, "tss2005": 1704888.96, "tss2006": 1538836.81, "tss2007": 4880664.06, "tss2008": 3319852.88, "tss2009": 1211011.08, "tss2010": 1611791.29, "tss2011": 1985346.79, "tss2012": 1945604.44, "tss2013": 2305575.81, "tss2014": 2513008.97, "tss2015": 2749604.74, "tss2016": 2826.4, "buiilt2000": 152007.0, "buiilt2001": 180935.0, "buiilt2002": 180935.0, "buiilt2003": 180935.0, "buiilt2004": 147515.0, "buiilt2005": 164584.0, "buiilt2006": 164584.0, "buiilt2007": 164584.0, "buiilt2008": 164584.0, "buiilt2009": 164584.0, "buiilt2010": 164584.0, "buiilt2011": 164584.0, "buiilt2012": 164584.0, "buiilt2013": 159588.95, "buiilt2014": 168398.35, "buiilt2015": 168398.35, "buiilt2016": 167242.44, "ocu2000": 107925.0, "ocu2001": 180935.0, "ocu2002": 164935.0, "ocu2003": 149470.0, "ocu2004": 147515.0, "ocu2005": 164584.0, "ocu2006": 98694.0, "ocu2007": 82897.0, "ocu2008": 82897.0, "ocu2009": 16584.0, "ocu2010": 48989.0, "ocu2011": 81654.0, "ocu2012": 64746.58, "ocu2013": 64746.58, "ocu2014": 64746.58, "ocu2015": 68730.94, "ocu2016": 71844.61, "sal_op2000": 547.18, "sal_op2001": 764.92, "sal_op2002": 733.6, "sal_op2003": 805.8, "sal_op2004": 907.15, "sal_op2005": 1135.27, "sal_op2006": 1180.46, "sal_op2007": 1026.92, "sal_op2008": 1078.85, "sal_op2009": 1247.0, "sal_op2010": 1246.15, "sal_op2011": 1246.15, "sal_op2012": 1479.23, "sal_op2013": 1589.23, "sal_op2014": 1796.58, "sal_op2015": 1930.35, "sal_op2016": 1910.43, "sal_tec2000": 1575.0, "sal_tec2001": 4260.0, "sal_tec2002": 1380.0, "sal_tec2003": 1465.6, "sal_tec2004": 1840.0, "sal_tec2005": 2925.75, "sal_tec2006": 3050.75, "sal_tec2007": 2250.0, "sal_tec2008": 2250.0, "sal_tec2009": 2000.0, "sal_tec2010": 2500.0, "sal_tec2011": 2500.0, "sal_tec2012": 2800.0, "sal_tec2013": 3800.0, "sal_tec2014": 3015.4, "sal_tec2015": 3316.5, "sal_tec2016": 3316.54 }, "geometry": { "type": "Point", "coordinates": [ -70.28770858, 19.27537126 ] } },
{ "type": "Feature", "properties": { "code": "DOM-GLO", "name": "Global Zona Franca Ind. ", "latitude": 18.53043559, "longitude": -70.01195079, "start": 1995.0, "close": 0.0, "type": "private", "sez_id": 30.0, "origin ": 1.0, "inv2000": 9719625.77, "inv2001": 10459813.08, "inv2002": 8388888.0, "inv2003": 8888888.0, "inv2004": 7733334.0, "inv2005": 4600000.0, "inv2006": 4900000.0, "inv2007": 0.0, "inv2008": 0.0, "inv2009": 0.0, "inv2010": 0.0, "inv2011": 0.0, "inv2012": 187420.0, "inv2013": 402925.0, "inv2014": 440900.0, "inv2015": 428211.0, "inv2016": 728733.0, "ob_f_2000": 235.0, "tec_f_2000": 3.0, "adm_f_2000": 6.0, "ob_f_2001": 341.0, "tec_f_2001": 4.0, "adm_f_2001": 6.0, "ob_f_2002": 283.0, "tec_f_2002": 2.0, "adm_f_2002": 5.0, "ob_f_2003": 177.0, "tec_f_2003": 3.0, "adm_f_2003": 4.0, "ob_f_2004": 151.0, "tec_f_2004": 2.0, "adm_f_2004": 4.0, "ob_f_2005": 2.0, "tec_f_2005": 1.0, "adm_f_2005": 6.0, "ob_f_2006": 1.0, "tec_f_2006": 3.0, "adm_f_2006": 6.0, "ob_f_2007": 0.0, "tec_f_2007": 0.0, "adm_f_2007": 0.0, "ob_f_2008": 0.0, "tec_f_2008": 0.0, "adm_f_2008": 0.0, "ob_f_2009": 0.0, "tec_f_2009": 0.0, "adm_f_2009": 0.0, "ob_f_2010": 0.0, "tec_f_2010": 0.0, "adm_f_2010": 0.0, "ob_f_2011": 0.0, "tec_f_2011": 0.0, "adm_f_2011": 0.0, "ob_f_2012": 0.0, "tec_f_2012": 0.0, "adm_f_2012": 1.0, "ob_f_2014": 0.0, "tec_f_2014": 0.0, "adm_f_2014": 3.0, "ob_f_2015": 0.0, "tec_f_2015": 0.0, "adm_f_2015": 4.0, "ob_f_2016": 0.0, "tec_f_2016": 0.0, "adm_f_2016": 4.0, "ob_m_2000": 94.0, "tec_m_2000": 10.0, "adm_m_2000": 10.0, "ob_m_2001": 97.0, "tec_m_2001": 11.0, "adm_m_2001": 14.0, "ob_m_2002": 102.0, "tec_m_2002": 12.0, "adm_m_2002": 16.0, "ob_m_2003": 88.0, "tec_m_2003": 14.0, "adm_m_2003": 17.0, "ob_m_2004": 80.0, "tec_m_2004": 16.0, "adm_m_2004": 11.0, "ob_m_2005": 63.0, "tec_m_2005": 10.0, "adm_m_2005": 2.0, "ob_m_2006": 63.0, "tec_m_2006": 10.0, "adm_m_2006": 7.0, "ob_m_2007": 0.0, "tec_m_2007": 0.0, "adm_m_2007": 0.0, "ob_m_2008": 0.0, "tec_m_2008": 0.0, "adm_m_2008": 0.0, "ob_m_2009": 0.0, "tec_m_2009": 0.0, "adm_m_2009": 0.0, "ob_m_2010": 0.0, "tec_m_2010": 0.0, "adm_m_2010": 0.0, "ob_m_2011": 0.0, "tec_m_2011": 0.0, "adm_m_2011": 0.0, "ob_m_2012": 1.0, "tec_m_2012": 2.0, "adm_m_2012": 0.0, "ob_m_2014": 3.0, "tec_m_2014": 2.0, "adm_m_2014": 3.0, "ob_m_2015": 10.0, "tec_m_2015": 0.0, "adm_m_2015": 1.0, "ob_m_2016": 9.0, "tec_m_2016": 0.0, "adm_m_2016": 1.0, "ent2000": 3.0, "ent2001": 3.0, "ent2002": 2.0, "ent2003": 2.0, "ent2004": 2.0, "ent2005": 1.0, "ent2006": 1.0, "ent2007": 0.0, "ent2008": 0.0, "ent2009": 0.0, "ent2010": 0.0, "ent2011": 0.0, "ent2012": 1.0, "ent2013": 2.0, "ent2014": 2.0, "ent2015": 2.0, "ent2016": 2.0, "ele2000": 0.0, "ele2001": 0.0, "ele2002": 0.0, "ele2003": 0.0, "ele2004": 0.0, "ele2005": 0.0, "ele2006": 1688391.0, "ele2007": 0.0, "ele2008": 0.0, "ele2009": 0.0, "ele2010": 0.0, "ele2011": 0.0, "ele2012": 23233.0, "ele2013": 200000.0, "ele2014": 230000.0, "ele2015": 263440.0, "ele2016": 285.88, "com2000": 0.0, "com2001": 0.0, "com2002": 0.0, "com2003": 266000.0, "com2004": 372000.0, "com2005": 540000.0, "com2006": 2655577.24, "com2007": 0.0, "com2008": 0.0, "com2009": 0.0, "com2010": 0.0, "com2011": 0.0, "com2012": 5000.0, "com2013": 200000.0, "com2014": 210000.0, "com2015": 256384.0, "com2016": 270.3, "inf2000": 0.0, "inf2001": 107800.0, "inf2002": 80500.0, "inf2003": 80300.0, "inf2004": 29100.0, "inf2005": 27100.0, "inf2006": 177589.0, "inf2007": 0.0, "inf2008": 0.0, "inf2009": 0.0, "inf2010": 0.0, "inf2011": 0.0, "inf2012": 0.0, "inf2013": 4200.0, "inf2014": 4300.0, "inf2015": 10200.0, "inf2016": 19.59, "wat2000": 0.0, "wat2001": 0.0, "wat2002": 0.0, "wat2003": 35000.0, "wat2004": 480000.0, "wat2005": 619500.0, "wat2006": 16500.0, "wat2007": 0.0, "wat2008": 0.0, "wat2009": 0.0, "wat2010": 0.0, "wat2011": 0.0, "wat2012": 0.0, "wat2013": 0.0, "wat2014": 0.0, "wat2015": 0.0, "wat2016": 0.0, "tss2000": 710000.0, "tss2001": 1209000.0, "tss2002": 888000.0, "tss2003": 263800.0, "tss2004": 0.0, "tss2005": 56096.0, "tss2006": 580432.63, "tss2007": 0.0, "tss2008": 0.0, "tss2009": 0.0, "tss2010": 0.0, "tss2011": 0.0, "tss2012": 0.0, "tss2013": 81620.0, "tss2014": 152198.92, "tss2015": 236797.31, "tss2016": 390.93, "buiilt2000": 199067.0, "buiilt2001": 199067.0, "buiilt2002": 199067.0, "buiilt2003": 199067.0, "buiilt2004": 199067.0, "buiilt2005": 199067.0, "buiilt2006": 199067.0, "buiilt2007": 0.0, "buiilt2008": 0.0, "buiilt2009": 0.0, "buiilt2010": 0.0, "buiilt2011": 0.0, "buiilt2012": 53800.0, "buiilt2013": 53800.0, "buiilt2014": 500261.0, "buiilt2015": 500261.0, "buiilt2016": 500261.0, "ocu2000": 199067.0, "ocu2001": 199067.0, "ocu2002": 174738.0, "ocu2003": 174738.0, "ocu2004": 174473.0, "ocu2005": 151894.0, "ocu2006": 174738.0, "ocu2007": 0.0, "ocu2008": 0.0, "ocu2009": 0.0, "ocu2010": 0.0, "ocu2011": 0.0, "ocu2012": 10760.0, "ocu2013": 22596.0, "ocu2014": 500261.0, "ocu2015": 500261.0, "ocu2016": 500261.0, "sal_op2000": 783.33, "sal_op2001": 783.33, "sal_op2002": 800.0, "sal_op2003": 892.5, "sal_op2004": 1000.0, "sal_op2005": 1865.0, "sal_op2006": 1500.0, "sal_op2007": 1510.85, "sal_op2008": 1937.0, "sal_op2009": 0.0, "sal_op2010": 0.0, "sal_op2011": 0.0, "sal_op2012": 1900.0, "sal_op2013": 2834.48, "sal_op2014": 2900.0, "sal_op2015": 2942.24, "sal_op2016": 2942.24, "sal_tec2000": 1961.67, "sal_tec2001": 4416.67, "sal_tec2002": 1322.0, "sal_tec2003": 1674.5, "sal_tec2004": 1900.0, "sal_tec2005": 2031.81, "sal_tec2006": 2500.0, "sal_tec2007": 4231.5, "sal_tec2008": 3645.67, "sal_tec2009": 0.0, "sal_tec2010": 0.0, "sal_tec2011": 0.0, "sal_tec2012": 3600.0, "sal_tec2013": 5750.0, "sal_tec2014": 3850.0, "sal_tec2015": 0.0, "sal_tec2016": 0.0 }, "geometry": { "type": "Point", "coordinates": [ -70.01195079, 18.53043559 ] } },
{ "type": "Feature", "properties": { "code": "DOM-GUR", "name": "Gurabo ", "latitude": 19.48857084, "longitude": -70.658343, "start": 1993.0, "close": 0.0, "type": "private", "sez_id": 31.0, "origin ": 1.0, "inv2000": 5390954.0, "inv2001": 7524131.0, "inv2002": 6173123.44, "inv2003": 6210741.0, "inv2004": 10256846.97, "inv2005": 7955826.97, "inv2006": 16641399.67, "inv2007": 24958839.6, "inv2008": 12312060.73, "inv2009": 10867492.33, "inv2010": 7227145.02, "inv2011": 6222335.0, "inv2012": 17197448.36, "inv2013": 14981963.52, "inv2014": 24826481.0, "inv2015": 25429550.4, "inv2016": 27261655.52, "ob_f_2000": 884.0, "tec_f_2000": 6.0, "adm_f_2000": 171.0, "ob_f_2001": 923.0, "tec_f_2001": 87.0, "adm_f_2001": 66.0, "ob_f_2002": 735.0, "tec_f_2002": 206.0, "adm_f_2002": 107.0, "ob_f_2003": 724.0, "tec_f_2003": 133.0, "adm_f_2003": 94.0, "ob_f_2004": 985.0, "tec_f_2004": 69.0, "adm_f_2004": 213.0, "ob_f_2005": 944.0, "tec_f_2005": 188.0, "adm_f_2005": 92.0, "ob_f_2006": 934.0, "tec_f_2006": 81.0, "adm_f_2006": 33.0, "ob_f_2007": 1051.0, "tec_f_2007": 19.0, "adm_f_2007": 229.0, "ob_f_2008": 412.0, "tec_f_2008": 73.0, "adm_f_2008": 61.0, "ob_f_2009": 510.0, "tec_f_2009": 79.0, "adm_f_2009": 62.0, "ob_f_2010": 426.0, "tec_f_2010": 27.0, "adm_f_2010": 54.0, "ob_f_2011": 617.0, "tec_f_2011": 44.0, "adm_f_2011": 74.0, "ob_f_2012": 619.0, "tec_f_2012": 34.0, "adm_f_2012": 87.0, "ob_f_2014": 1070.0, "tec_f_2014": 67.0, "adm_f_2014": 139.0, "ob_f_2015": 1225.0, "tec_f_2015": 73.0, "adm_f_2015": 138.0, "ob_f_2016": 1003.0, "tec_f_2016": 447.0, "adm_f_2016": 167.0, "ob_m_2000": 1041.0, "tec_m_2000": 7.0, "adm_m_2000": 221.0, "ob_m_2001": 1116.0, "tec_m_2001": 178.0, "adm_m_2001": 127.0, "ob_m_2002": 1045.0, "tec_m_2002": 266.0, "adm_m_2002": 185.0, "ob_m_2003": 671.0, "tec_m_2003": 155.0, "adm_m_2003": 151.0, "ob_m_2004": 1136.0, "tec_m_2004": 119.0, "adm_m_2004": 55.0, "ob_m_2005": 990.0, "tec_m_2005": 363.0, "adm_m_2005": 119.0, "ob_m_2006": 1062.0, "tec_m_2006": 165.0, "adm_m_2006": 44.0, "ob_m_2007": 1158.0, "tec_m_2007": 86.0, "adm_m_2007": 272.0, "ob_m_2008": 519.0, "tec_m_2008": 130.0, "adm_m_2008": 79.0, "ob_m_2009": 653.0, "tec_m_2009": 149.0, "adm_m_2009": 88.0, "ob_m_2010": 587.0, "tec_m_2010": 93.0, "adm_m_2010": 87.0, "ob_m_2011": 708.0, "tec_m_2011": 84.0, "adm_m_2011": 63.0, "ob_m_2012": 907.0, "tec_m_2012": 139.0, "adm_m_2012": 81.0, "ob_m_2014": 1672.0, "tec_m_2014": 176.0, "adm_m_2014": 168.0, "ob_m_2015": 1812.0, "tec_m_2015": 168.0, "adm_m_2015": 174.0, "ob_m_2016": 1277.0, "tec_m_2016": 696.0, "adm_m_2016": 227.0, "ent2000": 3.0, "ent2001": 3.0, "ent2002": 3.0, "ent2003": 5.0, "ent2004": 6.0, "ent2005": 6.0, "ent2006": 6.0, "ent2007": 9.0, "ent2008": 8.0, "ent2009": 6.0, "ent2010": 7.0, "ent2011": 7.0, "ent2012": 9.0, "ent2013": 8.0, "ent2014": 8.0, "ent2015": 8.0, "ent2016": 7.0, "ele2000": 6820179.91, "ele2001": 7685350.16, "ele2002": 7760382.02, "ele2003": 9305761.59, "ele2004": 36051786.93, "ele2005": 25398122.2, "ele2006": 13464000.0, "ele2007": 19780486.01, "ele2008": 13636635.67, "ele2009": 11403163.67, "ele2010": 12891988.97, "ele2011": 15419362.97, "ele2012": 18725821.73, "ele2013": 30809070.45, "ele2014": 35021178.09, "ele2015": 30215613.44, "ele2016": 28780.76, "com2000": 0.0, "com2001": 0.0, "com2002": 0.0, "com2003": 1401856.91, "com2004": 5330115.02, "com2005": 7297096.92, "com2006": 800000.0, "com2007": 7168606.93, "com2008": 8840869.52, "com2009": 11686139.94, "com2010": 16495693.88, "com2011": 41410801.39, "com2012": 36422680.56, "com2013": 2604272.44, "com2014": 5033726.12, "com2015": 6854202.92, "com2016": 6769.59, "inf2000": 751991.0, "inf2001": 1165096.0, "inf2002": 1112175.0, "inf2003": 1255761.0, "inf2004": 1408057.59, "inf2005": 2483425.18, "inf2006": 162000.0, "inf2007": 2750516.63, "inf2008": 1857585.26, "inf2009": 1893232.39, "inf2010": 1562663.58, "inf2011": 1951756.0, "inf2012": 2734365.0, "inf2013": 5600439.0, "inf2014": 5505088.1, "inf2015": 4858621.27, "inf2016": 5562.56, "wat2000": 673920.0, "wat2001": 395066.0, "wat2002": 347268.5, "wat2003": 303199.19, "wat2004": 391412.56, "wat2005": 1393096.82, "wat2006": 948000.0, "wat2007": 954563.18, "wat2008": 325826.52, "wat2009": 674806.25, "wat2010": 311000.0, "wat2011": 95000.0, "wat2012": 64000.0, "wat2013": 825478.44, "wat2014": 1455259.92, "wat2015": 1397507.76, "wat2016": 1029.33, "tss2000": 2867796.0, "tss2001": 6301187.0, "tss2002": 4566917.01, "tss2003": 4541115.0, "tss2004": 3136495.38, "tss2005": 8292794.05, "tss2006": 180000.0, "tss2007": 30275394.53, "tss2008": 40260473.37, "tss2009": 37227903.31, "tss2010": 35128415.46, "tss2011": 47803457.56, "tss2012": 57914806.36, "tss2013": 95478874.39, "tss2014": 110362972.6, "tss2015": 204852510.3, "tss2016": 59793.58, "buiilt2000": 240000.0, "buiilt2001": 240000.0, "buiilt2002": 470107.57, "buiilt2003": 470107.0, "buiilt2004": 480874.66, "buiilt2005": 480874.66, "buiilt2006": 480874.66, "buiilt2007": 487020.0, "buiilt2008": 500261.0, "buiilt2009": 500261.0, "buiilt2010": 500261.0, "buiilt2011": 500261.0, "buiilt2012": 500261.0, "buiilt2013": 500261.0, "buiilt2014": 164366.2, "buiilt2015": 204440.0, "buiilt2016": 204440.0, "ocu2000": 136000.0, "ocu2001": 136000.0, "ocu2002": 407646.7, "ocu2003": 411746.0, "ocu2004": 480874.66, "ocu2005": 480874.66, "ocu2006": 223360.35, "ocu2007": 451820.0, "ocu2008": 400061.0, "ocu2009": 213080.0, "ocu2010": 297121.0, "ocu2011": 307282.6, "ocu2012": 288794.6, "ocu2013": 297908.0, "ocu2014": 143372.8, "ocu2015": 192920.0, "ocu2016": 204440.0, "sal_op2000": 698.67, "sal_op2001": 866.73, "sal_op2002": 867.81, "sal_op2003": 1200.0, "sal_op2004": 1315.67, "sal_op2005": 1359.53, "sal_op2006": 1430.5, "sal_op2007": 0.0, "sal_op2008": 0.0, "sal_op2009": 1717.97, "sal_op2010": 1828.33, "sal_op2011": 2100.0, "sal_op2012": 2245.24, "sal_op2013": 2511.86, "sal_op2014": 2254.37, "sal_op2015": 2569.86, "sal_op2016": 2452.83, "sal_tec2000": 800.0, "sal_tec2001": 1576.47, "sal_tec2002": 1570.18, "sal_tec2003": 1838.0, "sal_tec2004": 3205.83, "sal_tec2005": 2674.84, "sal_tec2006": 3641.67, "sal_tec2007": 0.0, "sal_tec2008": 0.0, "sal_tec2009": 3135.0, "sal_tec2010": 3744.29, "sal_tec2011": 3932.19, "sal_tec2012": 3376.83, "sal_tec2013": 3774.07, "sal_tec2014": 4068.59, "sal_tec2015": 4579.84, "sal_tec2016": 5962.81 }, "geometry": { "type": "Point", "coordinates": [ -70.658343, 19.48857084 ] } },
{ "type": "Feature", "properties": { "code": "DOM-HAI", "name": "Hainamosa ", "latitude": 18.51389836, "longitude": -69.81584618, "start": 1988.0, "close": 0.0, "type": "private", "sez_id": 32.0, "origin ": 1.0, "inv2000": 10485771.0, "inv2001": 9975665.39, "inv2002": 6319385.0, "inv2003": 22736105.85, "inv2004": 7538698.0, "inv2005": 5808123.7, "inv2006": 6962329.0, "inv2007": 9095812.52, "inv2008": 11086818.52, "inv2009": 12415013.52, "inv2010": 12482560.08, "inv2011": 11066456.6, "inv2012": 9794817.22, "inv2013": 14223911.22, "inv2014": 14811170.4, "inv2015": 21419086.9, "inv2016": 22329475.47, "ob_f_2000": 1130.0, "tec_f_2000": 68.0, "adm_f_2000": 38.0, "ob_f_2001": 816.0, "tec_f_2001": 177.0, "adm_f_2001": 67.0, "ob_f_2002": 772.0, "tec_f_2002": 28.0, "adm_f_2002": 66.0, "ob_f_2003": 1033.0, "tec_f_2003": 23.0, "adm_f_2003": 66.0, "ob_f_2004": 1057.0, "tec_f_2004": 21.0, "adm_f_2004": 28.0, "ob_f_2005": 357.0, "tec_f_2005": 47.0, "adm_f_2005": 20.0, "ob_f_2006": 229.0, "tec_f_2006": 28.0, "adm_f_2006": 39.0, "ob_f_2007": 423.0, "tec_f_2007": 27.0, "adm_f_2007": 29.0, "ob_f_2008": 432.0, "tec_f_2008": 7.0, "adm_f_2008": 24.0, "ob_f_2009": 420.0, "tec_f_2009": 8.0, "adm_f_2009": 22.0, "ob_f_2010": 522.0, "tec_f_2010": 5.0, "adm_f_2010": 21.0, "ob_f_2011": 127.0, "tec_f_2011": 10.0, "adm_f_2011": 9.0, "ob_f_2012": 150.0, "tec_f_2012": 3.0, "adm_f_2012": 13.0, "ob_f_2014": 129.0, "tec_f_2014": 7.0, "adm_f_2014": 16.0, "ob_f_2015": 164.0, "tec_f_2015": 21.0, "adm_f_2015": 23.0, "ob_f_2016": 189.0, "tec_f_2016": 23.0, "adm_f_2016": 26.0, "ob_m_2000": 1670.0, "tec_m_2000": 42.0, "adm_m_2000": 58.0, "ob_m_2001": 484.0, "tec_m_2001": 163.0, "adm_m_2001": 58.0, "ob_m_2002": 443.0, "tec_m_2002": 55.0, "adm_m_2002": 93.0, "ob_m_2003": 481.0, "tec_m_2003": 75.0, "adm_m_2003": 99.0, "ob_m_2004": 598.0, "tec_m_2004": 50.0, "adm_m_2004": 49.0, "ob_m_2005": 361.0, "tec_m_2005": 31.0, "adm_m_2005": 19.0, "ob_m_2006": 558.0, "tec_m_2006": 27.0, "adm_m_2006": 33.0, "ob_m_2007": 332.0, "tec_m_2007": 42.0, "adm_m_2007": 22.0, "ob_m_2008": 339.0, "tec_m_2008": 30.0, "adm_m_2008": 28.0, "ob_m_2009": 244.0, "tec_m_2009": 24.0, "adm_m_2009": 17.0, "ob_m_2010": 230.0, "tec_m_2010": 35.0, "adm_m_2010": 17.0, "ob_m_2011": 133.0, "tec_m_2011": 23.0, "adm_m_2011": 14.0, "ob_m_2012": 184.0, "tec_m_2012": 31.0, "adm_m_2012": 11.0, "ob_m_2014": 143.0, "tec_m_2014": 31.0, "adm_m_2014": 8.0, "ob_m_2015": 177.0, "tec_m_2015": 44.0, "adm_m_2015": 13.0, "ob_m_2016": 187.0, "tec_m_2016": 57.0, "adm_m_2016": 11.0, "ent2000": 11.0, "ent2001": 12.0, "ent2002": 13.0, "ent2003": 12.0, "ent2004": 9.0, "ent2005": 9.0, "ent2006": 10.0, "ent2007": 11.0, "ent2008": 12.0, "ent2009": 8.0, "ent2010": 7.0, "ent2011": 6.0, "ent2012": 5.0, "ent2013": 5.0, "ent2014": 4.0, "ent2015": 7.0, "ent2016": 5.0, "ele2000": 7327312.15, "ele2001": 6442176.72, "ele2002": 3066879.32, "ele2003": 4021745.75, "ele2004": 6239029.97, "ele2005": 4453966.57, "ele2006": 17583342.54, "ele2007": 4742077.77, "ele2008": 12673790.84, "ele2009": 5433532.73, "ele2010": 9405248.11, "ele2011": 2141319.84, "ele2012": 1685146.08, "ele2013": 1724470.21, "ele2014": 1549000.0, "ele2015": 3790425.74, "ele2016": 2256.12, "com2000": 0.0, "com2001": 0.0, "com2002": 0.0, "com2003": 2386604.58, "com2004": 2510288.69, "com2005": 2521981.89, "com2006": 6526264.71, "com2007": 3298443.24, "com2008": 2732556.05, "com2009": 2182791.27, "com2010": 2326703.73, "com2011": 2043424.84, "com2012": 2602977.64, "com2013": 2891678.3, "com2014": 2464800.0, "com2015": 3046946.65, "com2016": 3975.91, "inf2000": 761254.39, "inf2001": 119995.0, "inf2002": 593747.0, "inf2003": 415963.68, "inf2004": 942991.0, "inf2005": 297415.31, "inf2006": 2039169.34, "inf2007": 628093.65, "inf2008": 325985.56, "inf2009": 894210.0, "inf2010": 234923.36, "inf2011": 234768.38, "inf2012": 246199.98, "inf2013": 1230642.21, "inf2014": 313222.0, "inf2015": 593079.0, "inf2016": 649.38, "wat2000": 1045561.0, "wat2001": 216586.0, "wat2002": 195260.0, "wat2003": 283300.0, "wat2004": 229300.0, "wat2005": 638501.88, "wat2006": 816580.7, "wat2007": 313017.28, "wat2008": 169362.75, "wat2009": 384904.0, "wat2010": 393809.82, "wat2011": 404017.04, "wat2012": 652060.69, "wat2013": 359600.0, "wat2014": 865000.0, "wat2015": 960588.95, "wat2016": 1454.6, "tss2000": 6555330.14, "tss2001": 4741768.0, "tss2002": 4377994.72, "tss2003": 2457641.0, "tss2004": 1762905.5, "tss2005": 1701630.67, "tss2006": 4013257.62, "tss2007": 9867398.78, "tss2008": 7359112.89, "tss2009": 9994010.75, "tss2010": 8938240.41, "tss2011": 8464688.63, "tss2012": 5319429.44, "tss2013": 9279582.11, "tss2014": 7460893.92, "tss2015": 9009647.35, "tss2016": 12098.4, "buiilt2000": 414600.0, "buiilt2001": 414600.0, "buiilt2002": 414600.0, "buiilt2003": 414600.0, "buiilt2004": 481763.45, "buiilt2005": 481763.45, "buiilt2006": 481763.45, "buiilt2007": 481763.45, "buiilt2008": 507400.04, "buiilt2009": 507400.04, "buiilt2010": 507400.04, "buiilt2011": 507400.04, "buiilt2012": 507400.04, "buiilt2013": 507400.04, "buiilt2014": 507400.04, "buiilt2015": 507400.04, "buiilt2016": 696241.94, "ocu2000": 384301.0, "ocu2001": 384301.0, "ocu2002": 304989.0, "ocu2003": 293967.0, "ocu2004": 391036.87, "ocu2005": 391036.87, "ocu2006": 182217.93, "ocu2007": 194717.0, "ocu2008": 261884.46, "ocu2009": 360574.43, "ocu2010": 360574.43, "ocu2011": 202876.74, "ocu2012": 244154.62, "ocu2013": 301137.97, "ocu2014": 294803.17, "ocu2015": 294803.17, "ocu2016": 483257.17, "sal_op2000": 618.27, "sal_op2001": 667.58, "sal_op2002": 792.27, "sal_op2003": 887.56, "sal_op2004": 924.73, "sal_op2005": 1055.02, "sal_op2006": 1218.5, "sal_op2007": 1308.9, "sal_op2008": 1571.39, "sal_op2009": 1554.41, "sal_op2010": 1834.07, "sal_op2011": 1925.18, "sal_op2012": 1878.28, "sal_op2013": 3620.0, "sal_op2014": 2142.12, "sal_op2015": 2427.38, "sal_op2016": 3100.0, "sal_tec2000": 1282.13, "sal_tec2001": 1616.89, "sal_tec2002": 1129.0, "sal_tec2003": 2383.66, "sal_tec2004": 2402.29, "sal_tec2005": 2159.71, "sal_tec2006": 2625.23, "sal_tec2007": 2728.57, "sal_tec2008": 3048.02, "sal_tec2009": 2986.77, "sal_tec2010": 4000.13, "sal_tec2011": 3777.83, "sal_tec2012": 3486.6, "sal_tec2013": 4615.15, "sal_tec2014": 4664.25, "sal_tec2015": 5675.0, "sal_tec2016": 7300.0 }, "geometry": { "type": "Point", "coordinates": [ -69.81584618, 18.51389836 ] } },
{ "type": "Feature", "properties": { "code": "DOM-HAN", "name": "Hato Nuevo ", "latitude": 18.53692314, "longitude": -70.06254185, "start": 2001.0, "close": 0.0, "type": "public", "sez_id": 33.0, "origin ": 1.0, "inv2000": 0.0, "inv2001": 5500000.0, "inv2002": 5500000.0, "inv2003": 2500000.0, "inv2004": 2750000.0, "inv2005": 1050000.0, "inv2006": 1050000.0, "inv2007": 1568802.79, "inv2008": 16168567.63, "inv2009": 14974244.52, "inv2010": 16721603.52, "inv2011": 18372661.8, "inv2012": 18962933.17, "inv2013": 20061888.25, "inv2014": 19516688.6, "inv2015": 31710575.8, "inv2016": 25844201.88, "ob_f_2000": 0.0, "tec_f_2000": 0.0, "adm_f_2000": 0.0, "ob_f_2001": 137.0, "tec_f_2001": 16.0, "adm_f_2001": 5.0, "ob_f_2002": 194.0, "tec_f_2002": 14.0, "adm_f_2002": 5.0, "ob_f_2003": 192.0, "tec_f_2003": 17.0, "adm_f_2003": 7.0, "ob_f_2004": 216.0, "tec_f_2004": 18.0, "adm_f_2004": 12.0, "ob_f_2005": 204.0, "tec_f_2005": 27.0, "adm_f_2005": 15.0, "ob_f_2006": 116.0, "tec_f_2006": 25.0, "adm_f_2006": 6.0, "ob_f_2007": 28.0, "tec_f_2007": 2.0, "adm_f_2007": 11.0, "ob_f_2008": 35.0, "tec_f_2008": 3.0, "adm_f_2008": 12.0, "ob_f_2009": 33.0, "tec_f_2009": 3.0, "adm_f_2009": 8.0, "ob_f_2010": 57.0, "tec_f_2010": 7.0, "adm_f_2010": 12.0, "ob_f_2011": 19.0, "tec_f_2011": 37.0, "adm_f_2011": 17.0, "ob_f_2012": 12.0, "tec_f_2012": 10.0, "adm_f_2012": 16.0, "ob_f_2014": 46.0, "tec_f_2014": 9.0, "adm_f_2014": 25.0, "ob_f_2015": 49.0, "tec_f_2015": 5.0, "adm_f_2015": 31.0, "ob_f_2016": 36.0, "tec_f_2016": 8.0, "adm_f_2016": 33.0, "ob_m_2000": 0.0, "tec_m_2000": 0.0, "adm_m_2000": 0.0, "ob_m_2001": 137.0, "tec_m_2001": 16.0, "adm_m_2001": 5.0, "ob_m_2002": 105.0, "tec_m_2002": 10.0, "adm_m_2002": 4.0, "ob_m_2003": 303.0, "tec_m_2003": 5.0, "adm_m_2003": 5.0, "ob_m_2004": 466.0, "tec_m_2004": 24.0, "adm_m_2004": 6.0, "ob_m_2005": 146.0, "tec_m_2005": 17.0, "adm_m_2005": 3.0, "ob_m_2006": 88.0, "tec_m_2006": 16.0, "adm_m_2006": 5.0, "ob_m_2007": 34.0, "tec_m_2007": 5.0, "adm_m_2007": 4.0, "ob_m_2008": 20.0, "tec_m_2008": 9.0, "adm_m_2008": 8.0, "ob_m_2009": 19.0, "tec_m_2009": 9.0, "adm_m_2009": 7.0, "ob_m_2010": 45.0, "tec_m_2010": 13.0, "adm_m_2010": 10.0, "ob_m_2011": 42.0, "tec_m_2011": 15.0, "adm_m_2011": 9.0, "ob_m_2012": 41.0, "tec_m_2012": 21.0, "adm_m_2012": 12.0, "ob_m_2014": 104.0, "tec_m_2014": 22.0, "adm_m_2014": 30.0, "ob_m_2015": 72.0, "tec_m_2015": 20.0, "adm_m_2015": 31.0, "ob_m_2016": 67.0, "tec_m_2016": 21.0, "adm_m_2016": 35.0, "ent2000": 0.0, "ent2001": 1.0, "ent2002": 2.0, "ent2003": 2.0, "ent2004": 2.0, "ent2005": 2.0, "ent2006": 2.0, "ent2007": 3.0, "ent2008": 3.0, "ent2009": 4.0, "ent2010": 5.0, "ent2011": 5.0, "ent2012": 5.0, "ent2013": 5.0, "ent2014": 5.0, "ent2015": 5.0, "ent2016": 5.0, "ele2000": 0.0, "ele2001": 0.0, "ele2002": 116161.0, "ele2003": 120170.0, "ele2004": 0.0, "ele2005": 0.0, "ele2006": 637287.54, "ele2007": 155154.69, "ele2008": 2082907.03, "ele2009": 939754.48, "ele2010": 2424512.99, "ele2011": 2862853.03, "ele2012": 4245553.6, "ele2013": 696404.56, "ele2014": 3825404.56, "ele2015": 5428204.55, "ele2016": 4381.42, "com2000": 0.0, "com2001": 0.0, "com2002": 0.0, "com2003": 501782.0, "com2004": 951456.0, "com2005": 1320500.0, "com2006": 396921.83, "com2007": 508099.03, "com2008": 545186.8, "com2009": 1009185.24, "com2010": 1441265.05, "com2011": 1176226.24, "com2012": 1735756.37, "com2013": 1530037.86, "com2014": 3068764.0, "com2015": 5631280.68, "com2016": 2728.03, "inf2000": 0.0, "inf2001": 0.0, "inf2002": 38047.0, "inf2003": 271119.0, "inf2004": 368472.0, "inf2005": 504545.0, "inf2006": 117052.9, "inf2007": 30655.81, "inf2008": 39935.82, "inf2009": 75963.0, "inf2010": 94978.0, "inf2011": 659869.44, "inf2012": 231136.22, "inf2013": 249128.46, "inf2014": 409209.2, "inf2015": 639205.8, "inf2016": 604.91, "wat2000": 0.0, "wat2001": 0.0, "wat2002": 0.0, "wat2003": 0.0, "wat2004": 0.0, "wat2005": 0.0, "wat2006": 20824.8, "wat2007": 23301.6, "wat2008": 0.0, "wat2009": 0.0, "wat2010": 0.0, "wat2011": 0.0, "wat2012": 12604.8, "wat2013": 27114.64, "wat2014": 1181744.0, "wat2015": 155120.0, "wat2016": 2.0, "tss2000": 0.0, "tss2001": 26000.0, "tss2002": 136327.0, "tss2003": 1056703.0, "tss2004": 990426.23, "tss2005": 1603910.0, "tss2006": 528104.91, "tss2007": 320032.51, "tss2008": 1386102.35, "tss2009": 1518011.28, "tss2010": 2271884.71, "tss2011": 3391599.58, "tss2012": 4528433.46, "tss2013": 5672992.11, "tss2014": 8605677.56, "tss2015": 11447627.44, "tss2016": 11054.81, "buiilt2000": 0.0, "buiilt2001": 132166.0, "buiilt2002": 132166.0, "buiilt2003": 144147.0, "buiilt2004": 133726.0, "buiilt2005": 133726.0, "buiilt2006": 149419.0, "buiilt2007": 149419.0, "buiilt2008": 149419.0, "buiilt2009": 149419.0, "buiilt2010": 149419.0, "buiilt2011": 149919.0, "buiilt2012": 149919.0, "buiilt2013": 156895.13, "buiilt2014": 156085.13, "buiilt2015": 168360.39, "buiilt2016": 165292.0, "ocu2000": 0.0, "ocu2001": 132166.0, "ocu2002": 132166.0, "ocu2003": 117987.0, "ocu2004": 133726.0, "ocu2005": 133726.0, "ocu2006": 149419.0, "ocu2007": 149419.0, "ocu2008": 149419.0, "ocu2009": 149419.0, "ocu2010": 149419.0, "ocu2011": 149919.0, "ocu2012": 136972.59, "ocu2013": 136635.07, "ocu2014": 152376.03, "ocu2015": 168360.39, "ocu2016": 165292.0, "sal_op2000": 0.0, "sal_op2001": 1000.0, "sal_op2002": 577.0, "sal_op2003": 973.85, "sal_op2004": 1073.4, "sal_op2005": 1223.4, "sal_op2006": 1270.8, "sal_op2007": 1422.19, "sal_op2008": 1869.45, "sal_op2009": 1736.16, "sal_op2010": 1833.42, "sal_op2011": 2459.43, "sal_op2012": 2573.63, "sal_op2013": 2936.27, "sal_op2014": 3030.05, "sal_op2015": 3171.2, "sal_op2016": 3712.5, "sal_tec2000": 0.0, "sal_tec2001": 2500.0, "sal_tec2002": 1813.5, "sal_tec2003": 2750.0, "sal_tec2004": 3000.0, "sal_tec2005": 3500.0, "sal_tec2006": 2350.0, "sal_tec2007": 3400.0, "sal_tec2008": 3000.0, "sal_tec2009": 2989.32, "sal_tec2010": 3770.4, "sal_tec2011": 4212.5, "sal_tec2012": 4841.15, "sal_tec2013": 5901.16, "sal_tec2014": 5442.5, "sal_tec2015": 4851.33, "sal_tec2016": 5866.67 }, "geometry": { "type": "Point", "coordinates": [ -70.06254185, 18.53692314 ] } },
{ "type": "Feature", "properties": { "code": "DOM-HAT", "name": "Hato Mayor ", "latitude": 18.76258519, "longitude": -69.26597733, "start": 1990.0, "close": 0.0, "type": "public", "sez_id": 34.0, "origin ": 1.0, "inv2000": 2376975.0, "inv2001": 2081975.0, "inv2002": 1351975.0, "inv2003": 1141975.0, "inv2004": 1141975.0, "inv2005": 1241975.0, "inv2006": 1301975.0, "inv2007": 600000.0, "inv2008": 480000.0, "inv2009": 0.0, "inv2010": 0.0, "inv2011": 350000.0, "inv2012": 3501456.0, "inv2013": 1141975.0, "inv2014": 1201975.0, "inv2015": 1401975.0, "inv2016": 1237451.0, "ob_f_2000": 309.0, "tec_f_2000": 8.0, "adm_f_2000": 6.0, "ob_f_2001": 454.0, "tec_f_2001": 1.0, "adm_f_2001": 3.0, "ob_f_2002": 237.0, "tec_f_2002": 3.0, "adm_f_2002": 3.0, "ob_f_2003": 247.0, "tec_f_2003": 3.0, "adm_f_2003": 4.0, "ob_f_2004": 267.0, "tec_f_2004": 6.0, "adm_f_2004": 5.0, "ob_f_2005": 330.0, "tec_f_2005": 5.0, "adm_f_2005": 6.0, "ob_f_2006": 590.0, "tec_f_2006": 4.0, "adm_f_2006": 8.0, "ob_f_2007": 519.0, "tec_f_2007": 15.0, "adm_f_2007": 7.0, "ob_f_2008": 280.0, "tec_f_2008": 7.0, "adm_f_2008": 6.0, "ob_f_2009": 0.0, "tec_f_2009": 0.0, "adm_f_2009": 0.0, "ob_f_2010": 0.0, "tec_f_2010": 0.0, "adm_f_2010": 0.0, "ob_f_2011": 58.0, "tec_f_2011": 2.0, "adm_f_2011": 2.0, "ob_f_2012": 159.0, "tec_f_2012": 6.0, "adm_f_2012": 5.0, "ob_f_2014": 120.0, "tec_f_2014": 12.0, "adm_f_2014": 7.0, "ob_f_2015": 119.0, "tec_f_2015": 11.0, "adm_f_2015": 7.0, "ob_f_2016": 144.0, "tec_f_2016": 22.0, "adm_f_2016": 9.0, "ob_m_2000": 166.0, "tec_m_2000": 17.0, "adm_m_2000": 12.0, "ob_m_2001": 228.0, "tec_m_2001": 12.0, "adm_m_2001": 6.0, "ob_m_2002": 110.0, "tec_m_2002": 14.0, "adm_m_2002": 9.0, "ob_m_2003": 98.0, "tec_m_2003": 14.0, "adm_m_2003": 2.0, "ob_m_2004": 94.0, "tec_m_2004": 14.0, "adm_m_2004": 2.0, "ob_m_2005": 118.0, "tec_m_2005": 17.0, "adm_m_2005": 4.0, "ob_m_2006": 157.0, "tec_m_2006": 6.0, "adm_m_2006": 2.0, "ob_m_2007": 131.0, "tec_m_2007": 32.0, "adm_m_2007": 3.0, "ob_m_2008": 53.0, "tec_m_2008": 12.0, "adm_m_2008": 2.0, "ob_m_2009": 0.0, "tec_m_2009": 0.0, "adm_m_2009": 0.0, "ob_m_2010": 0.0, "tec_m_2010": 0.0, "adm_m_2010": 0.0, "ob_m_2011": 20.0, "tec_m_2011": 1.0, "adm_m_2011": 1.0, "ob_m_2012": 65.0, "tec_m_2012": 8.0, "adm_m_2012": 0.0, "ob_m_2014": 51.0, "tec_m_2014": 10.0, "adm_m_2014": 2.0, "ob_m_2015": 51.0, "tec_m_2015": 10.0, "adm_m_2015": 2.0, "ob_m_2016": 55.0, "tec_m_2016": 10.0, "adm_m_2016": 2.0, "ent2000": 3.0, "ent2001": 2.0, "ent2002": 1.0, "ent2003": 1.0, "ent2004": 1.0, "ent2005": 2.0, "ent2006": 2.0, "ent2007": 2.0, "ent2008": 2.0, "ent2009": 0.0, "ent2010": 0.0, "ent2011": 1.0, "ent2012": 1.0, "ent2013": 1.0, "ent2014": 1.0, "ent2015": 1.0, "ent2016": 1.0, "ele2000": 0.0, "ele2001": 191325.4, "ele2002": 317265.07, "ele2003": 689937.68, "ele2004": 1033823.0, "ele2005": 1156172.85, "ele2006": 11411760.55, "ele2007": 1550157.69, "ele2008": 1373647.19, "ele2009": 0.0, "ele2010": 0.0, "ele2011": 1205000.0, "ele2012": 1488861.54, "ele2013": 1362799.0, "ele2014": 2015763.11, "ele2015": 2316299.2, "ele2016": 1820.91, "com2000": 0.0, "com2001": 0.0, "com2002": 0.0, "com2003": 185789.93, "com2004": 168289.0, "com2005": 432544.17, "com2006": 3439481.18, "com2007": 951364.95, "com2008": 287485.56, "com2009": 0.0, "com2010": 0.0, "com2011": 40500.0, "com2012": 92270.16, "com2013": 100173.0, "com2014": 242151.71, "com2015": 242151.71, "com2016": 392.56, "inf2000": 0.0, "inf2001": 66213.43, "inf2002": 134091.69, "inf2003": 109119.16, "inf2004": 141385.0, "inf2005": 192756.89, "inf2006": 373877.66, "inf2007": 269957.19, "inf2008": 296327.15, "inf2009": 0.0, "inf2010": 0.0, "inf2011": 64400.0, "inf2012": 64105.0, "inf2013": 116052.0, "inf2014": 213042.0, "inf2015": 213042.0, "inf2016": 200.24, "wat2000": 0.0, "wat2001": 53991.0, "wat2002": 84186.0, "wat2003": 41257.5, "wat2004": 37290.0, "wat2005": 372130.0, "wat2006": 382275.84, "wat2007": 167537.0, "wat2008": 26746.2, "wat2009": 0.0, "wat2010": 0.0, "wat2011": 30000.0, "wat2012": 44076.0, "wat2013": 45932.4, "wat2014": 45932.4, "wat2015": 45932.4, "wat2016": 34.2, "tss2000": 0.0, "tss2001": 1464406.36, "tss2002": 393885.86, "tss2003": 680984.38, "tss2004": 5143272.0, "tss2005": 730462.7, "tss2006": 1738237.94, "tss2007": 5178699.49, "tss2008": 13329847.85, "tss2009": 5091840.89, "tss2010": 0.0, "tss2011": 1308828.94, "tss2012": 2074890.22, "tss2013": 6140043.1, "tss2014": 0.0, "tss2015": 0.0, "tss2016": 6035.39, "buiilt2000": 82000.0, "buiilt2001": 68033.0, "buiilt2002": 68033.0, "buiilt2003": 51846.0, "buiilt2004": 68034.0, "buiilt2005": 55019.0, "buiilt2006": 55019.0, "buiilt2007": 55019.0, "buiilt2008": 55019.0, "buiilt2009": 0.0, "buiilt2010": 0.0, "buiilt2011": 55019.0, "buiilt2012": 55019.0, "buiilt2013": 711387.96, "buiilt2014": 88375.65, "buiilt2015": 88375.65, "buiilt2016": 61688.68, "ocu2000": 66097.0, "ocu2001": 54436.0, "ocu2002": 39581.0, "ocu2003": 39500.0, "ocu2004": 55019.0, "ocu2005": 55019.0, "ocu2006": 55019.0, "ocu2007": 55019.0, "ocu2008": 27510.0, "ocu2009": 0.0, "ocu2010": 0.0, "ocu2011": 55019.0, "ocu2012": 39581.4, "ocu2013": 711387.96, "ocu2014": 79397.6, "ocu2015": 79397.6, "ocu2016": 61688.68, "sal_op2000": 587.33, "sal_op2001": 700.0, "sal_op2002": 822.0, "sal_op2003": 750.0, "sal_op2004": 821.4, "sal_op2005": 1039.44, "sal_op2006": 1122.0, "sal_op2007": 1131.5, "sal_op2008": 1144.0, "sal_op2009": 0.0, "sal_op2010": 0.0, "sal_op2011": 1063.0, "sal_op2012": 1500.0, "sal_op2013": 1665.0, "sal_op2014": 1666.0, "sal_op2015": 1666.0, "sal_op2016": 1916.0, "sal_tec2000": 1700.0, "sal_tec2001": 3250.0, "sal_tec2002": 1395.0, "sal_tec2003": 2000.0, "sal_tec2004": 2100.0, "sal_tec2005": 2500.0, "sal_tec2006": 3500.0, "sal_tec2007": 3500.0, "sal_tec2008": 3500.0, "sal_tec2009": 0.0, "sal_tec2010": 0.0, "sal_tec2011": 2800.0, "sal_tec2012": 3300.0, "sal_tec2013": 3800.0, "sal_tec2014": 5000.0, "sal_tec2015": 5000.0, "sal_tec2016": 5000.0 }, "geometry": { "type": "Point", "coordinates": [ -69.26597733, 18.76258519 ] } },
{ "type": "Feature", "properties": { "code": "DOM-HER", "name": "Parque Z.F. Tecnologica de Herrera ", "latitude": 18.44047267, "longitude": -69.9817525, "start": 2013.0, "close": 0.0, "type": "private", "sez_id": 35.0, "origin ": 1.0, "inv2000": 0.0, "inv2001": 0.0, "inv2002": 0.0, "inv2003": 0.0, "inv2004": 0.0, "inv2005": 0.0, "inv2006": 0.0, "inv2007": 0.0, "inv2008": 0.0, "inv2009": 0.0, "inv2010": 0.0, "inv2011": 0.0, "inv2012": 0.0, "inv2013": 1553488.63, "inv2014": 1467025.0, "inv2015": 3385283.6, "inv2016": 3480183.61, "ob_f_2000": 0.0, "tec_f_2000": 0.0, "adm_f_2000": 0.0, "ob_f_2001": 0.0, "tec_f_2001": 0.0, "adm_f_2001": 0.0, "ob_f_2002": 0.0, "tec_f_2002": 0.0, "adm_f_2002": 0.0, "ob_f_2003": 0.0, "tec_f_2003": 0.0, "adm_f_2003": 0.0, "ob_f_2004": 0.0, "tec_f_2004": 0.0, "adm_f_2004": 0.0, "ob_f_2005": 0.0, "tec_f_2005": 0.0, "adm_f_2005": 0.0, "ob_f_2006": 0.0, "tec_f_2006": 0.0, "adm_f_2006": 0.0, "ob_f_2007": 0.0, "tec_f_2007": 0.0, "adm_f_2007": 0.0, "ob_f_2008": 0.0, "tec_f_2008": 0.0, "adm_f_2008": 0.0, "ob_f_2009": 0.0, "tec_f_2009": 0.0, "adm_f_2009": 0.0, "ob_f_2010": 0.0, "tec_f_2010": 0.0, "adm_f_2010": 0.0, "ob_f_2011": 0.0, "tec_f_2011": 0.0, "adm_f_2011": 0.0, "ob_f_2012": 0.0, "tec_f_2012": 0.0, "adm_f_2012": 0.0, "ob_f_2014": 0.0, "tec_f_2014": 230.0, "adm_f_2014": 11.0, "ob_f_2015": 0.0, "tec_f_2015": 227.0, "adm_f_2015": 12.0, "ob_f_2016": 0.0, "tec_f_2016": 184.0, "adm_f_2016": 11.0, "ob_m_2000": 0.0, "tec_m_2000": 0.0, "adm_m_2000": 0.0, "ob_m_2001": 0.0, "tec_m_2001": 0.0, "adm_m_2001": 0.0, "ob_m_2002": 0.0, "tec_m_2002": 0.0, "adm_m_2002": 0.0, "ob_m_2003": 0.0, "tec_m_2003": 0.0, "adm_m_2003": 0.0, "ob_m_2004": 0.0, "tec_m_2004": 0.0, "adm_m_2004": 0.0, "ob_m_2005": 0.0, "tec_m_2005": 0.0, "adm_m_2005": 0.0, "ob_m_2006": 0.0, "tec_m_2006": 0.0, "adm_m_2006": 0.0, "ob_m_2007": 0.0, "tec_m_2007": 0.0, "adm_m_2007": 0.0, "ob_m_2008": 0.0, "tec_m_2008": 0.0, "adm_m_2008": 0.0, "ob_m_2009": 0.0, "tec_m_2009": 0.0, "adm_m_2009": 0.0, "ob_m_2010": 0.0, "tec_m_2010": 0.0, "adm_m_2010": 0.0, "ob_m_2011": 0.0, "tec_m_2011": 0.0, "adm_m_2011": 0.0, "ob_m_2012": 0.0, "tec_m_2012": 0.0, "adm_m_2012": 0.0, "ob_m_2014": 0.0, "tec_m_2014": 270.0, "adm_m_2014": 15.0, "ob_m_2015": 0.0, "tec_m_2015": 240.0, "adm_m_2015": 17.0, "ob_m_2016": 0.0, "tec_m_2016": 240.0, "adm_m_2016": 12.0, "ent2000": 0.0, "ent2001": 0.0, "ent2002": 0.0, "ent2003": 0.0, "ent2004": 0.0, "ent2005": 0.0, "ent2006": 0.0, "ent2007": 0.0, "ent2008": 0.0, "ent2009": 0.0, "ent2010": 0.0, "ent2011": 0.0, "ent2012": 0.0, "ent2013": 1.0, "ent2014": 1.0, "ent2015": 2.0, "ent2016": 2.0, "ele2000": 0.0, "ele2001": 0.0, "ele2002": 0.0, "ele2003": 0.0, "ele2004": 0.0, "ele2005": 0.0, "ele2006": 0.0, "ele2007": 0.0, "ele2008": 0.0, "ele2009": 0.0, "ele2010": 0.0, "ele2011": 0.0, "ele2012": 0.0, "ele2013": 2010114.41, "ele2014": 6210003.0, "ele2015": 0.0, "ele2016": 15759.18, "com2000": 0.0, "com2001": 0.0, "com2002": 0.0, "com2003": 0.0, "com2004": 0.0, "com2005": 0.0, "com2006": 0.0, "com2007": 0.0, "com2008": 0.0, "com2009": 0.0, "com2010": 0.0, "com2011": 0.0, "com2012": 0.0, "com2013": 292656.78, "com2014": 18041328.0, "com2015": 0.0, "com2016": 23008.99, "inf2000": 0.0, "inf2001": 0.0, "inf2002": 0.0, "inf2003": 0.0, "inf2004": 0.0, "inf2005": 0.0, "inf2006": 0.0, "inf2007": 0.0, "inf2008": 0.0, "inf2009": 0.0, "inf2010": 0.0, "inf2011": 0.0, "inf2012": 0.0, "inf2013": 42635.67, "inf2014": 2002214.0, "inf2015": 6753.0, "inf2016": 1773.95, "wat2000": 0.0, "wat2001": 0.0, "wat2002": 0.0, "wat2003": 0.0, "wat2004": 0.0, "wat2005": 0.0, "wat2006": 0.0, "wat2007": 0.0, "wat2008": 0.0, "wat2009": 0.0, "wat2010": 0.0, "wat2011": 0.0, "wat2012": 0.0, "wat2013": 5512.74, "wat2014": 0.0, "wat2015": 0.0, "wat2016": 574.88, "tss2000": 0.0, "tss2001": 0.0, "tss2002": 0.0, "tss2003": 0.0, "tss2004": 0.0, "tss2005": 0.0, "tss2006": 0.0, "tss2007": 0.0, "tss2008": 0.0, "tss2009": 0.0, "tss2010": 0.0, "tss2011": 0.0, "tss2012": 0.0, "tss2013": 0.0, "tss2014": 0.0, "tss2015": 162235.57, "tss2016": 28767.46, "buiilt2000": 0.0, "buiilt2001": 0.0, "buiilt2002": 0.0, "buiilt2003": 0.0, "buiilt2004": 0.0, "buiilt2005": 0.0, "buiilt2006": 0.0, "buiilt2007": 0.0, "buiilt2008": 0.0, "buiilt2009": 0.0, "buiilt2010": 0.0, "buiilt2011": 0.0, "buiilt2012": 0.0, "buiilt2013": 23698.25, "buiilt2014": 23698.25, "buiilt2015": 23698.25, "buiilt2016": 23698.25, "ocu2000": 0.0, "ocu2001": 0.0, "ocu2002": 0.0, "ocu2003": 0.0, "ocu2004": 0.0, "ocu2005": 0.0, "ocu2006": 0.0, "ocu2007": 0.0, "ocu2008": 0.0, "ocu2009": 0.0, "ocu2010": 0.0, "ocu2011": 0.0, "ocu2012": 0.0, "ocu2013": 23698.25, "ocu2014": 23698.25, "ocu2015": 23698.25, "ocu2016": 23698.25, "sal_op2000": 0.0, "sal_op2001": 0.0, "sal_op2002": 0.0, "sal_op2003": 0.0, "sal_op2004": 0.0, "sal_op2005": 0.0, "sal_op2006": 0.0, "sal_op2007": 0.0, "sal_op2008": 0.0, "sal_op2009": 0.0, "sal_op2010": 0.0, "sal_op2011": 0.0, "sal_op2012": 0.0, "sal_op2013": 2800.0, "sal_op2014": 0.0, "sal_op2015": 0.0, "sal_op2016": 0.0, "sal_tec2000": 0.0, "sal_tec2001": 0.0, "sal_tec2002": 0.0, "sal_tec2003": 0.0, "sal_tec2004": 0.0, "sal_tec2005": 0.0, "sal_tec2006": 0.0, "sal_tec2007": 0.0, "sal_tec2008": 0.0, "sal_tec2009": 0.0, "sal_tec2010": 0.0, "sal_tec2011": 0.0, "sal_tec2012": 0.0, "sal_tec2013": 3500.0, "sal_tec2014": 477.0, "sal_tec2015": 6873.76, "sal_tec2016": 6885.26 }, "geometry": { "type": "Point", "coordinates": [ -69.9817525, 18.44047267 ] } },
{ "type": "Feature", "properties": { "code": "DOM-HIP", "name": "La Herradura Industrial Park  ", "latitude": 19.45074236, "longitude": -70.74300157, "start": 2015.0, "close": 0.0, "type": "private", "sez_id": 37.0, "origin ": 1.0, "inv2000": 0.0, "inv2001": 0.0, "inv2002": 0.0, "inv2003": 0.0, "inv2004": 0.0, "inv2005": 0.0, "inv2006": 0.0, "inv2007": 0.0, "inv2008": 0.0, "inv2009": 0.0, "inv2010": 0.0, "inv2011": 0.0, "inv2012": 0.0, "inv2013": 0.0, "inv2014": 0.0, "inv2015": 3009858.1, "inv2016": 3009858.14, "ob_f_2000": 0.0, "tec_f_2000": 0.0, "adm_f_2000": 0.0, "ob_f_2001": 0.0, "tec_f_2001": 0.0, "adm_f_2001": 0.0, "ob_f_2002": 0.0, "tec_f_2002": 0.0, "adm_f_2002": 0.0, "ob_f_2003": 0.0, "tec_f_2003": 0.0, "adm_f_2003": 0.0, "ob_f_2004": 0.0, "tec_f_2004": 0.0, "adm_f_2004": 0.0, "ob_f_2005": 0.0, "tec_f_2005": 0.0, "adm_f_2005": 0.0, "ob_f_2006": 0.0, "tec_f_2006": 0.0, "adm_f_2006": 0.0, "ob_f_2007": 0.0, "tec_f_2007": 0.0, "adm_f_2007": 0.0, "ob_f_2008": 0.0, "tec_f_2008": 0.0, "adm_f_2008": 0.0, "ob_f_2009": 0.0, "tec_f_2009": 0.0, "adm_f_2009": 0.0, "ob_f_2010": 0.0, "tec_f_2010": 0.0, "adm_f_2010": 0.0, "ob_f_2011": 0.0, "tec_f_2011": 0.0, "adm_f_2011": 0.0, "ob_f_2012": 0.0, "tec_f_2012": 0.0, "adm_f_2012": 0.0, "ob_f_2014": 0.0, "tec_f_2014": 0.0, "adm_f_2014": 0.0, "ob_f_2015": 1.0, "tec_f_2015": 2.0, "adm_f_2015": 0.0, "ob_f_2016": 0.0, "tec_f_2016": 1.0, "adm_f_2016": 0.0, "ob_m_2000": 0.0, "tec_m_2000": 0.0, "adm_m_2000": 0.0, "ob_m_2001": 0.0, "tec_m_2001": 0.0, "adm_m_2001": 0.0, "ob_m_2002": 0.0, "tec_m_2002": 0.0, "adm_m_2002": 0.0, "ob_m_2003": 0.0, "tec_m_2003": 0.0, "adm_m_2003": 0.0, "ob_m_2004": 0.0, "tec_m_2004": 0.0, "adm_m_2004": 0.0, "ob_m_2005": 0.0, "tec_m_2005": 0.0, "adm_m_2005": 0.0, "ob_m_2006": 0.0, "tec_m_2006": 0.0, "adm_m_2006": 0.0, "ob_m_2007": 0.0, "tec_m_2007": 0.0, "adm_m_2007": 0.0, "ob_m_2008": 0.0, "tec_m_2008": 0.0, "adm_m_2008": 0.0, "ob_m_2009": 0.0, "tec_m_2009": 0.0, "adm_m_2009": 0.0, "ob_m_2010": 0.0, "tec_m_2010": 0.0, "adm_m_2010": 0.0, "ob_m_2011": 0.0, "tec_m_2011": 0.0, "adm_m_2011": 0.0, "ob_m_2012": 0.0, "tec_m_2012": 0.0, "adm_m_2012": 0.0, "ob_m_2014": 0.0, "tec_m_2014": 0.0, "adm_m_2014": 0.0, "ob_m_2015": 15.0, "tec_m_2015": 3.0, "adm_m_2015": 2.0, "ob_m_2016": 11.0, "tec_m_2016": 1.0, "adm_m_2016": 1.0, "ent2000": 0.0, "ent2001": 0.0, "ent2002": 0.0, "ent2003": 0.0, "ent2004": 0.0, "ent2005": 0.0, "ent2006": 0.0, "ent2007": 0.0, "ent2008": 0.0, "ent2009": 0.0, "ent2010": 0.0, "ent2011": 0.0, "ent2012": 0.0, "ent2013": 0.0, "ent2014": 0.0, "ent2015": 1.0, "ent2016": 1.0, "ele2000": 0.0, "ele2001": 0.0, "ele2002": 0.0, "ele2003": 0.0, "ele2004": 0.0, "ele2005": 0.0, "ele2006": 0.0, "ele2007": 0.0, "ele2008": 0.0, "ele2009": 0.0, "ele2010": 0.0, "ele2011": 0.0, "ele2012": 0.0, "ele2013": 0.0, "ele2014": 0.0, "ele2015": 2400000.0, "ele2016": 2600.0, "com2000": 0.0, "com2001": 0.0, "com2002": 0.0, "com2003": 0.0, "com2004": 0.0, "com2005": 0.0, "com2006": 0.0, "com2007": 0.0, "com2008": 0.0, "com2009": 0.0, "com2010": 0.0, "com2011": 0.0, "com2012": 0.0, "com2013": 0.0, "com2014": 0.0, "com2015": 42000.0, "com2016": 46.5, "inf2000": 0.0, "inf2001": 0.0, "inf2002": 0.0, "inf2003": 0.0, "inf2004": 0.0, "inf2005": 0.0, "inf2006": 0.0, "inf2007": 0.0, "inf2008": 0.0, "inf2009": 0.0, "inf2010": 0.0, "inf2011": 0.0, "inf2012": 0.0, "inf2013": 0.0, "inf2014": 0.0, "inf2015": 14282.0, "inf2016": 21.72, "wat2000": 0.0, "wat2001": 0.0, "wat2002": 0.0, "wat2003": 0.0, "wat2004": 0.0, "wat2005": 0.0, "wat2006": 0.0, "wat2007": 0.0, "wat2008": 0.0, "wat2009": 0.0, "wat2010": 0.0, "wat2011": 0.0, "wat2012": 0.0, "wat2013": 0.0, "wat2014": 0.0, "wat2015": 60000.0, "wat2016": 70.0, "tss2000": 0.0, "tss2001": 0.0, "tss2002": 0.0, "tss2003": 0.0, "tss2004": 0.0, "tss2005": 0.0, "tss2006": 0.0, "tss2007": 0.0, "tss2008": 0.0, "tss2009": 0.0, "tss2010": 0.0, "tss2011": 0.0, "tss2012": 0.0, "tss2013": 0.0, "tss2014": 0.0, "tss2015": 320930.14, "tss2016": 492.63, "buiilt2000": 0.0, "buiilt2001": 0.0, "buiilt2002": 0.0, "buiilt2003": 0.0, "buiilt2004": 0.0, "buiilt2005": 0.0, "buiilt2006": 0.0, "buiilt2007": 0.0, "buiilt2008": 0.0, "buiilt2009": 0.0, "buiilt2010": 0.0, "buiilt2011": 0.0, "buiilt2012": 0.0, "buiilt2013": 0.0, "buiilt2014": 0.0, "buiilt2015": 120000.0, "buiilt2016": 120000.0, "ocu2000": 0.0, "ocu2001": 0.0, "ocu2002": 0.0, "ocu2003": 0.0, "ocu2004": 0.0, "ocu2005": 0.0, "ocu2006": 0.0, "ocu2007": 0.0, "ocu2008": 0.0, "ocu2009": 0.0, "ocu2010": 0.0, "ocu2011": 0.0, "ocu2012": 0.0, "ocu2013": 0.0, "ocu2014": 0.0, "ocu2015": 120000.0, "ocu2016": 120000.0, "sal_op2000": 0.0, "sal_op2001": 0.0, "sal_op2002": 0.0, "sal_op2003": 0.0, "sal_op2004": 0.0, "sal_op2005": 0.0, "sal_op2006": 0.0, "sal_op2007": 0.0, "sal_op2008": 0.0, "sal_op2009": 0.0, "sal_op2010": 0.0, "sal_op2011": 0.0, "sal_op2012": 0.0, "sal_op2013": 0.0, "sal_op2014": 0.0, "sal_op2015": 3475.0, "sal_op2016": 2475.0, "sal_tec2000": 0.0, "sal_tec2001": 0.0, "sal_tec2002": 0.0, "sal_tec2003": 0.0, "sal_tec2004": 0.0, "sal_tec2005": 0.0, "sal_tec2006": 0.0, "sal_tec2007": 0.0, "sal_tec2008": 0.0, "sal_tec2009": 0.0, "sal_tec2010": 0.0, "sal_tec2011": 0.0, "sal_tec2012": 0.0, "sal_tec2013": 0.0, "sal_tec2014": 0.0, "sal_tec2015": 3375.0, "sal_tec2016": 3375.0 }, "geometry": { "type": "Point", "coordinates": [ -70.74300157, 19.45074236 ] } },
{ "type": "Feature", "properties": { "code": "DOM-HIS", "name": "La Hispaniola  ", "latitude": 18.92390206, "longitude": -70.40485331, "start": 2005.0, "close": 0.0, "type": "private", "sez_id": 38.0, "origin ": 1.0, "inv2000": 0.0, "inv2001": 0.0, "inv2002": 0.0, "inv2003": 0.0, "inv2004": 0.0, "inv2005": 1599051.22, "inv2006": 2000000.0, "inv2007": 1200000.0, "inv2008": 3679944.94, "inv2009": 3679944.94, "inv2010": 3500000.0, "inv2011": 2968677.0, "inv2012": 2828048.7, "inv2013": 3545762.3, "inv2014": 3605100.0, "inv2015": 4065900.0, "inv2016": 4930475.0, "ob_f_2000": 0.0, "tec_f_2000": 0.0, "adm_f_2000": 0.0, "ob_f_2001": 0.0, "tec_f_2001": 0.0, "adm_f_2001": 0.0, "ob_f_2002": 0.0, "tec_f_2002": 0.0, "adm_f_2002": 0.0, "ob_f_2003": 0.0, "tec_f_2003": 0.0, "adm_f_2003": 0.0, "ob_f_2004": 0.0, "tec_f_2004": 0.0, "adm_f_2004": 0.0, "ob_f_2005": 5.0, "tec_f_2005": 1.0, "adm_f_2005": 3.0, "ob_f_2006": 10.0, "tec_f_2006": 0.0, "adm_f_2006": 0.0, "ob_f_2007": 3.0, "tec_f_2007": 0.0, "adm_f_2007": 0.0, "ob_f_2008": 8.0, "tec_f_2008": 1.0, "adm_f_2008": 1.0, "ob_f_2009": 6.0, "tec_f_2009": 3.0, "adm_f_2009": 1.0, "ob_f_2010": 3.0, "tec_f_2010": 0.0, "adm_f_2010": 3.0, "ob_f_2011": 3.0, "tec_f_2011": 2.0, "adm_f_2011": 1.0, "ob_f_2012": 0.0, "tec_f_2012": 0.0, "adm_f_2012": 1.0, "ob_f_2014": 3.0, "tec_f_2014": 0.0, "adm_f_2014": 2.0, "ob_f_2015": 3.0, "tec_f_2015": 0.0, "adm_f_2015": 2.0, "ob_f_2016": 0.0, "tec_f_2016": 0.0, "adm_f_2016": 0.0, "ob_m_2000": 0.0, "tec_m_2000": 0.0, "adm_m_2000": 0.0, "ob_m_2001": 0.0, "tec_m_2001": 0.0, "adm_m_2001": 0.0, "ob_m_2002": 0.0, "tec_m_2002": 0.0, "adm_m_2002": 0.0, "ob_m_2003": 0.0, "tec_m_2003": 0.0, "adm_m_2003": 0.0, "ob_m_2004": 0.0, "tec_m_2004": 0.0, "adm_m_2004": 0.0, "ob_m_2005": 81.0, "tec_m_2005": 4.0, "adm_m_2005": 1.0, "ob_m_2006": 66.0, "tec_m_2006": 4.0, "adm_m_2006": 5.0, "ob_m_2007": 52.0, "tec_m_2007": 2.0, "adm_m_2007": 3.0, "ob_m_2008": 81.0, "tec_m_2008": 5.0, "adm_m_2008": 2.0, "ob_m_2009": 81.0, "tec_m_2009": 5.0, "adm_m_2009": 2.0, "ob_m_2010": 13.0, "tec_m_2010": 0.0, "adm_m_2010": 3.0, "ob_m_2011": 10.0, "tec_m_2011": 1.0, "adm_m_2011": 1.0, "ob_m_2012": 3.0, "tec_m_2012": 3.0, "adm_m_2012": 2.0, "ob_m_2014": 73.0, "tec_m_2014": 1.0, "adm_m_2014": 2.0, "ob_m_2015": 51.0, "tec_m_2015": 2.0, "adm_m_2015": 2.0, "ob_m_2016": 50.0, "tec_m_2016": 8.0, "adm_m_2016": 5.0, "ent2000": 0.0, "ent2001": 0.0, "ent2002": 0.0, "ent2003": 0.0, "ent2004": 0.0, "ent2005": 1.0, "ent2006": 1.0, "ent2007": 1.0, "ent2008": 1.0, "ent2009": 1.0, "ent2010": 1.0, "ent2011": 1.0, "ent2012": 1.0, "ent2013": 1.0, "ent2014": 1.0, "ent2015": 1.0, "ent2016": 1.0, "ele2000": 0.0, "ele2001": 0.0, "ele2002": 0.0, "ele2003": 0.0, "ele2004": 0.0, "ele2005": 8586570.0, "ele2006": 7393166.0, "ele2007": 3254154.21, "ele2008": 11465044.6, "ele2009": 11465044.6, "ele2010": 1276002.0, "ele2011": 0.0, "ele2012": 12316294.49, "ele2013": 12269100.0, "ele2014": 9265149.0, "ele2015": 22182095.37, "ele2016": 5209.76, "com2000": 0.0, "com2001": 0.0, "com2002": 0.0, "com2003": 0.0, "com2004": 0.0, "com2005": 216787.0, "com2006": 324599.0, "com2007": 245254.36, "com2008": 143092.91, "com2009": 143092.91, "com2010": 144198.16, "com2011": 168705.0, "com2012": 422057.97, "com2013": 225300.0, "com2014": 2716639.0, "com2015": 514220.67, "com2016": 217.94, "inf2000": 0.0, "inf2001": 0.0, "inf2002": 0.0, "inf2003": 0.0, "inf2004": 0.0, "inf2005": 102900.0, "inf2006": 68104.0, "inf2007": 48254.65, "inf2008": 43415.6, "inf2009": 43415.6, "inf2010": 0.0, "inf2011": 148138.0, "inf2012": 0.0, "inf2013": 0.0, "inf2014": 541522.0, "inf2015": 146936.25, "inf2016": 0.0, "wat2000": 0.0, "wat2001": 0.0, "wat2002": 0.0, "wat2003": 0.0, "wat2004": 0.0, "wat2005": 0.0, "wat2006": 0.0, "wat2007": 0.0, "wat2008": 64912.0, "wat2009": 64912.0, "wat2010": 12444.0, "wat2011": 0.0, "wat2012": 55000.0, "wat2013": 0.0, "wat2014": 55000.0, "wat2015": 50000.0, "wat2016": 24.21, "tss2000": 0.0, "tss2001": 0.0, "tss2002": 0.0, "tss2003": 0.0, "tss2004": 0.0, "tss2005": 358513.0, "tss2006": 297845.86, "tss2007": 882409.67, "tss2008": 3392724.46, "tss2009": 2994391.88, "tss2010": 2178303.41, "tss2011": 0.0, "tss2012": 0.0, "tss2013": 0.0, "tss2014": 2944687.58, "tss2015": 0.0, "tss2016": 0.0, "buiilt2000": 0.0, "buiilt2001": 0.0, "buiilt2002": 0.0, "buiilt2003": 0.0, "buiilt2004": 0.0, "buiilt2005": 77635.0, "buiilt2006": 117247.0, "buiilt2007": 117247.0, "buiilt2008": 86968.35, "buiilt2009": 86968.4, "buiilt2010": 86968.4, "buiilt2011": 86968.4, "buiilt2012": 86968.4, "buiilt2013": 86968.4, "buiilt2014": 86968.4, "buiilt2015": 86968.4, "buiilt2016": 86968.4, "ocu2000": 0.0, "ocu2001": 0.0, "ocu2002": 0.0, "ocu2003": 0.0, "ocu2004": 0.0, "ocu2005": 72635.0, "ocu2006": 72635.0, "ocu2007": 72635.0, "ocu2008": 86968.35, "ocu2009": 86968.4, "ocu2010": 86968.4, "ocu2011": 86968.4, "ocu2012": 86968.4, "ocu2013": 86968.4, "ocu2014": 86968.4, "ocu2015": 86968.4, "ocu2016": 86968.4, "sal_op2000": 0.0, "sal_op2001": 0.0, "sal_op2002": 0.0, "sal_op2003": 0.0, "sal_op2004": 0.0, "sal_op2005": 1322.0, "sal_op2006": 1575.0, "sal_op2007": 0.0, "sal_op2008": 0.0, "sal_op2009": 2551.0, "sal_op2010": 1172.48, "sal_op2011": 1458.46, "sal_op2012": 1620.95, "sal_op2013": 3800.0, "sal_op2014": 3980.0, "sal_op2015": 3250.0, "sal_op2016": 4900.0, "sal_tec2000": 0.0, "sal_tec2001": 0.0, "sal_tec2002": 0.0, "sal_tec2003": 0.0, "sal_tec2004": 0.0, "sal_tec2005": 4275.0, "sal_tec2006": 1800.0, "sal_tec2007": 0.0, "sal_tec2008": 0.0, "sal_tec2009": 4852.0, "sal_tec2010": 0.0, "sal_tec2011": 2538.75, "sal_tec2012": 6167.0, "sal_tec2013": 5000.0, "sal_tec2014": 4500.0, "sal_tec2015": 4200.0, "sal_tec2016": 5100.0 }, "geometry": { "type": "Point", "coordinates": [ -70.40485331, 18.92390206 ] } },
{ "type": "Feature", "properties": { "code": "DOM-HIT", "name": "Zona Franca Hit", "latitude": 18.4418766, "longitude": -69.65026915, "start": 2018.0, "close": 0.0, "type": "private", "sez_id": 39.0, "origin ": 1.0, "inv2000": 0.0, "inv2001": 0.0, "inv2002": 0.0, "inv2003": 0.0, "inv2004": 0.0, "inv2005": 0.0, "inv2006": 0.0, "inv2007": 0.0, "inv2008": 0.0, "inv2009": 0.0, "inv2010": 0.0, "inv2011": 0.0, "inv2012": 0.0, "inv2013": 0.0, "inv2014": 0.0, "inv2015": 0.0, "inv2016": 0.0, "ob_f_2000": 0.0, "tec_f_2000": 0.0, "adm_f_2000": 0.0, "ob_f_2001": 0.0, "tec_f_2001": 0.0, "adm_f_2001": 0.0, "ob_f_2002": 0.0, "tec_f_2002": 0.0, "adm_f_2002": 0.0, "ob_f_2003": 0.0, "tec_f_2003": 0.0, "adm_f_2003": 0.0, "ob_f_2004": 0.0, "tec_f_2004": 0.0, "adm_f_2004": 0.0, "ob_f_2005": 0.0, "tec_f_2005": 0.0, "adm_f_2005": 0.0, "ob_f_2006": 0.0, "tec_f_2006": 0.0, "adm_f_2006": 0.0, "ob_f_2007": 0.0, "tec_f_2007": 0.0, "adm_f_2007": 0.0, "ob_f_2008": 0.0, "tec_f_2008": 0.0, "adm_f_2008": 0.0, "ob_f_2009": 0.0, "tec_f_2009": 0.0, "adm_f_2009": 0.0, "ob_f_2010": 0.0, "tec_f_2010": 0.0, "adm_f_2010": 0.0, "ob_f_2011": 0.0, "tec_f_2011": 0.0, "adm_f_2011": 0.0, "ob_f_2012": 0.0, "tec_f_2012": 0.0, "adm_f_2012": 0.0, "ob_f_2014": 0.0, "tec_f_2014": 0.0, "adm_f_2014": 0.0, "ob_f_2015": 0.0, "tec_f_2015": 0.0, "adm_f_2015": 0.0, "ob_f_2016": 0.0, "tec_f_2016": 0.0, "adm_f_2016": 0.0, "ob_m_2000": 0.0, "tec_m_2000": 0.0, "adm_m_2000": 0.0, "ob_m_2001": 0.0, "tec_m_2001": 0.0, "adm_m_2001": 0.0, "ob_m_2002": 0.0, "tec_m_2002": 0.0, "adm_m_2002": 0.0, "ob_m_2003": 0.0, "tec_m_2003": 0.0, "adm_m_2003": 0.0, "ob_m_2004": 0.0, "tec_m_2004": 0.0, "adm_m_2004": 0.0, "ob_m_2005": 0.0, "tec_m_2005": 0.0, "adm_m_2005": 0.0, "ob_m_2006": 0.0, "tec_m_2006": 0.0, "adm_m_2006": 0.0, "ob_m_2007": 0.0, "tec_m_2007": 0.0, "adm_m_2007": 0.0, "ob_m_2008": 0.0, "tec_m_2008": 0.0, "adm_m_2008": 0.0, "ob_m_2009": 0.0, "tec_m_2009": 0.0, "adm_m_2009": 0.0, "ob_m_2010": 0.0, "tec_m_2010": 0.0, "adm_m_2010": 0.0, "ob_m_2011": 0.0, "tec_m_2011": 0.0, "adm_m_2011": 0.0, "ob_m_2012": 0.0, "tec_m_2012": 0.0, "adm_m_2012": 0.0, "ob_m_2014": 0.0, "tec_m_2014": 0.0, "adm_m_2014": 0.0, "ob_m_2015": 0.0, "tec_m_2015": 0.0, "adm_m_2015": 0.0, "ob_m_2016": 0.0, "tec_m_2016": 0.0, "adm_m_2016": 0.0, "ent2000": 0.0, "ent2001": 0.0, "ent2002": 0.0, "ent2003": 0.0, "ent2004": 0.0, "ent2005": 0.0, "ent2006": 0.0, "ent2007": 0.0, "ent2008": 0.0, "ent2009": 0.0, "ent2010": 0.0, "ent2011": 0.0, "ent2012": 0.0, "ent2013": 0.0, "ent2014": 0.0, "ent2015": 0.0, "ent2016": 0.0, "ele2000": 0.0, "ele2001": 0.0, "ele2002": 0.0, "ele2003": 0.0, "ele2004": 0.0, "ele2005": 0.0, "ele2006": 0.0, "ele2007": 0.0, "ele2008": 0.0, "ele2009": 0.0, "ele2010": 0.0, "ele2011": 0.0, "ele2012": 0.0, "ele2013": 0.0, "ele2014": 0.0, "ele2015": 0.0, "ele2016": 0.0, "com2000": 0.0, "com2001": 0.0, "com2002": 0.0, "com2003": 0.0, "com2004": 0.0, "com2005": 0.0, "com2006": 0.0, "com2007": 0.0, "com2008": 0.0, "com2009": 0.0, "com2010": 0.0, "com2011": 0.0, "com2012": 0.0, "com2013": 0.0, "com2014": 0.0, "com2015": 0.0, "com2016": 0.0, "inf2000": 0.0, "inf2001": 0.0, "inf2002": 0.0, "inf2003": 0.0, "inf2004": 0.0, "inf2005": 0.0, "inf2006": 0.0, "inf2007": 0.0, "inf2008": 0.0, "inf2009": 0.0, "inf2010": 0.0, "inf2011": 0.0, "inf2012": 0.0, "inf2013": 0.0, "inf2014": 0.0, "inf2015": 0.0, "inf2016": 0.0, "wat2000": 0.0, "wat2001": 0.0, "wat2002": 0.0, "wat2003": 0.0, "wat2004": 0.0, "wat2005": 0.0, "wat2006": 0.0, "wat2007": 0.0, "wat2008": 0.0, "wat2009": 0.0, "wat2010": 0.0, "wat2011": 0.0, "wat2012": 0.0, "wat2013": 0.0, "wat2014": 0.0, "wat2015": 0.0, "wat2016": 0.0, "tss2000": 0.0, "tss2001": 0.0, "tss2002": 0.0, "tss2003": 0.0, "tss2004": 0.0, "tss2005": 0.0, "tss2006": 0.0, "tss2007": 0.0, "tss2008": 0.0, "tss2009": 0.0, "tss2010": 0.0, "tss2011": 0.0, "tss2012": 0.0, "tss2013": 0.0, "tss2014": 0.0, "tss2015": 0.0, "tss2016": 0.0, "buiilt2000": 0.0, "buiilt2001": 0.0, "buiilt2002": 0.0, "buiilt2003": 0.0, "buiilt2004": 0.0, "buiilt2005": 0.0, "buiilt2006": 0.0, "buiilt2007": 0.0, "buiilt2008": 0.0, "buiilt2009": 0.0, "buiilt2010": 0.0, "buiilt2011": 0.0, "buiilt2012": 0.0, "buiilt2013": 0.0, "buiilt2014": 0.0, "buiilt2015": 0.0, "buiilt2016": 0.0, "ocu2000": 0.0, "ocu2001": 0.0, "ocu2002": 0.0, "ocu2003": 0.0, "ocu2004": 0.0, "ocu2005": 0.0, "ocu2006": 0.0, "ocu2007": 0.0, "ocu2008": 0.0, "ocu2009": 0.0, "ocu2010": 0.0, "ocu2011": 0.0, "ocu2012": 0.0, "ocu2013": 0.0, "ocu2014": 0.0, "ocu2015": 0.0, "ocu2016": 0.0, "sal_op2000": 0.0, "sal_op2001": 0.0, "sal_op2002": 0.0, "sal_op2003": 0.0, "sal_op2004": 0.0, "sal_op2005": 0.0, "sal_op2006": 0.0, "sal_op2007": 0.0, "sal_op2008": 0.0, "sal_op2009": 0.0, "sal_op2010": 0.0, "sal_op2011": 0.0, "sal_op2012": 0.0, "sal_op2013": 0.0, "sal_op2014": 0.0, "sal_op2015": 0.0, "sal_op2016": 0.0, "sal_tec2000": 0.0, "sal_tec2001": 0.0, "sal_tec2002": 0.0, "sal_tec2003": 0.0, "sal_tec2004": 0.0, "sal_tec2005": 0.0, "sal_tec2006": 0.0, "sal_tec2007": 0.0, "sal_tec2008": 0.0, "sal_tec2009": 0.0, "sal_tec2010": 0.0, "sal_tec2011": 0.0, "sal_tec2012": 0.0, "sal_tec2013": 0.0, "sal_tec2014": 0.0, "sal_tec2015": 0.0, "sal_tec2016": 0.0 }, "geometry": { "type": "Point", "coordinates": [ -69.65026915, 18.4418766 ] } },
{ "type": "Feature", "properties": { "code": "DOM-INE", "name": "Parque Industrial INETAB ", "latitude": 19.48954984, "longitude": -70.72195582000001, "start": 2016.0, "close": 0.0, "type": "private", "sez_id": 41.0, "origin ": 1.0, "inv2000": 0.0, "inv2001": 0.0, "inv2002": 0.0, "inv2003": 0.0, "inv2004": 0.0, "inv2005": 0.0, "inv2006": 0.0, "inv2007": 0.0, "inv2008": 0.0, "inv2009": 0.0, "inv2010": 0.0, "inv2011": 0.0, "inv2012": 0.0, "inv2013": 0.0, "inv2014": 0.0, "inv2015": 0.0, "inv2016": 11243908.33, "ob_f_2000": 0.0, "tec_f_2000": 0.0, "adm_f_2000": 0.0, "ob_f_2001": 0.0, "tec_f_2001": 0.0, "adm_f_2001": 0.0, "ob_f_2002": 0.0, "tec_f_2002": 0.0, "adm_f_2002": 0.0, "ob_f_2003": 0.0, "tec_f_2003": 0.0, "adm_f_2003": 0.0, "ob_f_2004": 0.0, "tec_f_2004": 0.0, "adm_f_2004": 0.0, "ob_f_2005": 0.0, "tec_f_2005": 0.0, "adm_f_2005": 0.0, "ob_f_2006": 0.0, "tec_f_2006": 0.0, "adm_f_2006": 0.0, "ob_f_2007": 0.0, "tec_f_2007": 0.0, "adm_f_2007": 0.0, "ob_f_2008": 0.0, "tec_f_2008": 0.0, "adm_f_2008": 0.0, "ob_f_2009": 0.0, "tec_f_2009": 0.0, "adm_f_2009": 0.0, "ob_f_2010": 0.0, "tec_f_2010": 0.0, "adm_f_2010": 0.0, "ob_f_2011": 0.0, "tec_f_2011": 0.0, "adm_f_2011": 0.0, "ob_f_2012": 0.0, "tec_f_2012": 0.0, "adm_f_2012": 0.0, "ob_f_2014": 0.0, "tec_f_2014": 0.0, "adm_f_2014": 0.0, "ob_f_2015": 0.0, "tec_f_2015": 0.0, "adm_f_2015": 0.0, "ob_f_2016": 271.0, "tec_f_2016": 4.0, "adm_f_2016": 14.0, "ob_m_2000": 0.0, "tec_m_2000": 0.0, "adm_m_2000": 0.0, "ob_m_2001": 0.0, "tec_m_2001": 0.0, "adm_m_2001": 0.0, "ob_m_2002": 0.0, "tec_m_2002": 0.0, "adm_m_2002": 0.0, "ob_m_2003": 0.0, "tec_m_2003": 0.0, "adm_m_2003": 0.0, "ob_m_2004": 0.0, "tec_m_2004": 0.0, "adm_m_2004": 0.0, "ob_m_2005": 0.0, "tec_m_2005": 0.0, "adm_m_2005": 0.0, "ob_m_2006": 0.0, "tec_m_2006": 0.0, "adm_m_2006": 0.0, "ob_m_2007": 0.0, "tec_m_2007": 0.0, "adm_m_2007": 0.0, "ob_m_2008": 0.0, "tec_m_2008": 0.0, "adm_m_2008": 0.0, "ob_m_2009": 0.0, "tec_m_2009": 0.0, "adm_m_2009": 0.0, "ob_m_2010": 0.0, "tec_m_2010": 0.0, "adm_m_2010": 0.0, "ob_m_2011": 0.0, "tec_m_2011": 0.0, "adm_m_2011": 0.0, "ob_m_2012": 0.0, "tec_m_2012": 0.0, "adm_m_2012": 0.0, "ob_m_2014": 0.0, "tec_m_2014": 0.0, "adm_m_2014": 0.0, "ob_m_2015": 0.0, "tec_m_2015": 0.0, "adm_m_2015": 0.0, "ob_m_2016": 165.0, "tec_m_2016": 7.0, "adm_m_2016": 25.0, "ent2000": 0.0, "ent2001": 0.0, "ent2002": 0.0, "ent2003": 0.0, "ent2004": 0.0, "ent2005": 0.0, "ent2006": 0.0, "ent2007": 0.0, "ent2008": 0.0, "ent2009": 0.0, "ent2010": 0.0, "ent2011": 0.0, "ent2012": 0.0, "ent2013": 0.0, "ent2014": 0.0, "ent2015": 0.0, "ent2016": 2.0, "ele2000": 0.0, "ele2001": 0.0, "ele2002": 0.0, "ele2003": 0.0, "ele2004": 0.0, "ele2005": 0.0, "ele2006": 0.0, "ele2007": 0.0, "ele2008": 0.0, "ele2009": 0.0, "ele2010": 0.0, "ele2011": 0.0, "ele2012": 0.0, "ele2013": 0.0, "ele2014": 0.0, "ele2015": 0.0, "ele2016": 10010.0, "com2000": 0.0, "com2001": 0.0, "com2002": 0.0, "com2003": 0.0, "com2004": 0.0, "com2005": 0.0, "com2006": 0.0, "com2007": 0.0, "com2008": 0.0, "com2009": 0.0, "com2010": 0.0, "com2011": 0.0, "com2012": 0.0, "com2013": 0.0, "com2014": 0.0, "com2015": 0.0, "com2016": 1120.0, "inf2000": 0.0, "inf2001": 0.0, "inf2002": 0.0, "inf2003": 0.0, "inf2004": 0.0, "inf2005": 0.0, "inf2006": 0.0, "inf2007": 0.0, "inf2008": 0.0, "inf2009": 0.0, "inf2010": 0.0, "inf2011": 0.0, "inf2012": 0.0, "inf2013": 0.0, "inf2014": 0.0, "inf2015": 0.0, "inf2016": 138.28, "wat2000": 0.0, "wat2001": 0.0, "wat2002": 0.0, "wat2003": 0.0, "wat2004": 0.0, "wat2005": 0.0, "wat2006": 0.0, "wat2007": 0.0, "wat2008": 0.0, "wat2009": 0.0, "wat2010": 0.0, "wat2011": 0.0, "wat2012": 0.0, "wat2013": 0.0, "wat2014": 0.0, "wat2015": 0.0, "wat2016": 1268.17, "tss2000": 0.0, "tss2001": 0.0, "tss2002": 0.0, "tss2003": 0.0, "tss2004": 0.0, "tss2005": 0.0, "tss2006": 0.0, "tss2007": 0.0, "tss2008": 0.0, "tss2009": 0.0, "tss2010": 0.0, "tss2011": 0.0, "tss2012": 0.0, "tss2013": 0.0, "tss2014": 0.0, "tss2015": 0.0, "tss2016": 11357.78, "buiilt2000": 0.0, "buiilt2001": 0.0, "buiilt2002": 0.0, "buiilt2003": 0.0, "buiilt2004": 0.0, "buiilt2005": 0.0, "buiilt2006": 0.0, "buiilt2007": 0.0, "buiilt2008": 0.0, "buiilt2009": 0.0, "buiilt2010": 0.0, "buiilt2011": 0.0, "buiilt2012": 0.0, "buiilt2013": 0.0, "buiilt2014": 0.0, "buiilt2015": 0.0, "buiilt2016": 242896.24, "ocu2000": 0.0, "ocu2001": 0.0, "ocu2002": 0.0, "ocu2003": 0.0, "ocu2004": 0.0, "ocu2005": 0.0, "ocu2006": 0.0, "ocu2007": 0.0, "ocu2008": 0.0, "ocu2009": 0.0, "ocu2010": 0.0, "ocu2011": 0.0, "ocu2012": 0.0, "ocu2013": 0.0, "ocu2014": 0.0, "ocu2015": 0.0, "ocu2016": 242896.24, "sal_op2000": 0.0, "sal_op2001": 0.0, "sal_op2002": 0.0, "sal_op2003": 0.0, "sal_op2004": 0.0, "sal_op2005": 0.0, "sal_op2006": 0.0, "sal_op2007": 0.0, "sal_op2008": 0.0, "sal_op2009": 0.0, "sal_op2010": 0.0, "sal_op2011": 0.0, "sal_op2012": 0.0, "sal_op2013": 0.0, "sal_op2014": 0.0, "sal_op2015": 0.0, "sal_op2016": 2165.13, "sal_tec2000": 0.0, "sal_tec2001": 0.0, "sal_tec2002": 0.0, "sal_tec2003": 0.0, "sal_tec2004": 0.0, "sal_tec2005": 0.0, "sal_tec2006": 0.0, "sal_tec2007": 0.0, "sal_tec2008": 0.0, "sal_tec2009": 0.0, "sal_tec2010": 0.0, "sal_tec2011": 0.0, "sal_tec2012": 0.0, "sal_tec2013": 0.0, "sal_tec2014": 0.0, "sal_tec2015": 0.0, "sal_tec2016": 6757.44 }, "geometry": { "type": "Point", "coordinates": [ -70.72195582, 19.48954984 ] } },
{ "type": "Feature", "properties": { "code": "DOM-INF", "name": "ZF Ind. y de Servicios Norte Infiesto ", "latitude": 18.49179288, "longitude": -69.98528116, "start": 2014.0, "close": 0.0, "type": "private", "sez_id": 42.0, "origin ": 1.0, "inv2000": 0.0, "inv2001": 0.0, "inv2002": 0.0, "inv2003": 0.0, "inv2004": 0.0, "inv2005": 0.0, "inv2006": 0.0, "inv2007": 0.0, "inv2008": 0.0, "inv2009": 0.0, "inv2010": 0.0, "inv2011": 0.0, "inv2012": 0.0, "inv2013": 0.0, "inv2014": 201930.5, "inv2015": 201930.5, "inv2016": 210000.0, "ob_f_2000": 0.0, "tec_f_2000": 0.0, "adm_f_2000": 0.0, "ob_f_2001": 0.0, "tec_f_2001": 0.0, "adm_f_2001": 0.0, "ob_f_2002": 0.0, "tec_f_2002": 0.0, "adm_f_2002": 0.0, "ob_f_2003": 0.0, "tec_f_2003": 0.0, "adm_f_2003": 0.0, "ob_f_2004": 0.0, "tec_f_2004": 0.0, "adm_f_2004": 0.0, "ob_f_2005": 0.0, "tec_f_2005": 0.0, "adm_f_2005": 0.0, "ob_f_2006": 0.0, "tec_f_2006": 0.0, "adm_f_2006": 0.0, "ob_f_2007": 0.0, "tec_f_2007": 0.0, "adm_f_2007": 0.0, "ob_f_2008": 0.0, "tec_f_2008": 0.0, "adm_f_2008": 0.0, "ob_f_2009": 0.0, "tec_f_2009": 0.0, "adm_f_2009": 0.0, "ob_f_2010": 0.0, "tec_f_2010": 0.0, "adm_f_2010": 0.0, "ob_f_2011": 0.0, "tec_f_2011": 0.0, "adm_f_2011": 0.0, "ob_f_2012": 0.0, "tec_f_2012": 0.0, "adm_f_2012": 0.0, "ob_f_2014": 1.0, "tec_f_2014": 0.0, "adm_f_2014": 1.0, "ob_f_2015": 1.0, "tec_f_2015": 0.0, "adm_f_2015": 1.0, "ob_f_2016": 1.0, "tec_f_2016": 0.0, "adm_f_2016": 1.0, "ob_m_2000": 0.0, "tec_m_2000": 0.0, "adm_m_2000": 0.0, "ob_m_2001": 0.0, "tec_m_2001": 0.0, "adm_m_2001": 0.0, "ob_m_2002": 0.0, "tec_m_2002": 0.0, "adm_m_2002": 0.0, "ob_m_2003": 0.0, "tec_m_2003": 0.0, "adm_m_2003": 0.0, "ob_m_2004": 0.0, "tec_m_2004": 0.0, "adm_m_2004": 0.0, "ob_m_2005": 0.0, "tec_m_2005": 0.0, "adm_m_2005": 0.0, "ob_m_2006": 0.0, "tec_m_2006": 0.0, "adm_m_2006": 0.0, "ob_m_2007": 0.0, "tec_m_2007": 0.0, "adm_m_2007": 0.0, "ob_m_2008": 0.0, "tec_m_2008": 0.0, "adm_m_2008": 0.0, "ob_m_2009": 0.0, "tec_m_2009": 0.0, "adm_m_2009": 0.0, "ob_m_2010": 0.0, "tec_m_2010": 0.0, "adm_m_2010": 0.0, "ob_m_2011": 0.0, "tec_m_2011": 0.0, "adm_m_2011": 0.0, "ob_m_2012": 0.0, "tec_m_2012": 0.0, "adm_m_2012": 0.0, "ob_m_2014": 6.0, "tec_m_2014": 0.0, "adm_m_2014": 2.0, "ob_m_2015": 5.0, "tec_m_2015": 0.0, "adm_m_2015": 2.0, "ob_m_2016": 5.0, "tec_m_2016": 1.0, "adm_m_2016": 1.0, "ent2000": 0.0, "ent2001": 0.0, "ent2002": 0.0, "ent2003": 0.0, "ent2004": 0.0, "ent2005": 0.0, "ent2006": 0.0, "ent2007": 0.0, "ent2008": 0.0, "ent2009": 0.0, "ent2010": 0.0, "ent2011": 0.0, "ent2012": 0.0, "ent2013": 0.0, "ent2014": 1.0, "ent2015": 1.0, "ent2016": 1.0, "ele2000": 0.0, "ele2001": 0.0, "ele2002": 0.0, "ele2003": 0.0, "ele2004": 0.0, "ele2005": 0.0, "ele2006": 0.0, "ele2007": 0.0, "ele2008": 0.0, "ele2009": 0.0, "ele2010": 0.0, "ele2011": 0.0, "ele2012": 0.0, "ele2013": 0.0, "ele2014": 180000.0, "ele2015": 231140.68, "ele2016": 393.93, "com2000": 0.0, "com2001": 0.0, "com2002": 0.0, "com2003": 0.0, "com2004": 0.0, "com2005": 0.0, "com2006": 0.0, "com2007": 0.0, "com2008": 0.0, "com2009": 0.0, "com2010": 0.0, "com2011": 0.0, "com2012": 0.0, "com2013": 0.0, "com2014": 360000.0, "com2015": 520311.87, "com2016": 460.24, "inf2000": 0.0, "inf2001": 0.0, "inf2002": 0.0, "inf2003": 0.0, "inf2004": 0.0, "inf2005": 0.0, "inf2006": 0.0, "inf2007": 0.0, "inf2008": 0.0, "inf2009": 0.0, "inf2010": 0.0, "inf2011": 0.0, "inf2012": 0.0, "inf2013": 0.0, "inf2014": 18000.0, "inf2015": 22353.52, "inf2016": 19.41, "wat2000": 0.0, "wat2001": 0.0, "wat2002": 0.0, "wat2003": 0.0, "wat2004": 0.0, "wat2005": 0.0, "wat2006": 0.0, "wat2007": 0.0, "wat2008": 0.0, "wat2009": 0.0, "wat2010": 0.0, "wat2011": 0.0, "wat2012": 0.0, "wat2013": 0.0, "wat2014": 0.0, "wat2015": 22350.0, "wat2016": 2.24, "tss2000": 0.0, "tss2001": 0.0, "tss2002": 0.0, "tss2003": 0.0, "tss2004": 0.0, "tss2005": 0.0, "tss2006": 0.0, "tss2007": 0.0, "tss2008": 0.0, "tss2009": 0.0, "tss2010": 0.0, "tss2011": 0.0, "tss2012": 0.0, "tss2013": 0.0, "tss2014": 631880.54, "tss2015": 465430.14, "tss2016": 408.95, "buiilt2000": 0.0, "buiilt2001": 0.0, "buiilt2002": 0.0, "buiilt2003": 0.0, "buiilt2004": 0.0, "buiilt2005": 0.0, "buiilt2006": 0.0, "buiilt2007": 0.0, "buiilt2008": 0.0, "buiilt2009": 0.0, "buiilt2010": 0.0, "buiilt2011": 0.0, "buiilt2012": 0.0, "buiilt2013": 0.0, "buiilt2014": 92105.6, "buiilt2015": 92105.6, "buiilt2016": 92105.6, "ocu2000": 0.0, "ocu2001": 0.0, "ocu2002": 0.0, "ocu2003": 0.0, "ocu2004": 0.0, "ocu2005": 0.0, "ocu2006": 0.0, "ocu2007": 0.0, "ocu2008": 0.0, "ocu2009": 0.0, "ocu2010": 0.0, "ocu2011": 0.0, "ocu2012": 0.0, "ocu2013": 0.0, "ocu2014": 92105.6, "ocu2015": 92105.6, "ocu2016": 92105.6, "sal_op2000": 0.0, "sal_op2001": 0.0, "sal_op2002": 0.0, "sal_op2003": 0.0, "sal_op2004": 0.0, "sal_op2005": 0.0, "sal_op2006": 0.0, "sal_op2007": 0.0, "sal_op2008": 0.0, "sal_op2009": 0.0, "sal_op2010": 0.0, "sal_op2011": 0.0, "sal_op2012": 0.0, "sal_op2013": 0.0, "sal_op2014": 7000.0, "sal_op2015": 2800.0, "sal_op2016": 3818.0, "sal_tec2000": 0.0, "sal_tec2001": 0.0, "sal_tec2002": 0.0, "sal_tec2003": 0.0, "sal_tec2004": 0.0, "sal_tec2005": 0.0, "sal_tec2006": 0.0, "sal_tec2007": 0.0, "sal_tec2008": 0.0, "sal_tec2009": 0.0, "sal_tec2010": 0.0, "sal_tec2011": 0.0, "sal_tec2012": 0.0, "sal_tec2013": 0.0, "sal_tec2014": 0.0, "sal_tec2015": 0.0, "sal_tec2016": 4826.0 }, "geometry": { "type": "Point", "coordinates": [ -69.98528116, 18.49179288 ] } },
{ "type": "Feature", "properties": { "code": "DOM-INT", "name": "Interexport Free Zone ", "latitude": 18.21182991, "longitude": -71.11042584, "start": 2010.0, "close": 0.0, "type": "private", "sez_id": 43.0, "origin ": 1.0, "inv2000": 0.0, "inv2001": 0.0, "inv2002": 0.0, "inv2003": 0.0, "inv2004": 0.0, "inv2005": 0.0, "inv2006": 0.0, "inv2007": 0.0, "inv2008": 0.0, "inv2009": 0.0, "inv2010": 45300000.0, "inv2011": 46400000.0, "inv2012": 46400000.0, "inv2013": 15267843.0, "inv2014": 5700000.0, "inv2015": 5700000.0, "inv2016": 7300000.0, "ob_f_2000": 0.0, "tec_f_2000": 0.0, "adm_f_2000": 0.0, "ob_f_2001": 0.0, "tec_f_2001": 0.0, "adm_f_2001": 0.0, "ob_f_2002": 0.0, "tec_f_2002": 0.0, "adm_f_2002": 0.0, "ob_f_2003": 0.0, "tec_f_2003": 0.0, "adm_f_2003": 0.0, "ob_f_2004": 0.0, "tec_f_2004": 0.0, "adm_f_2004": 0.0, "ob_f_2005": 0.0, "tec_f_2005": 0.0, "adm_f_2005": 0.0, "ob_f_2006": 0.0, "tec_f_2006": 0.0, "adm_f_2006": 0.0, "ob_f_2007": 0.0, "tec_f_2007": 0.0, "adm_f_2007": 0.0, "ob_f_2008": 0.0, "tec_f_2008": 0.0, "adm_f_2008": 0.0, "ob_f_2009": 0.0, "tec_f_2009": 0.0, "adm_f_2009": 0.0, "ob_f_2010": 0.0, "tec_f_2010": 0.0, "adm_f_2010": 10.0, "ob_f_2011": 0.0, "tec_f_2011": 0.0, "adm_f_2011": 10.0, "ob_f_2012": 0.0, "tec_f_2012": 0.0, "adm_f_2012": 8.0, "ob_f_2014": 0.0, "tec_f_2014": 0.0, "adm_f_2014": 13.0, "ob_f_2015": 0.0, "tec_f_2015": 0.0, "adm_f_2015": 13.0, "ob_f_2016": 0.0, "tec_f_2016": 0.0, "adm_f_2016": 11.0, "ob_m_2000": 0.0, "tec_m_2000": 0.0, "adm_m_2000": 0.0, "ob_m_2001": 0.0, "tec_m_2001": 0.0, "adm_m_2001": 0.0, "ob_m_2002": 0.0, "tec_m_2002": 0.0, "adm_m_2002": 0.0, "ob_m_2003": 0.0, "tec_m_2003": 0.0, "adm_m_2003": 0.0, "ob_m_2004": 0.0, "tec_m_2004": 0.0, "adm_m_2004": 0.0, "ob_m_2005": 0.0, "tec_m_2005": 0.0, "adm_m_2005": 0.0, "ob_m_2006": 0.0, "tec_m_2006": 0.0, "adm_m_2006": 0.0, "ob_m_2007": 0.0, "tec_m_2007": 0.0, "adm_m_2007": 0.0, "ob_m_2008": 0.0, "tec_m_2008": 0.0, "adm_m_2008": 0.0, "ob_m_2009": 0.0, "tec_m_2009": 0.0, "adm_m_2009": 0.0, "ob_m_2010": 113.0, "tec_m_2010": 47.0, "adm_m_2010": 19.0, "ob_m_2011": 157.0, "tec_m_2011": 47.0, "adm_m_2011": 21.0, "ob_m_2012": 141.0, "tec_m_2012": 40.0, "adm_m_2012": 19.0, "ob_m_2014": 95.0, "tec_m_2014": 104.0, "adm_m_2014": 22.0, "ob_m_2015": 135.0, "tec_m_2015": 42.0, "adm_m_2015": 35.0, "ob_m_2016": 157.0, "tec_m_2016": 41.0, "adm_m_2016": 36.0, "ent2000": 0.0, "ent2001": 0.0, "ent2002": 0.0, "ent2003": 0.0, "ent2004": 0.0, "ent2005": 0.0, "ent2006": 0.0, "ent2007": 0.0, "ent2008": 0.0, "ent2009": 0.0, "ent2010": 1.0, "ent2011": 1.0, "ent2012": 1.0, "ent2013": 1.0, "ent2014": 1.0, "ent2015": 1.0, "ent2016": 1.0, "ele2000": 0.0, "ele2001": 0.0, "ele2002": 0.0, "ele2003": 0.0, "ele2004": 0.0, "ele2005": 0.0, "ele2006": 0.0, "ele2007": 0.0, "ele2008": 0.0, "ele2009": 0.0, "ele2010": 746966.74, "ele2011": 3535691.11, "ele2012": 3400000.0, "ele2013": 11200000.0, "ele2014": 10511630.69, "ele2015": 9318612.86, "ele2016": 10632.05, "com2000": 0.0, "com2001": 0.0, "com2002": 0.0, "com2003": 0.0, "com2004": 0.0, "com2005": 0.0, "com2006": 0.0, "com2007": 0.0, "com2008": 0.0, "com2009": 0.0, "com2010": 1076580.0, "com2011": 600000.0, "com2012": 600000.0, "com2013": 2552689.0, "com2014": 2342975.73, "com2015": 2184808.93, "com2016": 2082.57, "inf2000": 0.0, "inf2001": 0.0, "inf2002": 0.0, "inf2003": 0.0, "inf2004": 0.0, "inf2005": 0.0, "inf2006": 0.0, "inf2007": 0.0, "inf2008": 0.0, "inf2009": 0.0, "inf2010": 171005.0, "inf2011": 245035.0, "inf2012": 230000.0, "inf2013": 340000.0, "inf2014": 355468.0, "inf2015": 337506.37, "inf2016": 394.7, "wat2000": 0.0, "wat2001": 0.0, "wat2002": 0.0, "wat2003": 0.0, "wat2004": 0.0, "wat2005": 0.0, "wat2006": 0.0, "wat2007": 0.0, "wat2008": 0.0, "wat2009": 0.0, "wat2010": 134412.0, "wat2011": 134563.2, "wat2012": 130000.0, "wat2013": 144000.0, "wat2014": 131632.4, "wat2015": 14856.23, "wat2016": 16.39, "tss2000": 0.0, "tss2001": 0.0, "tss2002": 0.0, "tss2003": 0.0, "tss2004": 0.0, "tss2005": 0.0, "tss2006": 0.0, "tss2007": 0.0, "tss2008": 0.0, "tss2009": 0.0, "tss2010": 3808915.65, "tss2011": 5137158.94, "tss2012": 5703169.51, "tss2013": 6629143.57, "tss2014": 7601807.78, "tss2015": 7497175.6, "tss2016": 8950.48, "buiilt2000": 0.0, "buiilt2001": 0.0, "buiilt2002": 0.0, "buiilt2003": 0.0, "buiilt2004": 0.0, "buiilt2005": 0.0, "buiilt2006": 0.0, "buiilt2007": 0.0, "buiilt2008": 0.0, "buiilt2009": 0.0, "buiilt2010": 73382.0, "buiilt2011": 73382.0, "buiilt2012": 73382.0, "buiilt2013": 73382.93, "buiilt2014": 73382.0, "buiilt2015": 73382.0, "buiilt2016": 73382.0, "ocu2000": 0.0, "ocu2001": 0.0, "ocu2002": 0.0, "ocu2003": 0.0, "ocu2004": 0.0, "ocu2005": 0.0, "ocu2006": 0.0, "ocu2007": 0.0, "ocu2008": 0.0, "ocu2009": 0.0, "ocu2010": 73382.0, "ocu2011": 73382.0, "ocu2012": 73382.0, "ocu2013": 73382.93, "ocu2014": 73382.0, "ocu2015": 73382.0, "ocu2016": 73382.0, "sal_op2000": 0.0, "sal_op2001": 0.0, "sal_op2002": 0.0, "sal_op2003": 0.0, "sal_op2004": 0.0, "sal_op2005": 0.0, "sal_op2006": 0.0, "sal_op2007": 0.0, "sal_op2008": 0.0, "sal_op2009": 0.0, "sal_op2010": 1475.0, "sal_op2011": 1500.0, "sal_op2012": 1550.0, "sal_op2013": 3610.0, "sal_op2014": 3700.0, "sal_op2015": 2000.0, "sal_op2016": 2078.0, "sal_tec2000": 0.0, "sal_tec2001": 0.0, "sal_tec2002": 0.0, "sal_tec2003": 0.0, "sal_tec2004": 0.0, "sal_tec2005": 0.0, "sal_tec2006": 0.0, "sal_tec2007": 0.0, "sal_tec2008": 0.0, "sal_tec2009": 0.0, "sal_tec2010": 3600.0, "sal_tec2011": 3700.0, "sal_tec2012": 3700.0, "sal_tec2013": 10000.0, "sal_tec2014": 10200.0, "sal_tec2015": 4119.0, "sal_tec2016": 4119.0 }, "geometry": { "type": "Point", "coordinates": [ -71.11042584, 18.21182991 ] } },
{ "type": "Feature", "properties": { "code": "DOM-ISI", "name": "San Isidro ", "latitude": 18.50033327, "longitude": -69.7873092, "start": 1986.0, "close": 0.0, "type": "private", "sez_id": 44.0, "origin ": 1.0, "inv2000": 66947689.9, "inv2001": 80277740.85, "inv2002": 80359019.37, "inv2003": 88929794.99, "inv2004": 119380624.7, "inv2005": 146063919.8, "inv2006": 144863643.0, "inv2007": 149106646.7, "inv2008": 133164130.9, "inv2009": 127627579.5, "inv2010": 138930602.0, "inv2011": 160469275.9, "inv2012": 173580748.7, "inv2013": 193516526.9, "inv2014": 267320687.0, "inv2015": 209311735.1, "inv2016": 185910845.6, "ob_f_2000": 3185.0, "tec_f_2000": 1171.0, "adm_f_2000": 201.0, "ob_f_2001": 3615.0, "tec_f_2001": 893.0, "adm_f_2001": 289.0, "ob_f_2002": 3276.0, "tec_f_2002": 1187.0, "adm_f_2002": 267.0, "ob_f_2003": 3371.0, "tec_f_2003": 1353.0, "adm_f_2003": 258.0, "ob_f_2004": 3607.0, "tec_f_2004": 973.0, "adm_f_2004": 257.0, "ob_f_2005": 4116.0, "tec_f_2005": 364.0, "adm_f_2005": 283.0, "ob_f_2006": 4145.0, "tec_f_2006": 401.0, "adm_f_2006": 329.0, "ob_f_2007": 4050.0, "tec_f_2007": 581.0, "adm_f_2007": 361.0, "ob_f_2008": 4676.0, "tec_f_2008": 628.0, "adm_f_2008": 299.0, "ob_f_2009": 4147.0, "tec_f_2009": 663.0, "adm_f_2009": 291.0, "ob_f_2010": 4882.0, "tec_f_2010": 744.0, "adm_f_2010": 358.0, "ob_f_2011": 5307.0, "tec_f_2011": 491.0, "adm_f_2011": 313.0, "ob_f_2012": 5449.0, "tec_f_2012": 569.0, "adm_f_2012": 307.0, "ob_f_2014": 5253.0, "tec_f_2014": 1385.0, "adm_f_2014": 335.0, "ob_f_2015": 5416.0, "tec_f_2015": 1170.0, "adm_f_2015": 376.0, "ob_f_2016": 4076.0, "tec_f_2016": 1233.0, "adm_f_2016": 378.0, "ob_m_2000": 2059.0, "tec_m_2000": 705.0, "adm_m_2000": 149.0, "ob_m_2001": 1530.0, "tec_m_2001": 715.0, "adm_m_2001": 241.0, "ob_m_2002": 1160.0, "tec_m_2002": 920.0, "adm_m_2002": 278.0, "ob_m_2003": 1478.0, "tec_m_2003": 1573.0, "adm_m_2003": 236.0, "ob_m_2004": 3250.0, "tec_m_2004": 1154.0, "adm_m_2004": 379.0, "ob_m_2005": 2042.0, "tec_m_2005": 537.0, "adm_m_2005": 328.0, "ob_m_2006": 2494.0, "tec_m_2006": 828.0, "adm_m_2006": 333.0, "ob_m_2007": 2061.0, "tec_m_2007": 834.0, "adm_m_2007": 380.0, "ob_m_2008": 2344.0, "tec_m_2008": 1138.0, "adm_m_2008": 269.0, "ob_m_2009": 2289.0, "tec_m_2009": 1077.0, "adm_m_2009": 202.0, "ob_m_2010": 2943.0, "tec_m_2010": 1226.0, "adm_m_2010": 303.0, "ob_m_2011": 3091.0, "tec_m_2011": 853.0, "adm_m_2011": 322.0, "ob_m_2012": 3221.0, "tec_m_2012": 1001.0, "adm_m_2012": 300.0, "ob_m_2014": 2077.0, "tec_m_2014": 1925.0, "adm_m_2014": 364.0, "ob_m_2015": 2015.0, "tec_m_2015": 2093.0, "adm_m_2015": 410.0, "ob_m_2016": 3556.0, "tec_m_2016": 2009.0, "adm_m_2016": 352.0, "ent2000": 26.0, "ent2001": 36.0, "ent2002": 37.0, "ent2003": 40.0, "ent2004": 42.0, "ent2005": 42.0, "ent2006": 35.0, "ent2007": 38.0, "ent2008": 38.0, "ent2009": 37.0, "ent2010": 39.0, "ent2011": 34.0, "ent2012": 31.0, "ent2013": 32.0, "ent2014": 34.0, "ent2015": 33.0, "ent2016": 32.0, "ele2000": 31646223.4, "ele2001": 37173666.23, "ele2002": 39847745.24, "ele2003": 76825402.54000001, "ele2004": 168897478.6, "ele2005": 117089825.7, "ele2006": 113312390.4, "ele2007": 146519634.5, "ele2008": 139838599.5, "ele2009": 143815211.4, "ele2010": 153059641.0, "ele2011": 192686630.6, "ele2012": 221826562.5, "ele2013": 220033255.5, "ele2014": 291017114.6, "ele2015": 304271060.5, "ele2016": 275492.7, "com2000": 0.0, "com2001": 0.0, "com2002": 0.0, "com2003": 25973656.16, "com2004": 40913432.72, "com2005": 52040178.21, "com2006": 42519465.27, "com2007": 66325717.37, "com2008": 86535330.7, "com2009": 74765997.22, "com2010": 71732684.29000001, "com2011": 108673423.5, "com2012": 39959027.02, "com2013": 39386233.22, "com2014": 31533448.28, "com2015": 57163142.31, "com2016": 43754.95, "inf2000": 5325528.84, "inf2001": 3489325.33, "inf2002": 3891923.61, "inf2003": 4772733.2, "inf2004": 8347091.28, "inf2005": 6835304.55, "inf2006": 8214332.99, "inf2007": 10692956.55, "inf2008": 12002827.39, "inf2009": 9861386.33, "inf2010": 12653971.77, "inf2011": 14663263.75, "inf2012": 27454926.47, "inf2013": 20581817.62, "inf2014": 25885097.88, "inf2015": 22991903.43, "inf2016": 19965.49, "wat2000": 757785.81, "wat2001": 1092184.99, "wat2002": 1209174.76, "wat2003": 1651186.39, "wat2004": 2365592.24, "wat2005": 2224881.78, "wat2006": 2222645.17, "wat2007": 2717371.32, "wat2008": 5353475.48, "wat2009": 2437470.02, "wat2010": 2484410.69, "wat2011": 2376390.64, "wat2012": 3962188.82, "wat2013": 3436959.51, "wat2014": 3881109.81, "wat2015": 2787900.23, "wat2016": 2739.7, "tss2000": 17460230.61, "tss2001": 18061333.76, "tss2002": 20355128.26, "tss2003": 19598138.37, "tss2004": 15039551.66, "tss2005": 13508504.63, "tss2006": 12164657.93, "tss2007": 94221029.94, "tss2008": 218994541.8, "tss2009": 411432905.9, "tss2010": 389491791.6, "tss2011": 412295561.0, "tss2012": 293276150.9, "tss2013": 455073620.2, "tss2014": 468762268.2, "tss2015": 588972991.2, "tss2016": 475700.78, "buiilt2000": 900000.0, "buiilt2001": 973647.0, "buiilt2002": 1123787.0, "buiilt2003": 1164304.0, "buiilt2004": 1169994.6, "buiilt2005": 1188543.36, "buiilt2006": 1281783.96, "buiilt2007": 1311572.06, "buiilt2008": 1377095.03, "buiilt2009": 1377095.03, "buiilt2010": 1444060.68, "buiilt2011": 1444060.68, "buiilt2012": 1616489.32, "buiilt2013": 1617488.85, "buiilt2014": 1617488.85, "buiilt2015": 1549454.35, "buiilt2016": 1586270.31, "ocu2000": 810944.0, "ocu2001": 973647.0, "ocu2002": 995606.0, "ocu2003": 1083653.0, "ocu2004": 1169994.6, "ocu2005": 1188543.36, "ocu2006": 1132779.95, "ocu2007": 1193031.14, "ocu2008": 1297573.2, "ocu2009": 1224533.52, "ocu2010": 1343361.28, "ocu2011": 1230581.95, "ocu2012": 1237278.31, "ocu2013": 1321595.88, "ocu2014": 1460680.0, "ocu2015": 1290113.02, "ocu2016": 1286412.35, "sal_op2000": 687.24, "sal_op2001": 721.14, "sal_op2002": 743.91, "sal_op2003": 1116.47, "sal_op2004": 1307.96, "sal_op2005": 1437.19, "sal_op2006": 1539.45, "sal_op2007": 1563.31, "sal_op2008": 1647.71, "sal_op2009": 1926.93, "sal_op2010": 2235.0, "sal_op2011": 2079.84, "sal_op2012": 1945.32, "sal_op2013": 2202.15, "sal_op2014": 2219.47, "sal_op2015": 2388.04, "sal_op2016": 2485.39, "sal_tec2000": 1509.77, "sal_tec2001": 1893.87, "sal_tec2002": 1815.64, "sal_tec2003": 2642.12, "sal_tec2004": 3094.52, "sal_tec2005": 3349.5, "sal_tec2006": 3246.17, "sal_tec2007": 3566.23, "sal_tec2008": 3744.22, "sal_tec2009": 4410.48, "sal_tec2010": 4981.44, "sal_tec2011": 4674.14, "sal_tec2012": 4981.46, "sal_tec2013": 4931.33, "sal_tec2014": 4927.78, "sal_tec2015": 5508.69, "sal_tec2016": 5284.14 }, "geometry": { "type": "Point", "coordinates": [ -69.7873092, 18.50033327 ] } },
{ "type": "Feature", "properties": { "code": "DOM-JAN", "name": "Ecopark Industrial Free Zone ", "latitude": 19.43705956, "longitude": -70.70483542, "start": 1997.0, "close": 0.0, "type": "private", "sez_id": 23.0, "origin ": 1.0, "inv2000": 10200000.0, "inv2001": 18605411.0, "inv2002": 18042060.0, "inv2003": 16141588.76, "inv2004": 16141588.76, "inv2005": 29218513.96, "inv2006": 31297739.0, "inv2007": 28167965.1, "inv2008": 285600.0, "inv2009": 4657734.25, "inv2010": 11426448.0, "inv2011": 5473432.9, "inv2012": 15473775.0, "inv2013": 17103479.83, "inv2014": 17778662.4, "inv2015": 19810494.0, "inv2016": 22017101.0, "ob_f_2000": 30.0, "tec_f_2000": 5.0, "adm_f_2000": 6.0, "ob_f_2001": 156.0, "tec_f_2001": 1.0, "adm_f_2001": 18.0, "ob_f_2002": 109.0, "tec_f_2002": 9.0, "adm_f_2002": 6.0, "ob_f_2003": 184.0, "tec_f_2003": 74.0, "adm_f_2003": 117.0, "ob_f_2004": 390.0, "tec_f_2004": 62.0, "adm_f_2004": 113.0, "ob_f_2005": 256.0, "tec_f_2005": 86.0, "adm_f_2005": 65.0, "ob_f_2006": 468.0, "tec_f_2006": 20.0, "adm_f_2006": 22.0, "ob_f_2007": 374.0, "tec_f_2007": 18.0, "adm_f_2007": 16.0, "ob_f_2008": 78.0, "tec_f_2008": 1.0, "adm_f_2008": 3.0, "ob_f_2009": 118.0, "tec_f_2009": 2.0, "adm_f_2009": 6.0, "ob_f_2010": 51.0, "tec_f_2010": 0.0, "adm_f_2010": 14.0, "ob_f_2011": 115.0, "tec_f_2011": 0.0, "adm_f_2011": 15.0, "ob_f_2012": 123.0, "tec_f_2012": 0.0, "adm_f_2012": 17.0, "ob_f_2014": 1.0, "tec_f_2014": 3.0, "adm_f_2014": 19.0, "ob_f_2015": 20.0, "tec_f_2015": 15.0, "adm_f_2015": 14.0, "ob_f_2016": 73.0, "tec_f_2016": 14.0, "adm_f_2016": 18.0, "ob_m_2000": 196.0, "tec_m_2000": 17.0, "adm_m_2000": 11.0, "ob_m_2001": 330.0, "tec_m_2001": 35.0, "adm_m_2001": 43.0, "ob_m_2002": 424.0, "tec_m_2002": 16.0, "adm_m_2002": 3.0, "ob_m_2003": 595.0, "tec_m_2003": 114.0, "adm_m_2003": 66.0, "ob_m_2004": 761.0, "tec_m_2004": 231.0, "adm_m_2004": 64.0, "ob_m_2005": 729.0, "tec_m_2005": 157.0, "adm_m_2005": 29.0, "ob_m_2006": 608.0, "tec_m_2006": 47.0, "adm_m_2006": 55.0, "ob_m_2007": 486.0, "tec_m_2007": 36.0, "adm_m_2007": 46.0, "ob_m_2008": 93.0, "tec_m_2008": 2.0, "adm_m_2008": 0.0, "ob_m_2009": 185.0, "tec_m_2009": 5.0, "adm_m_2009": 4.0, "ob_m_2010": 164.0, "tec_m_2010": 12.0, "adm_m_2010": 18.0, "ob_m_2011": 241.0, "tec_m_2011": 13.0, "adm_m_2011": 23.0, "ob_m_2012": 232.0, "tec_m_2012": 42.0, "adm_m_2012": 14.0, "ob_m_2014": 228.0, "tec_m_2014": 48.0, "adm_m_2014": 17.0, "ob_m_2015": 282.0, "tec_m_2015": 81.0, "adm_m_2015": 25.0, "ob_m_2016": 343.0, "tec_m_2016": 86.0, "adm_m_2016": 32.0, "ent2000": 2.0, "ent2001": 3.0, "ent2002": 2.0, "ent2003": 2.0, "ent2004": 2.0, "ent2005": 3.0, "ent2006": 3.0, "ent2007": 3.0, "ent2008": 1.0, "ent2009": 2.0, "ent2010": 2.0, "ent2011": 2.0, "ent2012": 2.0, "ent2013": 2.0, "ent2014": 3.0, "ent2015": 3.0, "ent2016": 3.0, "ele2000": 1920000.0, "ele2001": 6760855.85, "ele2002": 7200000.0, "ele2003": 18533222.7, "ele2004": 30313416.0, "ele2005": 33049721.8, "ele2006": 30372231.57, "ele2007": 31935192.65, "ele2008": 2655783.4, "ele2009": 3490166.16, "ele2010": 13945897.54, "ele2011": 18071842.11, "ele2012": 27578770.12, "ele2013": 29306465.2, "ele2014": 32100746.7, "ele2015": 23618678.0, "ele2016": 24590.47, "com2000": 0.0, "com2001": 0.0, "com2002": 0.0, "com2003": 1562350.12, "com2004": 1659158.07, "com2005": 3194773.2, "com2006": 3439315.11, "com2007": 3663069.4, "com2008": 111470.0, "com2009": 237844.93, "com2010": 697056.73, "com2011": 801517.7, "com2012": 1373811.47, "com2013": 1641925.27, "com2014": 1913365.94, "com2015": 1642602.0, "com2016": 1773.81, "inf2000": 0.0, "inf2001": 175778.0, "inf2002": 1080000.0, "inf2003": 487847.8, "inf2004": 754210.42, "inf2005": 1177780.2, "inf2006": 1166095.12, "inf2007": 1135998.67, "inf2008": 132451.56, "inf2009": 124002.0, "inf2010": 334097.4, "inf2011": 386102.2, "inf2012": 576502.72, "inf2013": 673044.2, "inf2014": 658344.27, "inf2015": 445562.22, "inf2016": 477.14, "wat2000": 0.0, "wat2001": 552421.93, "wat2002": 580000.0, "wat2003": 513944.02, "wat2004": 956347.0, "wat2005": 2322318.6, "wat2006": 2393837.98, "wat2007": 1471836.0, "wat2008": 251632.16, "wat2009": 161609.4, "wat2010": 615072.58, "wat2011": 783814.74, "wat2012": 1146753.41, "wat2013": 1063050.05, "wat2014": 1144444.56, "wat2015": 1161581.0, "wat2016": 1222.73, "tss2000": 0.0, "tss2001": 756000.0, "tss2002": 900000.0, "tss2003": 3155411.87, "tss2004": 3798224.0, "tss2005": 3615864.3, "tss2006": 3488336.13, "tss2007": 9462968.92, "tss2008": 2861072.95, "tss2009": 3116546.99, "tss2010": 8668598.43, "tss2011": 10224814.6, "tss2012": 11403839.62, "tss2013": 18590770.49, "tss2014": 12857526.61, "tss2015": 19370105.96, "tss2016": 14091.49, "buiilt2000": 140000.0, "buiilt2001": 140000.0, "buiilt2002": 140000.0, "buiilt2003": 200000.0, "buiilt2004": 200000.0, "buiilt2005": 200000.0, "buiilt2006": 200000.0, "buiilt2007": 200000.0, "buiilt2008": 200000.0, "buiilt2009": 284071.0, "buiilt2010": 284071.0, "buiilt2011": 284071.0, "buiilt2012": 284071.0, "buiilt2013": 217606.0, "buiilt2014": 217606.0, "buiilt2015": 217606.0, "buiilt2016": 217606.0, "ocu2000": 108307.0, "ocu2001": 140000.0, "ocu2002": 140000.0, "ocu2003": 200000.0, "ocu2004": 200000.0, "ocu2005": 200000.0, "ocu2006": 200000.0, "ocu2007": 200000.0, "ocu2008": 60847.26, "ocu2009": 191764.0, "ocu2010": 191764.0, "ocu2011": 191764.0, "ocu2012": 191764.0, "ocu2013": 217606.0, "ocu2014": 217606.0, "ocu2015": 217606.0, "ocu2016": 217606.0, "sal_op2000": 705.0, "sal_op2001": 704.87, "sal_op2002": 818.75, "sal_op2003": 1217.98, "sal_op2004": 1225.0, "sal_op2005": 1394.47, "sal_op2006": 1072.54, "sal_op2007": 1322.66, "sal_op2008": 1350.0, "sal_op2009": 1630.0, "sal_op2010": 1615.0, "sal_op2011": 1965.0, "sal_op2012": 2149.29, "sal_op2013": 2204.03, "sal_op2014": 1882.38, "sal_op2015": 2190.05, "sal_op2016": 2231.2, "sal_tec2000": 2843.98, "sal_tec2001": 1600.33, "sal_tec2002": 1836.0, "sal_tec2003": 1345.01, "sal_tec2004": 1486.97, "sal_tec2005": 3107.5, "sal_tec2006": 3352.33, "sal_tec2007": 3680.75, "sal_tec2008": 4500.0, "sal_tec2009": 4350.0, "sal_tec2010": 4650.0, "sal_tec2011": 6200.0, "sal_tec2012": 4770.09, "sal_tec2013": 5496.0, "sal_tec2014": 6040.67, "sal_tec2015": 6561.18, "sal_tec2016": 7325.0 }, "geometry": { "type": "Point", "coordinates": [ -70.70483542, 19.43705956 ] } },
{ "type": "Feature", "properties": { "code": "DOM-JOB", "name": "Zona Franca Jobo Industrial", "latitude": 19.47548577, "longitude": -70.64268481000001, "start": 2015.0, "close": 0.0, "type": "private", "sez_id": 46.0, "origin ": 1.0, "inv2000": 0.0, "inv2001": 0.0, "inv2002": 0.0, "inv2003": 0.0, "inv2004": 0.0, "inv2005": 0.0, "inv2006": 0.0, "inv2007": 0.0, "inv2008": 0.0, "inv2009": 0.0, "inv2010": 0.0, "inv2011": 0.0, "inv2012": 0.0, "inv2013": 0.0, "inv2014": 0.0, "inv2015": 235000.0, "inv2016": 6534700.0, "ob_f_2000": 0.0, "tec_f_2000": 0.0, "adm_f_2000": 0.0, "ob_f_2001": 0.0, "tec_f_2001": 0.0, "adm_f_2001": 0.0, "ob_f_2002": 0.0, "tec_f_2002": 0.0, "adm_f_2002": 0.0, "ob_f_2003": 0.0, "tec_f_2003": 0.0, "adm_f_2003": 0.0, "ob_f_2004": 0.0, "tec_f_2004": 0.0, "adm_f_2004": 0.0, "ob_f_2005": 0.0, "tec_f_2005": 0.0, "adm_f_2005": 0.0, "ob_f_2006": 0.0, "tec_f_2006": 0.0, "adm_f_2006": 0.0, "ob_f_2007": 0.0, "tec_f_2007": 0.0, "adm_f_2007": 0.0, "ob_f_2008": 0.0, "tec_f_2008": 0.0, "adm_f_2008": 0.0, "ob_f_2009": 0.0, "tec_f_2009": 0.0, "adm_f_2009": 0.0, "ob_f_2010": 0.0, "tec_f_2010": 0.0, "adm_f_2010": 0.0, "ob_f_2011": 0.0, "tec_f_2011": 0.0, "adm_f_2011": 0.0, "ob_f_2012": 0.0, "tec_f_2012": 0.0, "adm_f_2012": 0.0, "ob_f_2014": 0.0, "tec_f_2014": 0.0, "adm_f_2014": 0.0, "ob_f_2015": 17.0, "tec_f_2015": 0.0, "adm_f_2015": 5.0, "ob_f_2016": 6.0, "tec_f_2016": 0.0, "adm_f_2016": 5.0, "ob_m_2000": 0.0, "tec_m_2000": 0.0, "adm_m_2000": 0.0, "ob_m_2001": 0.0, "tec_m_2001": 0.0, "adm_m_2001": 0.0, "ob_m_2002": 0.0, "tec_m_2002": 0.0, "adm_m_2002": 0.0, "ob_m_2003": 0.0, "tec_m_2003": 0.0, "adm_m_2003": 0.0, "ob_m_2004": 0.0, "tec_m_2004": 0.0, "adm_m_2004": 0.0, "ob_m_2005": 0.0, "tec_m_2005": 0.0, "adm_m_2005": 0.0, "ob_m_2006": 0.0, "tec_m_2006": 0.0, "adm_m_2006": 0.0, "ob_m_2007": 0.0, "tec_m_2007": 0.0, "adm_m_2007": 0.0, "ob_m_2008": 0.0, "tec_m_2008": 0.0, "adm_m_2008": 0.0, "ob_m_2009": 0.0, "tec_m_2009": 0.0, "adm_m_2009": 0.0, "ob_m_2010": 0.0, "tec_m_2010": 0.0, "adm_m_2010": 0.0, "ob_m_2011": 0.0, "tec_m_2011": 0.0, "adm_m_2011": 0.0, "ob_m_2012": 0.0, "tec_m_2012": 0.0, "adm_m_2012": 0.0, "ob_m_2014": 0.0, "tec_m_2014": 0.0, "adm_m_2014": 0.0, "ob_m_2015": 26.0, "tec_m_2015": 3.0, "adm_m_2015": 4.0, "ob_m_2016": 17.0, "tec_m_2016": 6.0, "adm_m_2016": 2.0, "ent2000": 0.0, "ent2001": 0.0, "ent2002": 0.0, "ent2003": 0.0, "ent2004": 0.0, "ent2005": 0.0, "ent2006": 0.0, "ent2007": 0.0, "ent2008": 0.0, "ent2009": 0.0, "ent2010": 0.0, "ent2011": 0.0, "ent2012": 0.0, "ent2013": 0.0, "ent2014": 0.0, "ent2015": 2.0, "ent2016": 2.0, "ele2000": 0.0, "ele2001": 0.0, "ele2002": 0.0, "ele2003": 0.0, "ele2004": 0.0, "ele2005": 0.0, "ele2006": 0.0, "ele2007": 0.0, "ele2008": 0.0, "ele2009": 0.0, "ele2010": 0.0, "ele2011": 0.0, "ele2012": 0.0, "ele2013": 0.0, "ele2014": 0.0, "ele2015": 85000.0, "ele2016": 1360.0, "com2000": 0.0, "com2001": 0.0, "com2002": 0.0, "com2003": 0.0, "com2004": 0.0, "com2005": 0.0, "com2006": 0.0, "com2007": 0.0, "com2008": 0.0, "com2009": 0.0, "com2010": 0.0, "com2011": 0.0, "com2012": 0.0, "com2013": 0.0, "com2014": 0.0, "com2015": 15300.0, "com2016": 122.23, "inf2000": 0.0, "inf2001": 0.0, "inf2002": 0.0, "inf2003": 0.0, "inf2004": 0.0, "inf2005": 0.0, "inf2006": 0.0, "inf2007": 0.0, "inf2008": 0.0, "inf2009": 0.0, "inf2010": 0.0, "inf2011": 0.0, "inf2012": 0.0, "inf2013": 0.0, "inf2014": 0.0, "inf2015": 10200.0, "inf2016": 47.17, "wat2000": 0.0, "wat2001": 0.0, "wat2002": 0.0, "wat2003": 0.0, "wat2004": 0.0, "wat2005": 0.0, "wat2006": 0.0, "wat2007": 0.0, "wat2008": 0.0, "wat2009": 0.0, "wat2010": 0.0, "wat2011": 0.0, "wat2012": 0.0, "wat2013": 0.0, "wat2014": 0.0, "wat2015": 6500.0, "wat2016": 50.53, "tss2000": 0.0, "tss2001": 0.0, "tss2002": 0.0, "tss2003": 0.0, "tss2004": 0.0, "tss2005": 0.0, "tss2006": 0.0, "tss2007": 0.0, "tss2008": 0.0, "tss2009": 0.0, "tss2010": 0.0, "tss2011": 0.0, "tss2012": 0.0, "tss2013": 0.0, "tss2014": 0.0, "tss2015": 3437592.01, "tss2016": 1078.43, "buiilt2000": 0.0, "buiilt2001": 0.0, "buiilt2002": 0.0, "buiilt2003": 0.0, "buiilt2004": 0.0, "buiilt2005": 0.0, "buiilt2006": 0.0, "buiilt2007": 0.0, "buiilt2008": 0.0, "buiilt2009": 0.0, "buiilt2010": 0.0, "buiilt2011": 0.0, "buiilt2012": 0.0, "buiilt2013": 0.0, "buiilt2014": 0.0, "buiilt2015": 110000.0, "buiilt2016": 110000.0, "ocu2000": 0.0, "ocu2001": 0.0, "ocu2002": 0.0, "ocu2003": 0.0, "ocu2004": 0.0, "ocu2005": 0.0, "ocu2006": 0.0, "ocu2007": 0.0, "ocu2008": 0.0, "ocu2009": 0.0, "ocu2010": 0.0, "ocu2011": 0.0, "ocu2012": 0.0, "ocu2013": 0.0, "ocu2014": 0.0, "ocu2015": 110000.0, "ocu2016": 110000.0, "sal_op2000": 0.0, "sal_op2001": 0.0, "sal_op2002": 0.0, "sal_op2003": 0.0, "sal_op2004": 0.0, "sal_op2005": 0.0, "sal_op2006": 0.0, "sal_op2007": 0.0, "sal_op2008": 0.0, "sal_op2009": 0.0, "sal_op2010": 0.0, "sal_op2011": 0.0, "sal_op2012": 0.0, "sal_op2013": 0.0, "sal_op2014": 0.0, "sal_op2015": 2000.0, "sal_op2016": 2208.98, "sal_tec2000": 0.0, "sal_tec2001": 0.0, "sal_tec2002": 0.0, "sal_tec2003": 0.0, "sal_tec2004": 0.0, "sal_tec2005": 0.0, "sal_tec2006": 0.0, "sal_tec2007": 0.0, "sal_tec2008": 0.0, "sal_tec2009": 0.0, "sal_tec2010": 0.0, "sal_tec2011": 0.0, "sal_tec2012": 0.0, "sal_tec2013": 0.0, "sal_tec2014": 0.0, "sal_tec2015": 3250.0, "sal_tec2016": 3630.6 }, "geometry": { "type": "Point", "coordinates": [ -70.64268481, 19.47548577 ] } },
{ "type": "Feature", "properties": { "code": "DOM-KGC", "name": "Parque Ind. KG Compania Comercial", "latitude": 19.5498392, "longitude": -70.84249449000001, "start": 2014.0, "close": 0.0, "type": "private", "sez_id": 48.0, "origin ": 1.0, "inv2000": 0.0, "inv2001": 0.0, "inv2002": 0.0, "inv2003": 0.0, "inv2004": 0.0, "inv2005": 0.0, "inv2006": 0.0, "inv2007": 0.0, "inv2008": 0.0, "inv2009": 0.0, "inv2010": 0.0, "inv2011": 0.0, "inv2012": 0.0, "inv2013": 0.0, "inv2014": 2658123.3, "inv2015": 2691026.9, "inv2016": 1378419.0, "ob_f_2000": 0.0, "tec_f_2000": 0.0, "adm_f_2000": 0.0, "ob_f_2001": 0.0, "tec_f_2001": 0.0, "adm_f_2001": 0.0, "ob_f_2002": 0.0, "tec_f_2002": 0.0, "adm_f_2002": 0.0, "ob_f_2003": 0.0, "tec_f_2003": 0.0, "adm_f_2003": 0.0, "ob_f_2004": 0.0, "tec_f_2004": 0.0, "adm_f_2004": 0.0, "ob_f_2005": 0.0, "tec_f_2005": 0.0, "adm_f_2005": 0.0, "ob_f_2006": 0.0, "tec_f_2006": 0.0, "adm_f_2006": 0.0, "ob_f_2007": 0.0, "tec_f_2007": 0.0, "adm_f_2007": 0.0, "ob_f_2008": 0.0, "tec_f_2008": 0.0, "adm_f_2008": 0.0, "ob_f_2009": 0.0, "tec_f_2009": 0.0, "adm_f_2009": 0.0, "ob_f_2010": 0.0, "tec_f_2010": 0.0, "adm_f_2010": 0.0, "ob_f_2011": 0.0, "tec_f_2011": 0.0, "adm_f_2011": 0.0, "ob_f_2012": 0.0, "tec_f_2012": 0.0, "adm_f_2012": 0.0, "ob_f_2014": 323.0, "tec_f_2014": 0.0, "adm_f_2014": 3.0, "ob_f_2015": 364.0, "tec_f_2015": 0.0, "adm_f_2015": 4.0, "ob_f_2016": 286.0, "tec_f_2016": 0.0, "adm_f_2016": 3.0, "ob_m_2000": 0.0, "tec_m_2000": 0.0, "adm_m_2000": 0.0, "ob_m_2001": 0.0, "tec_m_2001": 0.0, "adm_m_2001": 0.0, "ob_m_2002": 0.0, "tec_m_2002": 0.0, "adm_m_2002": 0.0, "ob_m_2003": 0.0, "tec_m_2003": 0.0, "adm_m_2003": 0.0, "ob_m_2004": 0.0, "tec_m_2004": 0.0, "adm_m_2004": 0.0, "ob_m_2005": 0.0, "tec_m_2005": 0.0, "adm_m_2005": 0.0, "ob_m_2006": 0.0, "tec_m_2006": 0.0, "adm_m_2006": 0.0, "ob_m_2007": 0.0, "tec_m_2007": 0.0, "adm_m_2007": 0.0, "ob_m_2008": 0.0, "tec_m_2008": 0.0, "adm_m_2008": 0.0, "ob_m_2009": 0.0, "tec_m_2009": 0.0, "adm_m_2009": 0.0, "ob_m_2010": 0.0, "tec_m_2010": 0.0, "adm_m_2010": 0.0, "ob_m_2011": 0.0, "tec_m_2011": 0.0, "adm_m_2011": 0.0, "ob_m_2012": 0.0, "tec_m_2012": 0.0, "adm_m_2012": 0.0, "ob_m_2014": 60.0, "tec_m_2014": 5.0, "adm_m_2014": 1.0, "ob_m_2015": 64.0, "tec_m_2015": 5.0, "adm_m_2015": 1.0, "ob_m_2016": 53.0, "tec_m_2016": 3.0, "adm_m_2016": 1.0, "ent2000": 0.0, "ent2001": 0.0, "ent2002": 0.0, "ent2003": 0.0, "ent2004": 0.0, "ent2005": 0.0, "ent2006": 0.0, "ent2007": 0.0, "ent2008": 0.0, "ent2009": 0.0, "ent2010": 0.0, "ent2011": 0.0, "ent2012": 0.0, "ent2013": 0.0, "ent2014": 1.0, "ent2015": 1.0, "ent2016": 1.0, "ele2000": 0.0, "ele2001": 0.0, "ele2002": 0.0, "ele2003": 0.0, "ele2004": 0.0, "ele2005": 0.0, "ele2006": 0.0, "ele2007": 0.0, "ele2008": 0.0, "ele2009": 0.0, "ele2010": 0.0, "ele2011": 0.0, "ele2012": 0.0, "ele2013": 0.0, "ele2014": 175472.76, "ele2015": 182851.78, "ele2016": 183.44, "com2000": 0.0, "com2001": 0.0, "com2002": 0.0, "com2003": 0.0, "com2004": 0.0, "com2005": 0.0, "com2006": 0.0, "com2007": 0.0, "com2008": 0.0, "com2009": 0.0, "com2010": 0.0, "com2011": 0.0, "com2012": 0.0, "com2013": 0.0, "com2014": 225504.08, "com2015": 306934.45, "com2016": 283.01, "inf2000": 0.0, "inf2001": 0.0, "inf2002": 0.0, "inf2003": 0.0, "inf2004": 0.0, "inf2005": 0.0, "inf2006": 0.0, "inf2007": 0.0, "inf2008": 0.0, "inf2009": 0.0, "inf2010": 0.0, "inf2011": 0.0, "inf2012": 0.0, "inf2013": 0.0, "inf2014": 264878.0, "inf2015": 296012.0, "inf2016": 239.11, "wat2000": 0.0, "wat2001": 0.0, "wat2002": 0.0, "wat2003": 0.0, "wat2004": 0.0, "wat2005": 0.0, "wat2006": 0.0, "wat2007": 0.0, "wat2008": 0.0, "wat2009": 0.0, "wat2010": 0.0, "wat2011": 0.0, "wat2012": 0.0, "wat2013": 0.0, "wat2014": 71029.07, "wat2015": 73420.06, "wat2016": 6.0, "tss2000": 0.0, "tss2001": 0.0, "tss2002": 0.0, "tss2003": 0.0, "tss2004": 0.0, "tss2005": 0.0, "tss2006": 0.0, "tss2007": 0.0, "tss2008": 0.0, "tss2009": 0.0, "tss2010": 0.0, "tss2011": 0.0, "tss2012": 0.0, "tss2013": 0.0, "tss2014": 5755292.16, "tss2015": 6504848.16, "tss2016": 5001.6, "buiilt2000": 0.0, "buiilt2001": 0.0, "buiilt2002": 0.0, "buiilt2003": 0.0, "buiilt2004": 0.0, "buiilt2005": 0.0, "buiilt2006": 0.0, "buiilt2007": 0.0, "buiilt2008": 0.0, "buiilt2009": 0.0, "buiilt2010": 0.0, "buiilt2011": 0.0, "buiilt2012": 0.0, "buiilt2013": 0.0, "buiilt2014": 48300.0, "buiilt2015": 52821.0, "buiilt2016": 52821.0, "ocu2000": 0.0, "ocu2001": 0.0, "ocu2002": 0.0, "ocu2003": 0.0, "ocu2004": 0.0, "ocu2005": 0.0, "ocu2006": 0.0, "ocu2007": 0.0, "ocu2008": 0.0, "ocu2009": 0.0, "ocu2010": 0.0, "ocu2011": 0.0, "ocu2012": 0.0, "ocu2013": 0.0, "ocu2014": 48300.0, "ocu2015": 52821.0, "ocu2016": 52821.0, "sal_op2000": 0.0, "sal_op2001": 0.0, "sal_op2002": 0.0, "sal_op2003": 0.0, "sal_op2004": 0.0, "sal_op2005": 0.0, "sal_op2006": 0.0, "sal_op2007": 0.0, "sal_op2008": 0.0, "sal_op2009": 0.0, "sal_op2010": 0.0, "sal_op2011": 0.0, "sal_op2012": 0.0, "sal_op2013": 0.0, "sal_op2014": 1900.0, "sal_op2015": 2056.0, "sal_op2016": 2070.0, "sal_tec2000": 0.0, "sal_tec2001": 0.0, "sal_tec2002": 0.0, "sal_tec2003": 0.0, "sal_tec2004": 0.0, "sal_tec2005": 0.0, "sal_tec2006": 0.0, "sal_tec2007": 0.0, "sal_tec2008": 0.0, "sal_tec2009": 0.0, "sal_tec2010": 0.0, "sal_tec2011": 0.0, "sal_tec2012": 0.0, "sal_tec2013": 0.0, "sal_tec2014": 4000.0, "sal_tec2015": 4200.0, "sal_tec2016": 4200.0 }, "geometry": { "type": "Point", "coordinates": [ -70.84249449, 19.5498392 ] } },
{ "type": "Feature", "properties": { "code": "DOM-LAS", "name": "Las Americas ", "latitude": 18.46024249, "longitude": -69.7068226, "start": 1989.0, "close": 0.0, "type": "private", "sez_id": 50.0, "origin ": 1.0, "inv2000": 106989708.0, "inv2001": 129646562.0, "inv2002": 135824379.2, "inv2003": 139389061.7, "inv2004": 185309783.6, "inv2005": 181067451.1, "inv2006": 197337263.0, "inv2007": 184298723.9, "inv2008": 368203479.7, "inv2009": 410015315.9, "inv2010": 393617488.6, "inv2011": 357020442.4, "inv2012": 342177049.4, "inv2013": 405978614.9, "inv2014": 356027384.7, "inv2015": 333853320.5, "inv2016": 383936907.5, "ob_f_2000": 5721.0, "tec_f_2000": 206.0, "adm_f_2000": 481.0, "ob_f_2001": 5035.0, "tec_f_2001": 364.0, "adm_f_2001": 280.0, "ob_f_2002": 5500.0, "tec_f_2002": 185.0, "adm_f_2002": 340.0, "ob_f_2003": 5335.0, "tec_f_2003": 373.0, "adm_f_2003": 332.0, "ob_f_2004": 5860.0, "tec_f_2004": 320.0, "adm_f_2004": 332.0, "ob_f_2005": 5611.0, "tec_f_2005": 298.0, "adm_f_2005": 313.0, "ob_f_2006": 5816.0, "tec_f_2006": 421.0, "adm_f_2006": 366.0, "ob_f_2007": 5330.0, "tec_f_2007": 443.0, "adm_f_2007": 421.0, "ob_f_2008": 6757.0, "tec_f_2008": 574.0, "adm_f_2008": 437.0, "ob_f_2009": 6296.0, "tec_f_2009": 645.0, "adm_f_2009": 352.0, "ob_f_2010": 5701.0, "tec_f_2010": 623.0, "adm_f_2010": 330.0, "ob_f_2011": 6449.0, "tec_f_2011": 458.0, "adm_f_2011": 361.0, "ob_f_2012": 6893.0, "tec_f_2012": 540.0, "adm_f_2012": 370.0, "ob_f_2014": 7449.0, "tec_f_2014": 402.0, "adm_f_2014": 484.0, "ob_f_2015": 7918.0, "tec_f_2015": 611.0, "adm_f_2015": 517.0, "ob_f_2016": 7475.0, "tec_f_2016": 783.0, "adm_f_2016": 429.0, "ob_m_2000": 3052.0, "tec_m_2000": 349.0, "adm_m_2000": 426.0, "ob_m_2001": 2651.0, "tec_m_2001": 371.0, "adm_m_2001": 335.0, "ob_m_2002": 2854.0, "tec_m_2002": 291.0, "adm_m_2002": 383.0, "ob_m_2003": 3420.0, "tec_m_2003": 288.0, "adm_m_2003": 388.0, "ob_m_2004": 3689.0, "tec_m_2004": 549.0, "adm_m_2004": 415.0, "ob_m_2005": 3604.0, "tec_m_2005": 737.0, "adm_m_2005": 381.0, "ob_m_2006": 3540.0, "tec_m_2006": 719.0, "adm_m_2006": 375.0, "ob_m_2007": 3713.0, "tec_m_2007": 735.0, "adm_m_2007": 668.0, "ob_m_2008": 4070.0, "tec_m_2008": 619.0, "adm_m_2008": 632.0, "ob_m_2009": 2445.0, "tec_m_2009": 712.0, "adm_m_2009": 559.0, "ob_m_2010": 2991.0, "tec_m_2010": 824.0, "adm_m_2010": 441.0, "ob_m_2011": 2402.0, "tec_m_2011": 836.0, "adm_m_2011": 495.0, "ob_m_2012": 2385.0, "tec_m_2012": 906.0, "adm_m_2012": 480.0, "ob_m_2014": 2473.0, "tec_m_2014": 729.0, "adm_m_2014": 612.0, "ob_m_2015": 2647.0, "tec_m_2015": 839.0, "adm_m_2015": 487.0, "ob_m_2016": 2615.0, "tec_m_2016": 1040.0, "adm_m_2016": 397.0, "ent2000": 19.0, "ent2001": 20.0, "ent2002": 21.0, "ent2003": 18.0, "ent2004": 22.0, "ent2005": 23.0, "ent2006": 22.0, "ent2007": 23.0, "ent2008": 23.0, "ent2009": 22.0, "ent2010": 21.0, "ent2011": 25.0, "ent2012": 23.0, "ent2013": 24.0, "ent2014": 24.0, "ent2015": 25.0, "ent2016": 26.0, "ele2000": 39819296.51, "ele2001": 47191306.25, "ele2002": 55145120.07, "ele2003": 89759303.35, "ele2004": 139655957.0, "ele2005": 161252682.0, "ele2006": 182068757.3, "ele2007": 226515732.7, "ele2008": 183340508.6, "ele2009": 184663047.5, "ele2010": 148893774.2, "ele2011": 187574926.9, "ele2012": 217385839.1, "ele2013": 25912209.5, "ele2014": 243770121.4, "ele2015": 280476699.9, "ele2016": 247328.3, "com2000": 0.0, "com2001": 0.0, "com2002": 0.0, "com2003": 13600259.12, "com2004": 18415056.64, "com2005": 22157331.78, "com2006": 24776671.92, "com2007": 26473088.44, "com2008": 24558280.98, "com2009": 20264154.81, "com2010": 16907982.24, "com2011": 23002757.29, "com2012": 20807743.47, "com2013": 26736742.44, "com2014": 28663996.9, "com2015": 36698243.86, "com2016": 40217.23, "inf2000": 3828482.0, "inf2001": 4016915.25, "inf2002": 4140679.86, "inf2003": 4603336.69, "inf2004": 6526259.0, "inf2005": 8250162.38, "inf2006": 9630952.12, "inf2007": 11418837.77, "inf2008": 12706874.59, "inf2009": 10989941.71, "inf2010": 10669461.19, "inf2011": 12122941.99, "inf2012": 13698401.94, "inf2013": 16200357.34, "inf2014": 16453650.06, "inf2015": 18741943.54, "inf2016": 18492.23, "wat2000": 659109.0, "wat2001": 1056567.94, "wat2002": 1136512.06, "wat2003": 2031771.94, "wat2004": 3096066.94, "wat2005": 4128403.43, "wat2006": 4335997.8, "wat2007": 5390349.74, "wat2008": 4833209.31, "wat2009": 3545105.17, "wat2010": 3022288.53, "wat2011": 3809589.07, "wat2012": 3990137.71, "wat2013": 3851365.74, "wat2014": 3707055.18, "wat2015": 4337957.99, "wat2016": 3484.4, "tss2000": 18075614.0, "tss2001": 54461047.49, "tss2002": 36699902.02, "tss2003": 19479075.1, "tss2004": 32545714.87, "tss2005": 32098790.74, "tss2006": 19939434.03, "tss2007": 82758069.47, "tss2008": 320520331.0, "tss2009": 183177753.7, "tss2010": 212243524.6, "tss2011": 220785052.0, "tss2012": 229389506.7, "tss2013": 255825296.2, "tss2014": 378837030.9, "tss2015": 463645784.0, "tss2016": 411903.86, "buiilt2000": 1200000.0, "buiilt2001": 1193592.0, "buiilt2002": 1136891.0, "buiilt2003": 1136891.0, "buiilt2004": 1390819.85, "buiilt2005": 1406078.05, "buiilt2006": 1433942.56, "buiilt2007": 1509756.37, "buiilt2008": 1556161.04, "buiilt2009": 1625617.59, "buiilt2010": 1625617.59, "buiilt2011": 1625617.59, "buiilt2012": 1628263.92, "buiilt2013": 1657963.19, "buiilt2014": 1699062.37, "buiilt2015": 1638117.54, "buiilt2016": 1638117.54, "ocu2000": 1200000.0, "ocu2001": 1174335.0, "ocu2002": 1030903.0, "ocu2003": 1136891.0, "ocu2004": 1390819.85, "ocu2005": 1363211.42, "ocu2006": 1398034.37, "ocu2007": 1509756.37, "ocu2008": 1490595.62, "ocu2009": 1552422.89, "ocu2010": 1178022.88, "ocu2011": 1307209.33, "ocu2012": 1240384.81, "ocu2013": 1353201.78, "ocu2014": 1554553.83, "ocu2015": 1638117.54, "ocu2016": 1638117.54, "sal_op2000": 637.65, "sal_op2001": 821.14, "sal_op2002": 726.3, "sal_op2003": 940.37, "sal_op2004": 1085.49, "sal_op2005": 1222.53, "sal_op2006": 1571.95, "sal_op2007": 1703.15, "sal_op2008": 1719.97, "sal_op2009": 1660.91, "sal_op2010": 1690.91, "sal_op2011": 1801.59, "sal_op2012": 1851.55, "sal_op2013": 1982.76, "sal_op2014": 2439.19, "sal_op2015": 2689.76, "sal_op2016": 2990.45, "sal_tec2000": 2002.17, "sal_tec2001": 1926.11, "sal_tec2002": 1872.13, "sal_tec2003": 2466.1, "sal_tec2004": 2613.05, "sal_tec2005": 2884.53, "sal_tec2006": 3928.73, "sal_tec2007": 4345.44, "sal_tec2008": 3306.37, "sal_tec2009": 4126.97, "sal_tec2010": 4124.22, "sal_tec2011": 4196.55, "sal_tec2012": 4372.81, "sal_tec2013": 4995.19, "sal_tec2014": 5024.97, "sal_tec2015": 4865.58, "sal_tec2016": 5713.0 }, "geometry": { "type": "Point", "coordinates": [ -69.7068226, 18.46024249 ] } },
{ "type": "Feature", "properties": { "code": "DOM-LEO", "name": "Parque Industrial Eduardo Leon Jimenes ", "latitude": 19.46227703, "longitude": -70.671318, "start": 2018.0, "close": 0.0, "type": "private", "sez_id": 51.0, "origin ": 1.0, "inv2000": 0.0, "inv2001": 0.0, "inv2002": 0.0, "inv2003": 0.0, "inv2004": 0.0, "inv2005": 0.0, "inv2006": 0.0, "inv2007": 0.0, "inv2008": 0.0, "inv2009": 0.0, "inv2010": 0.0, "inv2011": 0.0, "inv2012": 0.0, "inv2013": 0.0, "inv2014": 0.0, "inv2015": 0.0, "inv2016": 0.0, "ob_f_2000": 0.0, "tec_f_2000": 0.0, "adm_f_2000": 0.0, "ob_f_2001": 0.0, "tec_f_2001": 0.0, "adm_f_2001": 0.0, "ob_f_2002": 0.0, "tec_f_2002": 0.0, "adm_f_2002": 0.0, "ob_f_2003": 0.0, "tec_f_2003": 0.0, "adm_f_2003": 0.0, "ob_f_2004": 0.0, "tec_f_2004": 0.0, "adm_f_2004": 0.0, "ob_f_2005": 0.0, "tec_f_2005": 0.0, "adm_f_2005": 0.0, "ob_f_2006": 0.0, "tec_f_2006": 0.0, "adm_f_2006": 0.0, "ob_f_2007": 0.0, "tec_f_2007": 0.0, "adm_f_2007": 0.0, "ob_f_2008": 0.0, "tec_f_2008": 0.0, "adm_f_2008": 0.0, "ob_f_2009": 0.0, "tec_f_2009": 0.0, "adm_f_2009": 0.0, "ob_f_2010": 0.0, "tec_f_2010": 0.0, "adm_f_2010": 0.0, "ob_f_2011": 0.0, "tec_f_2011": 0.0, "adm_f_2011": 0.0, "ob_f_2012": 0.0, "tec_f_2012": 0.0, "adm_f_2012": 0.0, "ob_f_2014": 0.0, "tec_f_2014": 0.0, "adm_f_2014": 0.0, "ob_f_2015": 0.0, "tec_f_2015": 0.0, "adm_f_2015": 0.0, "ob_f_2016": 0.0, "tec_f_2016": 0.0, "adm_f_2016": 0.0, "ob_m_2000": 0.0, "tec_m_2000": 0.0, "adm_m_2000": 0.0, "ob_m_2001": 0.0, "tec_m_2001": 0.0, "adm_m_2001": 0.0, "ob_m_2002": 0.0, "tec_m_2002": 0.0, "adm_m_2002": 0.0, "ob_m_2003": 0.0, "tec_m_2003": 0.0, "adm_m_2003": 0.0, "ob_m_2004": 0.0, "tec_m_2004": 0.0, "adm_m_2004": 0.0, "ob_m_2005": 0.0, "tec_m_2005": 0.0, "adm_m_2005": 0.0, "ob_m_2006": 0.0, "tec_m_2006": 0.0, "adm_m_2006": 0.0, "ob_m_2007": 0.0, "tec_m_2007": 0.0, "adm_m_2007": 0.0, "ob_m_2008": 0.0, "tec_m_2008": 0.0, "adm_m_2008": 0.0, "ob_m_2009": 0.0, "tec_m_2009": 0.0, "adm_m_2009": 0.0, "ob_m_2010": 0.0, "tec_m_2010": 0.0, "adm_m_2010": 0.0, "ob_m_2011": 0.0, "tec_m_2011": 0.0, "adm_m_2011": 0.0, "ob_m_2012": 0.0, "tec_m_2012": 0.0, "adm_m_2012": 0.0, "ob_m_2014": 0.0, "tec_m_2014": 0.0, "adm_m_2014": 0.0, "ob_m_2015": 0.0, "tec_m_2015": 0.0, "adm_m_2015": 0.0, "ob_m_2016": 0.0, "tec_m_2016": 0.0, "adm_m_2016": 0.0, "ent2000": 0.0, "ent2001": 0.0, "ent2002": 0.0, "ent2003": 0.0, "ent2004": 0.0, "ent2005": 0.0, "ent2006": 0.0, "ent2007": 0.0, "ent2008": 0.0, "ent2009": 0.0, "ent2010": 0.0, "ent2011": 0.0, "ent2012": 0.0, "ent2013": 0.0, "ent2014": 0.0, "ent2015": 0.0, "ent2016": 0.0, "ele2000": 0.0, "ele2001": 0.0, "ele2002": 0.0, "ele2003": 0.0, "ele2004": 0.0, "ele2005": 0.0, "ele2006": 0.0, "ele2007": 0.0, "ele2008": 0.0, "ele2009": 0.0, "ele2010": 0.0, "ele2011": 0.0, "ele2012": 0.0, "ele2013": 0.0, "ele2014": 0.0, "ele2015": 0.0, "ele2016": 0.0, "com2000": 0.0, "com2001": 0.0, "com2002": 0.0, "com2003": 0.0, "com2004": 0.0, "com2005": 0.0, "com2006": 0.0, "com2007": 0.0, "com2008": 0.0, "com2009": 0.0, "com2010": 0.0, "com2011": 0.0, "com2012": 0.0, "com2013": 0.0, "com2014": 0.0, "com2015": 0.0, "com2016": 0.0, "inf2000": 0.0, "inf2001": 0.0, "inf2002": 0.0, "inf2003": 0.0, "inf2004": 0.0, "inf2005": 0.0, "inf2006": 0.0, "inf2007": 0.0, "inf2008": 0.0, "inf2009": 0.0, "inf2010": 0.0, "inf2011": 0.0, "inf2012": 0.0, "inf2013": 0.0, "inf2014": 0.0, "inf2015": 0.0, "inf2016": 0.0, "wat2000": 0.0, "wat2001": 0.0, "wat2002": 0.0, "wat2003": 0.0, "wat2004": 0.0, "wat2005": 0.0, "wat2006": 0.0, "wat2007": 0.0, "wat2008": 0.0, "wat2009": 0.0, "wat2010": 0.0, "wat2011": 0.0, "wat2012": 0.0, "wat2013": 0.0, "wat2014": 0.0, "wat2015": 0.0, "wat2016": 0.0, "tss2000": 0.0, "tss2001": 0.0, "tss2002": 0.0, "tss2003": 0.0, "tss2004": 0.0, "tss2005": 0.0, "tss2006": 0.0, "tss2007": 0.0, "tss2008": 0.0, "tss2009": 0.0, "tss2010": 0.0, "tss2011": 0.0, "tss2012": 0.0, "tss2013": 0.0, "tss2014": 0.0, "tss2015": 0.0, "tss2016": 0.0, "buiilt2000": 0.0, "buiilt2001": 0.0, "buiilt2002": 0.0, "buiilt2003": 0.0, "buiilt2004": 0.0, "buiilt2005": 0.0, "buiilt2006": 0.0, "buiilt2007": 0.0, "buiilt2008": 0.0, "buiilt2009": 0.0, "buiilt2010": 0.0, "buiilt2011": 0.0, "buiilt2012": 0.0, "buiilt2013": 0.0, "buiilt2014": 0.0, "buiilt2015": 0.0, "buiilt2016": 0.0, "ocu2000": 0.0, "ocu2001": 0.0, "ocu2002": 0.0, "ocu2003": 0.0, "ocu2004": 0.0, "ocu2005": 0.0, "ocu2006": 0.0, "ocu2007": 0.0, "ocu2008": 0.0, "ocu2009": 0.0, "ocu2010": 0.0, "ocu2011": 0.0, "ocu2012": 0.0, "ocu2013": 0.0, "ocu2014": 0.0, "ocu2015": 0.0, "ocu2016": 0.0, "sal_op2000": 0.0, "sal_op2001": 0.0, "sal_op2002": 0.0, "sal_op2003": 0.0, "sal_op2004": 0.0, "sal_op2005": 0.0, "sal_op2006": 0.0, "sal_op2007": 0.0, "sal_op2008": 0.0, "sal_op2009": 0.0, "sal_op2010": 0.0, "sal_op2011": 0.0, "sal_op2012": 0.0, "sal_op2013": 0.0, "sal_op2014": 0.0, "sal_op2015": 0.0, "sal_op2016": 0.0, "sal_tec2000": 0.0, "sal_tec2001": 0.0, "sal_tec2002": 0.0, "sal_tec2003": 0.0, "sal_tec2004": 0.0, "sal_tec2005": 0.0, "sal_tec2006": 0.0, "sal_tec2007": 0.0, "sal_tec2008": 0.0, "sal_tec2009": 0.0, "sal_tec2010": 0.0, "sal_tec2011": 0.0, "sal_tec2012": 0.0, "sal_tec2013": 0.0, "sal_tec2014": 0.0, "sal_tec2015": 0.0, "sal_tec2016": 0.0 }, "geometry": { "type": "Point", "coordinates": [ -70.671318, 19.46227703 ] } },
{ "type": "Feature", "properties": { "code": "DOM-LIM", "name": "El Limonal ", "latitude": 19.44195379, "longitude": -70.63858151, "start": 2005.0, "close": 0.0, "type": "private", "sez_id": 52.0, "origin ": 1.0, "inv2000": 0.0, "inv2001": 0.0, "inv2002": 0.0, "inv2003": 0.0, "inv2004": 0.0, "inv2005": 3816492.03, "inv2006": 4198206.6, "inv2007": 4049887.1, "inv2008": 2848669.88, "inv2009": 3777074.21, "inv2010": 5526995.41, "inv2011": 5087227.7, "inv2012": 5087227.7, "inv2013": 5396532.18, "inv2014": 7409162.0, "inv2015": 3586845.4, "inv2016": 5604124.68, "ob_f_2000": 0.0, "tec_f_2000": 0.0, "adm_f_2000": 0.0, "ob_f_2001": 0.0, "tec_f_2001": 0.0, "adm_f_2001": 0.0, "ob_f_2002": 0.0, "tec_f_2002": 0.0, "adm_f_2002": 0.0, "ob_f_2003": 0.0, "tec_f_2003": 0.0, "adm_f_2003": 0.0, "ob_f_2004": 0.0, "tec_f_2004": 0.0, "adm_f_2004": 0.0, "ob_f_2005": 127.0, "tec_f_2005": 6.0, "adm_f_2005": 8.0, "ob_f_2006": 109.0, "tec_f_2006": 3.0, "adm_f_2006": 9.0, "ob_f_2007": 59.0, "tec_f_2007": 2.0, "adm_f_2007": 10.0, "ob_f_2008": 61.0, "tec_f_2008": 2.0, "adm_f_2008": 9.0, "ob_f_2009": 62.0, "tec_f_2009": 3.0, "adm_f_2009": 7.0, "ob_f_2010": 80.0, "tec_f_2010": 6.0, "adm_f_2010": 6.0, "ob_f_2011": 134.0, "tec_f_2011": 6.0, "adm_f_2011": 6.0, "ob_f_2012": 67.0, "tec_f_2012": 9.0, "adm_f_2012": 7.0, "ob_f_2014": 165.0, "tec_f_2014": 5.0, "adm_f_2014": 24.0, "ob_f_2015": 155.0, "tec_f_2015": 5.0, "adm_f_2015": 26.0, "ob_f_2016": 131.0, "tec_f_2016": 7.0, "adm_f_2016": 25.0, "ob_m_2000": 0.0, "tec_m_2000": 0.0, "adm_m_2000": 0.0, "ob_m_2001": 0.0, "tec_m_2001": 0.0, "adm_m_2001": 0.0, "ob_m_2002": 0.0, "tec_m_2002": 0.0, "adm_m_2002": 0.0, "ob_m_2003": 0.0, "tec_m_2003": 0.0, "adm_m_2003": 0.0, "ob_m_2004": 0.0, "tec_m_2004": 0.0, "adm_m_2004": 0.0, "ob_m_2005": 105.0, "tec_m_2005": 17.0, "adm_m_2005": 15.0, "ob_m_2006": 75.0, "tec_m_2006": 12.0, "adm_m_2006": 10.0, "ob_m_2007": 72.0, "tec_m_2007": 7.0, "adm_m_2007": 10.0, "ob_m_2008": 69.0, "tec_m_2008": 8.0, "adm_m_2008": 10.0, "ob_m_2009": 100.0, "tec_m_2009": 7.0, "adm_m_2009": 6.0, "ob_m_2010": 70.0, "tec_m_2010": 10.0, "adm_m_2010": 2.0, "ob_m_2011": 106.0, "tec_m_2011": 11.0, "adm_m_2011": 2.0, "ob_m_2012": 36.0, "tec_m_2012": 12.0, "adm_m_2012": 5.0, "ob_m_2014": 125.0, "tec_m_2014": 22.0, "adm_m_2014": 24.0, "ob_m_2015": 63.0, "tec_m_2015": 15.0, "adm_m_2015": 17.0, "ob_m_2016": 68.0, "tec_m_2016": 13.0, "adm_m_2016": 23.0, "ent2000": 0.0, "ent2001": 0.0, "ent2002": 0.0, "ent2003": 0.0, "ent2004": 0.0, "ent2005": 3.0, "ent2006": 3.0, "ent2007": 3.0, "ent2008": 3.0, "ent2009": 2.0, "ent2010": 2.0, "ent2011": 2.0, "ent2012": 2.0, "ent2013": 4.0, "ent2014": 6.0, "ent2015": 5.0, "ent2016": 5.0, "ele2000": 0.0, "ele2001": 0.0, "ele2002": 0.0, "ele2003": 0.0, "ele2004": 0.0, "ele2005": 342221.0, "ele2006": 43391834.21, "ele2007": 0.0, "ele2008": 0.0, "ele2009": 0.0, "ele2010": 0.0, "ele2011": 0.0, "ele2012": 0.0, "ele2013": 180000.0, "ele2014": 2811290.02, "ele2015": 5150982.66, "ele2016": 8197.46, "com2000": 0.0, "com2001": 0.0, "com2002": 0.0, "com2003": 0.0, "com2004": 0.0, "com2005": 478261.38, "com2006": 1722712.0, "com2007": 368812.75, "com2008": 321598.37, "com2009": 333102.0, "com2010": 418396.0, "com2011": 361723.0, "com2012": 407652.0, "com2013": 777916.19, "com2014": 1055349.74, "com2015": 1112253.18, "com2016": 1658.17, "inf2000": 0.0, "inf2001": 0.0, "inf2002": 0.0, "inf2003": 0.0, "inf2004": 0.0, "inf2005": 215746.39, "inf2006": 863991.31, "inf2007": 147455.11, "inf2008": 114186.46, "inf2009": 107114.0, "inf2010": 160265.75, "inf2011": 194796.0, "inf2012": 161892.0, "inf2013": 400657.0, "inf2014": 478989.87, "inf2015": 390261.39, "inf2016": 454.13, "wat2000": 0.0, "wat2001": 0.0, "wat2002": 0.0, "wat2003": 0.0, "wat2004": 0.0, "wat2005": 31314.0, "wat2006": 0.0, "wat2007": 0.0, "wat2008": 0.0, "wat2009": 0.0, "wat2010": 0.0, "wat2011": 0.0, "wat2012": 0.0, "wat2013": 0.0, "wat2014": 470751.84, "wat2015": 569976.4, "wat2016": 57.24, "tss2000": 0.0, "tss2001": 0.0, "tss2002": 0.0, "tss2003": 0.0, "tss2004": 0.0, "tss2005": 167796.0, "tss2006": 860031.1, "tss2007": 1068882.06, "tss2008": 3069128.87, "tss2009": 693746.23, "tss2010": 4102334.28, "tss2011": 0.0, "tss2012": 4622677.78, "tss2013": 25942393.21, "tss2014": 7872473.7, "tss2015": 9784219.92, "tss2016": 9995.44, "buiilt2000": 0.0, "buiilt2001": 0.0, "buiilt2002": 0.0, "buiilt2003": 0.0, "buiilt2004": 0.0, "buiilt2005": 40199.0, "buiilt2006": 40199.0, "buiilt2007": 40219.0, "buiilt2008": 40219.0, "buiilt2009": 40219.0, "buiilt2010": 46445.0, "buiilt2011": 46445.0, "buiilt2012": 75000.0, "buiilt2013": 75000.0, "buiilt2014": 75000.0, "buiilt2015": 75000.0, "buiilt2016": 75000.0, "ocu2000": 0.0, "ocu2001": 0.0, "ocu2002": 0.0, "ocu2003": 0.0, "ocu2004": 0.0, "ocu2005": 40199.0, "ocu2006": 40199.0, "ocu2007": 40219.0, "ocu2008": 40219.0, "ocu2009": 40219.0, "ocu2010": 46445.0, "ocu2011": 46445.0, "ocu2012": 75000.0, "ocu2013": 75000.0, "ocu2014": 75000.0, "ocu2015": 75000.0, "ocu2016": 75000.0, "sal_op2000": 0.0, "sal_op2001": 0.0, "sal_op2002": 0.0, "sal_op2003": 0.0, "sal_op2004": 0.0, "sal_op2005": 1158.99, "sal_op2006": 1300.0, "sal_op2007": 1726.75, "sal_op2008": 1926.93, "sal_op2009": 1600.0, "sal_op2010": 2050.0, "sal_op2011": 1800.0, "sal_op2012": 1800.0, "sal_op2013": 1984.39, "sal_op2014": 2886.51, "sal_op2015": 2821.85, "sal_op2016": 2381.51, "sal_tec2000": 0.0, "sal_tec2001": 0.0, "sal_tec2002": 0.0, "sal_tec2003": 0.0, "sal_tec2004": 0.0, "sal_tec2005": 1962.61, "sal_tec2006": 1833.33, "sal_tec2007": 2508.46, "sal_tec2008": 2626.23, "sal_tec2009": 4098.0, "sal_tec2010": 3903.0, "sal_tec2011": 3300.0, "sal_tec2012": 3300.0, "sal_tec2013": 3233.33, "sal_tec2014": 4205.25, "sal_tec2015": 4340.74, "sal_tec2016": 4815.08 }, "geometry": { "type": "Point", "coordinates": [ -70.63858151, 19.44195379 ] } },
{ "type": "Feature", "properties": { "code": "DOM-MAC", "name": "San Pedro de Macoris ", "latitude": 18.45274371, "longitude": -69.28915784, "start": 1973.0, "close": 0.0, "type": "public", "sez_id": 54.0, "origin ": 1.0, "inv2000": 83818075.57, "inv2001": 77047150.49, "inv2002": 69008769.12, "inv2003": 83843844.0, "inv2004": 100904818.5, "inv2005": 106283114.0, "inv2006": 104410800.5, "inv2007": 117742843.3, "inv2008": 98933247.8, "inv2009": 110444428.2, "inv2010": 105633982.4, "inv2011": 117392030.2, "inv2012": 133914998.3, "inv2013": 125926492.5, "inv2014": 148635877.4, "inv2015": 288228578.3, "inv2016": 306711790.8, "ob_f_2000": 9442.0, "tec_f_2000": 676.0, "adm_f_2000": 325.0, "ob_f_2001": 9122.0, "tec_f_2001": 729.0, "adm_f_2001": 294.0, "ob_f_2002": 9370.0, "tec_f_2002": 635.0, "adm_f_2002": 284.0, "ob_f_2003": 9325.0, "tec_f_2003": 551.0, "adm_f_2003": 299.0, "ob_f_2004": 9995.0, "tec_f_2004": 852.0, "adm_f_2004": 410.0, "ob_f_2005": 7075.0, "tec_f_2005": 469.0, "adm_f_2005": 299.0, "ob_f_2006": 6420.0, "tec_f_2006": 431.0, "adm_f_2006": 231.0, "ob_f_2007": 6543.0, "tec_f_2007": 474.0, "adm_f_2007": 266.0, "ob_f_2008": 4580.0, "tec_f_2008": 454.0, "adm_f_2008": 276.0, "ob_f_2009": 5213.0, "tec_f_2009": 386.0, "adm_f_2009": 250.0, "ob_f_2010": 5772.0, "tec_f_2010": 443.0, "adm_f_2010": 261.0, "ob_f_2011": 4966.0, "tec_f_2011": 352.0, "adm_f_2011": 257.0, "ob_f_2012": 4933.0, "tec_f_2012": 439.0, "adm_f_2012": 275.0, "ob_f_2014": 5478.0, "tec_f_2014": 303.0, "adm_f_2014": 288.0, "ob_f_2015": 6346.0, "tec_f_2015": 340.0, "adm_f_2015": 327.0, "ob_f_2016": 6275.0, "tec_f_2016": 337.0, "adm_f_2016": 339.0, "ob_m_2000": 6022.0, "tec_m_2000": 958.0, "adm_m_2000": 318.0, "ob_m_2001": 4671.0, "tec_m_2001": 1089.0, "adm_m_2001": 308.0, "ob_m_2002": 5127.0, "tec_m_2002": 921.0, "adm_m_2002": 334.0, "ob_m_2003": 5012.0, "tec_m_2003": 1106.0, "adm_m_2003": 340.0, "ob_m_2004": 5668.0, "tec_m_2004": 1185.0, "adm_m_2004": 411.0, "ob_m_2005": 4014.0, "tec_m_2005": 924.0, "adm_m_2005": 309.0, "ob_m_2006": 3287.0, "tec_m_2006": 760.0, "adm_m_2006": 306.0, "ob_m_2007": 2708.0, "tec_m_2007": 895.0, "adm_m_2007": 273.0, "ob_m_2008": 3559.0, "tec_m_2008": 762.0, "adm_m_2008": 299.0, "ob_m_2009": 2559.0, "tec_m_2009": 695.0, "adm_m_2009": 283.0, "ob_m_2010": 2718.0, "tec_m_2010": 808.0, "adm_m_2010": 298.0, "ob_m_2011": 2306.0, "tec_m_2011": 733.0, "adm_m_2011": 235.0, "ob_m_2012": 2358.0, "tec_m_2012": 867.0, "adm_m_2012": 243.0, "ob_m_2014": 2770.0, "tec_m_2014": 788.0, "adm_m_2014": 341.0, "ob_m_2015": 3200.0, "tec_m_2015": 1035.0, "adm_m_2015": 416.0, "ob_m_2016": 3132.0, "tec_m_2016": 985.0, "adm_m_2016": 466.0, "ent2000": 51.0, "ent2001": 54.0, "ent2002": 49.0, "ent2003": 52.0, "ent2004": 55.0, "ent2005": 53.0, "ent2006": 42.0, "ent2007": 40.0, "ent2008": 42.0, "ent2009": 43.0, "ent2010": 38.0, "ent2011": 41.0, "ent2012": 40.0, "ent2013": 39.0, "ent2014": 39.0, "ent2015": 41.0, "ent2016": 40.0, "ele2000": 45780419.63, "ele2001": 42492996.64, "ele2002": 45096382.52, "ele2003": 83155099.4, "ele2004": 168840272.3, "ele2005": 139794467.6, "ele2006": 101201162.9, "ele2007": 112400543.1, "ele2008": 121725770.0, "ele2009": 100969161.5, "ele2010": 135001450.1, "ele2011": 161665303.2, "ele2012": 188382145.5, "ele2013": 186522155.5, "ele2014": 221808160.3, "ele2015": 212345332.3, "ele2016": 208110.17, "com2000": 0.0, "com2001": 0.0, "com2002": 0.0, "com2003": 12960394.39, "com2004": 20734780.03, "com2005": 17971475.14, "com2006": 16694728.7, "com2007": 16454189.5, "com2008": 17182123.84, "com2009": 17544897.54, "com2010": 15180371.45, "com2011": 17741368.17, "com2012": 17642783.18, "com2013": 17372439.8, "com2014": 19988840.02, "com2015": 17902622.64, "com2016": 24336.08, "inf2000": 6340525.83, "inf2001": 49587329.02, "inf2002": 6110219.77, "inf2003": 5751414.08, "inf2004": 8752216.53, "inf2005": 8063748.73, "inf2006": 8371382.54, "inf2007": 9183358.85, "inf2008": 7252105.62, "inf2009": 7202291.63, "inf2010": 8392928.24, "inf2011": 9061747.91, "inf2012": 12063316.06, "inf2013": 9519604.56, "inf2014": 11669026.33, "inf2015": 14631933.08, "inf2016": 14814.92, "wat2000": 696067.85, "wat2001": 941548.7, "wat2002": 832889.6, "wat2003": 1274951.86, "wat2004": 1792134.44, "wat2005": 1766853.12, "wat2006": 1951867.2, "wat2007": 2290715.0, "wat2008": 1421141.21, "wat2009": 1938210.99, "wat2010": 1615155.36, "wat2011": 2729766.76, "wat2012": 2244070.84, "wat2013": 2410798.68, "wat2014": 2317914.65, "wat2015": 2166360.47, "wat2016": 2873.28, "tss2000": 46509414.03, "tss2001": 40567674.67, "tss2002": 40249781.28, "tss2003": 36102364.97, "tss2004": 29957206.33, "tss2005": 33295179.64, "tss2006": 26184091.22, "tss2007": 132387488.3, "tss2008": 178460231.2, "tss2009": 147644846.7, "tss2010": 208176476.8, "tss2011": 209165737.6, "tss2012": 195300219.7, "tss2013": 227796382.3, "tss2014": 243711653.3, "tss2015": 305064307.3, "tss2016": 354985.98, "buiilt2000": 2439826.0, "buiilt2001": 2439826.0, "buiilt2002": 2439826.0, "buiilt2003": 2439826.0, "buiilt2004": 2431726.0, "buiilt2005": 2431726.0, "buiilt2006": 2431726.0, "buiilt2007": 2431726.0, "buiilt2008": 2431726.0, "buiilt2009": 2431726.0, "buiilt2010": 2431726.0, "buiilt2011": 2431726.0, "buiilt2012": 3059519.26, "buiilt2013": 2823599.09, "buiilt2014": 2823599.09, "buiilt2015": 2823599.09, "buiilt2016": 3199449.9, "ocu2000": 2407036.0, "ocu2001": 2201865.0, "ocu2002": 2284135.0, "ocu2003": 2341862.0, "ocu2004": 2431726.0, "ocu2005": 2242404.0, "ocu2006": 2299373.0, "ocu2007": 2204466.0, "ocu2008": 2204466.0, "ocu2009": 2336329.0, "ocu2010": 2262372.0, "ocu2011": 2355714.0, "ocu2012": 2844507.84, "ocu2013": 2655473.46, "ocu2014": 2674042.13, "ocu2015": 2793741.96, "ocu2016": 3028019.11, "sal_op2000": 679.22, "sal_op2001": 730.36, "sal_op2002": 738.79, "sal_op2003": 881.92, "sal_op2004": 1128.62, "sal_op2005": 1219.91, "sal_op2006": 1262.41, "sal_op2007": 1393.5, "sal_op2008": 1526.47, "sal_op2009": 1525.7, "sal_op2010": 1676.7, "sal_op2011": 1696.06, "sal_op2012": 1931.32, "sal_op2013": 2064.54, "sal_op2014": 2145.03, "sal_op2015": 2329.66, "sal_op2016": 2417.01, "sal_tec2000": 1497.67, "sal_tec2001": 1840.88, "sal_tec2002": 1651.84, "sal_tec2003": 1768.23, "sal_tec2004": 2263.59, "sal_tec2005": 2355.55, "sal_tec2006": 2541.07, "sal_tec2007": 2766.06, "sal_tec2008": 3136.07, "sal_tec2009": 3274.26, "sal_tec2010": 3625.8, "sal_tec2011": 3585.41, "sal_tec2012": 3910.83, "sal_tec2013": 4401.23, "sal_tec2014": 4517.71, "sal_tec2015": 4704.03, "sal_tec2016": 5012.79 }, "geometry": { "type": "Point", "coordinates": [ -69.28915784, 18.45274371 ] } },
{ "type": "Feature", "properties": { "code": "DOM-MEL", "name": "Villa Mella ", "latitude": 18.522265, "longitude": -69.90166418, "start": 1989.0, "close": 0.0, "type": "public", "sez_id": 56.0, "origin ": 1.0, "inv2000": 33528000.0, "inv2001": 32130784.0, "inv2002": 9791777.0, "inv2003": 13650000.0, "inv2004": 14102621.34, "inv2005": 8624705.4, "inv2006": 12626748.12, "inv2007": 3515124.09, "inv2008": 8685092.14, "inv2009": 11636577.68, "inv2010": 9026248.52, "inv2011": 10109835.7, "inv2012": 7569908.06, "inv2013": 15267810.99, "inv2014": 15926641.2, "inv2015": 16124936.1, "inv2016": 16910749.48, "ob_f_2000": 3089.0, "tec_f_2000": 400.0, "adm_f_2000": 107.0, "ob_f_2001": 2552.0, "tec_f_2001": 256.0, "adm_f_2001": 35.0, "ob_f_2002": 1551.0, "tec_f_2002": 65.0, "adm_f_2002": 140.0, "ob_f_2003": 1521.0, "tec_f_2003": 126.0, "adm_f_2003": 25.0, "ob_f_2004": 2303.0, "tec_f_2004": 150.0, "adm_f_2004": 49.0, "ob_f_2005": 1665.0, "tec_f_2005": 38.0, "adm_f_2005": 107.0, "ob_f_2006": 1312.0, "tec_f_2006": 42.0, "adm_f_2006": 99.0, "ob_f_2007": 3.0, "tec_f_2007": 0.0, "adm_f_2007": 3.0, "ob_f_2008": 112.0, "tec_f_2008": 2.0, "adm_f_2008": 5.0, "ob_f_2009": 201.0, "tec_f_2009": 14.0, "adm_f_2009": 22.0, "ob_f_2010": 143.0, "tec_f_2010": 6.0, "adm_f_2010": 10.0, "ob_f_2011": 107.0, "tec_f_2011": 5.0, "adm_f_2011": 6.0, "ob_f_2012": 99.0, "tec_f_2012": 14.0, "adm_f_2012": 8.0, "ob_f_2014": 109.0, "tec_f_2014": 10.0, "adm_f_2014": 7.0, "ob_f_2015": 121.0, "tec_f_2015": 10.0, "adm_f_2015": 11.0, "ob_f_2016": 105.0, "tec_f_2016": 11.0, "adm_f_2016": 7.0, "ob_m_2000": 121.0, "tec_m_2000": 247.0, "adm_m_2000": 31.0, "ob_m_2001": 243.0, "tec_m_2001": 177.0, "adm_m_2001": 36.0, "ob_m_2002": 90.0, "tec_m_2002": 103.0, "adm_m_2002": 62.0, "ob_m_2003": 103.0, "tec_m_2003": 117.0, "adm_m_2003": 11.0, "ob_m_2004": 220.0, "tec_m_2004": 149.0, "adm_m_2004": 49.0, "ob_m_2005": 169.0, "tec_m_2005": 119.0, "adm_m_2005": 65.0, "ob_m_2006": 166.0, "tec_m_2006": 128.0, "adm_m_2006": 69.0, "ob_m_2007": 18.0, "tec_m_2007": 6.0, "adm_m_2007": 4.0, "ob_m_2008": 47.0, "tec_m_2008": 13.0, "adm_m_2008": 5.0, "ob_m_2009": 63.0, "tec_m_2009": 26.0, "adm_m_2009": 5.0, "ob_m_2010": 73.0, "tec_m_2010": 11.0, "adm_m_2010": 6.0, "ob_m_2011": 70.0, "tec_m_2011": 10.0, "adm_m_2011": 5.0, "ob_m_2012": 67.0, "tec_m_2012": 17.0, "adm_m_2012": 10.0, "ob_m_2014": 142.0, "tec_m_2014": 24.0, "adm_m_2014": 10.0, "ob_m_2015": 98.0, "tec_m_2015": 22.0, "adm_m_2015": 10.0, "ob_m_2016": 89.0, "tec_m_2016": 25.0, "adm_m_2016": 7.0, "ent2000": 2.0, "ent2001": 2.0, "ent2002": 3.0, "ent2003": 3.0, "ent2004": 5.0, "ent2005": 4.0, "ent2006": 5.0, "ent2007": 2.0, "ent2008": 3.0, "ent2009": 5.0, "ent2010": 5.0, "ent2011": 6.0, "ent2012": 6.0, "ent2013": 6.0, "ent2014": 6.0, "ent2015": 6.0, "ent2016": 6.0, "ele2000": 6796128.3, "ele2001": 6283739.67, "ele2002": 1438059.25, "ele2003": 6639000.0, "ele2004": 9187007.94, "ele2005": 10838620.64, "ele2006": 19350428.55, "ele2007": 3067631.8, "ele2008": 2387409.67, "ele2009": 3674585.1, "ele2010": 1816759.48, "ele2011": 6687300.5, "ele2012": 7456313.48, "ele2013": 9826119.02, "ele2014": 11822216.17, "ele2015": 14030595.4, "ele2016": 11396.63, "com2000": 0.0, "com2001": 0.0, "com2002": 0.0, "com2003": 1051400.0, "com2004": 2418371.44, "com2005": 2005573.75, "com2006": 1549991.66, "com2007": 381924.69, "com2008": 588963.92, "com2009": 452702.7, "com2010": 360286.31, "com2011": 553338.39, "com2012": 785581.14, "com2013": 644936.12, "com2014": 485255.18, "com2015": 1322304.76, "com2016": 739.4, "inf2000": 998486.48, "inf2001": 1206755.16, "inf2002": 168457.27, "inf2003": 100202.0, "inf2004": 1500863.91, "inf2005": 1901695.06, "inf2006": 1688765.35, "inf2007": 44156.88, "inf2008": 116466.46, "inf2009": 147650.36, "inf2010": 152802.0, "inf2011": 203936.0, "inf2012": 230830.4, "inf2013": 198541.0, "inf2014": 232837.0, "inf2015": 315159.0, "inf2016": 336.76, "wat2000": 104220.0, "wat2001": 99000.0, "wat2002": 3000.0, "wat2003": 37800.0, "wat2004": 135455.0, "wat2005": 513814.21, "wat2006": 317617.0, "wat2007": 39862.0, "wat2008": 53080.0, "wat2009": 45917.88, "wat2010": 34409.88, "wat2011": 73454.88, "wat2012": 103937.4, "wat2013": 146519.42, "wat2014": 162905.42, "wat2015": 299398.0, "wat2016": 198.99, "tss2000": 10408004.0, "tss2001": 6326465.86, "tss2002": 705577.0, "tss2003": 4000743.0, "tss2004": 2849658.83, "tss2005": 6864504.05, "tss2006": 4349134.9, "tss2007": 323221.17, "tss2008": 2004245.44, "tss2009": 3853437.91, "tss2010": 4128908.48, "tss2011": 4196908.64, "tss2012": 5084744.68, "tss2013": 4918174.04, "tss2014": 5617536.15, "tss2015": 6969455.02, "tss2016": 7713.24, "buiilt2000": 400209.0, "buiilt2001": 400289.32, "buiilt2002": 367830.52, "buiilt2003": 367830.0, "buiilt2004": 367830.0, "buiilt2005": 364714.66, "buiilt2006": 362817.28, "buiilt2007": 362817.28, "buiilt2008": 362817.28, "buiilt2009": 362817.28, "buiilt2010": 362817.28, "buiilt2011": 362817.28, "buiilt2012": 362817.28, "buiilt2013": 225242.81, "buiilt2014": 225242.81, "buiilt2015": 225242.81, "buiilt2016": 225242.81, "ocu2000": 400209.0, "ocu2001": 338988.0, "ocu2002": 311061.0, "ocu2003": 165145.0, "ocu2004": 334566.83, "ocu2005": 364714.66, "ocu2006": 309050.66, "ocu2007": 307153.19, "ocu2008": 307153.19, "ocu2009": 307153.19, "ocu2010": 158415.92, "ocu2011": 195348.2, "ocu2012": 195348.2, "ocu2013": 225242.81, "ocu2014": 225242.81, "ocu2015": 225242.81, "ocu2016": 225242.81, "sal_op2000": 825.0, "sal_op2001": 1303.0, "sal_op2002": 742.33, "sal_op2003": 1134.67, "sal_op2004": 1200.0, "sal_op2005": 1775.0, "sal_op2006": 1442.92, "sal_op2007": 1419.69, "sal_op2008": 1724.56, "sal_op2009": 1652.5, "sal_op2010": 1223.33, "sal_op2011": 1561.7, "sal_op2012": 1906.67, "sal_op2013": 2053.33, "sal_op2014": 2120.0, "sal_op2015": 2477.01, "sal_op2016": 2734.5, "sal_tec2000": 2500.0, "sal_tec2001": 4529.5, "sal_tec2002": 1938.0, "sal_tec2003": 2747.43, "sal_tec2004": 3406.75, "sal_tec2005": 4725.0, "sal_tec2006": 2349.67, "sal_tec2007": 2950.0, "sal_tec2008": 3490.08, "sal_tec2009": 2550.0, "sal_tec2010": 3474.33, "sal_tec2011": 4324.33, "sal_tec2012": 2965.75, "sal_tec2013": 3369.55, "sal_tec2014": 3377.4, "sal_tec2015": 3954.29, "sal_tec2016": 4235.0 }, "geometry": { "type": "Point", "coordinates": [ -69.90166418, 18.522265 ] } },
{ "type": "Feature", "properties": { "code": "DOM-MOC", "name": "Moca  ", "latitude": 19.39023321, "longitude": -70.5372859, "start": 1989.0, "close": 0.0, "type": "public", "sez_id": 58.0, "origin ": 1.0, "inv2000": 20417613.51, "inv2001": 22788310.31, "inv2002": 23064181.66, "inv2003": 19375638.58, "inv2004": 21035018.44, "inv2005": 15318517.88, "inv2006": 18295503.41, "inv2007": 11104546.94, "inv2008": 12960052.24, "inv2009": 12862324.05, "inv2010": 21420726.14, "inv2011": 19610193.8, "inv2012": 9765436.56, "inv2013": 9242927.02, "inv2014": 12577321.8, "inv2015": 11770957.9, "inv2016": 17494945.85, "ob_f_2000": 3093.0, "tec_f_2000": 89.0, "adm_f_2000": 129.0, "ob_f_2001": 2495.0, "tec_f_2001": 117.0, "adm_f_2001": 52.0, "ob_f_2002": 2609.0, "tec_f_2002": 146.0, "adm_f_2002": 51.0, "ob_f_2003": 2278.0, "tec_f_2003": 199.0, "adm_f_2003": 52.0, "ob_f_2004": 2416.0, "tec_f_2004": 205.0, "adm_f_2004": 60.0, "ob_f_2005": 1546.0, "tec_f_2005": 122.0, "adm_f_2005": 39.0, "ob_f_2006": 1475.0, "tec_f_2006": 98.0, "adm_f_2006": 52.0, "ob_f_2007": 583.0, "tec_f_2007": 27.0, "adm_f_2007": 21.0, "ob_f_2008": 542.0, "tec_f_2008": 16.0, "adm_f_2008": 23.0, "ob_f_2009": 446.0, "tec_f_2009": 15.0, "adm_f_2009": 43.0, "ob_f_2010": 788.0, "tec_f_2010": 14.0, "adm_f_2010": 25.0, "ob_f_2011": 683.0, "tec_f_2011": 8.0, "adm_f_2011": 78.0, "ob_f_2012": 771.0, "tec_f_2012": 44.0, "adm_f_2012": 34.0, "ob_f_2014": 563.0, "tec_f_2014": 24.0, "adm_f_2014": 36.0, "ob_f_2015": 654.0, "tec_f_2015": 19.0, "adm_f_2015": 37.0, "ob_f_2016": 1018.0, "tec_f_2016": 26.0, "adm_f_2016": 35.0, "ob_m_2000": 2502.0, "tec_m_2000": 246.0, "adm_m_2000": 44.0, "ob_m_2001": 2394.0, "tec_m_2001": 241.0, "adm_m_2001": 44.0, "ob_m_2002": 2283.0, "tec_m_2002": 372.0, "adm_m_2002": 48.0, "ob_m_2003": 1903.0, "tec_m_2003": 342.0, "adm_m_2003": 93.0, "ob_m_2004": 2077.0, "tec_m_2004": 367.0, "adm_m_2004": 104.0, "ob_m_2005": 1355.0, "tec_m_2005": 282.0, "adm_m_2005": 31.0, "ob_m_2006": 1418.0, "tec_m_2006": 187.0, "adm_m_2006": 54.0, "ob_m_2007": 579.0, "tec_m_2007": 88.0, "adm_m_2007": 16.0, "ob_m_2008": 460.0, "tec_m_2008": 65.0, "adm_m_2008": 17.0, "ob_m_2009": 283.0, "tec_m_2009": 69.0, "adm_m_2009": 77.0, "ob_m_2010": 584.0, "tec_m_2010": 64.0, "adm_m_2010": 22.0, "ob_m_2011": 551.0, "tec_m_2011": 50.0, "adm_m_2011": 65.0, "ob_m_2012": 528.0, "tec_m_2012": 93.0, "adm_m_2012": 25.0, "ob_m_2014": 408.0, "tec_m_2014": 94.0, "adm_m_2014": 23.0, "ob_m_2015": 417.0, "tec_m_2015": 57.0, "adm_m_2015": 30.0, "ob_m_2016": 495.0, "tec_m_2016": 93.0, "adm_m_2016": 33.0, "ent2000": 12.0, "ent2001": 12.0, "ent2002": 12.0, "ent2003": 11.0, "ent2004": 11.0, "ent2005": 8.0, "ent2006": 9.0, "ent2007": 6.0, "ent2008": 7.0, "ent2009": 8.0, "ent2010": 8.0, "ent2011": 9.0, "ent2012": 9.0, "ent2013": 11.0, "ent2014": 9.0, "ent2015": 8.0, "ent2016": 9.0, "ele2000": 9048692.83, "ele2001": 11848330.33, "ele2002": 16017402.13, "ele2003": 20580576.56, "ele2004": 36782141.58, "ele2005": 31797019.84, "ele2006": 28623690.69, "ele2007": 20431567.78, "ele2008": 15461539.82, "ele2009": 12297963.57, "ele2010": 18430762.5, "ele2011": 34625580.29, "ele2012": 15231252.35, "ele2013": 13507667.72, "ele2014": 21318131.04, "ele2015": 14446956.15, "ele2016": 30417.06, "com2000": 0.0, "com2001": 0.0, "com2002": 0.0, "com2003": 2577300.69, "com2004": 5421317.15, "com2005": 2877672.98, "com2006": 2853336.62, "com2007": 1666301.56, "com2008": 1306154.42, "com2009": 1028481.88, "com2010": 1780206.8, "com2011": 2506450.27, "com2012": 1362112.84, "com2013": 1773034.13, "com2014": 1182812.63, "com2015": 1565896.24, "com2016": 3464.04, "inf2000": 1734799.33, "inf2001": 1540252.7, "inf2002": 1805860.16, "inf2003": 1618117.68, "inf2004": 2040067.26, "inf2005": 1696092.24, "inf2006": 2059107.59, "inf2007": 711877.12, "inf2008": 522702.04, "inf2009": 651579.59, "inf2010": 659226.75, "inf2011": 979866.0, "inf2012": 1038076.0, "inf2013": 483472.85, "inf2014": 1260126.8, "inf2015": 1086792.0, "inf2016": 1066.08, "wat2000": 4928.0, "wat2001": 28169.0, "wat2002": 28440.0, "wat2003": 384307.0, "wat2004": 820971.78, "wat2005": 261170.02, "wat2006": 676019.1, "wat2007": 620213.0, "wat2008": 276314.0, "wat2009": 344422.0, "wat2010": 488552.0, "wat2011": 450474.0, "wat2012": 494624.01, "wat2013": 715872.19, "wat2014": 1221553.99, "wat2015": 713009.0, "wat2016": 1374.31, "tss2000": 10513308.64, "tss2001": 13219724.88, "tss2002": 15148268.92, "tss2003": 10664549.11, "tss2004": 6253512.68, "tss2005": 8032525.54, "tss2006": 8589113.57, "tss2007": 7078101.48, "tss2008": 44020643.25, "tss2009": 12111774.73, "tss2010": 17702444.62, "tss2011": 26995360.95, "tss2012": 36638223.68, "tss2013": 28452853.89, "tss2014": 24517943.22, "tss2015": 32723267.31, "tss2016": 41595.11, "buiilt2000": 493156.0, "buiilt2001": 493156.0, "buiilt2002": 493156.0, "buiilt2003": 493156.0, "buiilt2004": 569848.0, "buiilt2005": 512167.0, "buiilt2006": 512167.0, "buiilt2007": 512167.0, "buiilt2008": 512167.0, "buiilt2009": 512167.0, "buiilt2010": 512167.0, "buiilt2011": 512167.0, "buiilt2012": 512167.0, "buiilt2013": 468504.33, "buiilt2014": 468504.33, "buiilt2015": 476986.97, "buiilt2016": 460645.75, "ocu2000": 493156.0, "ocu2001": 493156.0, "ocu2002": 493156.0, "ocu2003": 468213.0, "ocu2004": 569848.0, "ocu2005": 512167.0, "ocu2006": 512167.0, "ocu2007": 512167.0, "ocu2008": 512167.0, "ocu2009": 463021.0, "ocu2010": 479067.0, "ocu2011": 512167.0, "ocu2012": 437409.31, "ocu2013": 438706.85, "ocu2014": 427110.8, "ocu2015": 437107.2, "ocu2016": 444772.28, "sal_op2000": 692.37, "sal_op2001": 744.25, "sal_op2002": 820.12, "sal_op2003": 1110.63, "sal_op2004": 1122.05, "sal_op2005": 1259.27, "sal_op2006": 1269.16, "sal_op2007": 1237.83, "sal_op2008": 1222.86, "sal_op2009": 1286.37, "sal_op2010": 1345.69, "sal_op2011": 1603.33, "sal_op2012": 1742.84, "sal_op2013": 2043.0, "sal_op2014": 2316.78, "sal_op2015": 2597.49, "sal_op2016": 2540.5, "sal_tec2000": 1445.94, "sal_tec2001": 1369.99, "sal_tec2002": 1442.44, "sal_tec2003": 1653.92, "sal_tec2004": 2280.81, "sal_tec2005": 2670.62, "sal_tec2006": 2400.0, "sal_tec2007": 3066.67, "sal_tec2008": 2780.42, "sal_tec2009": 2597.37, "sal_tec2010": 2684.83, "sal_tec2011": 2750.0, "sal_tec2012": 3550.31, "sal_tec2013": 3587.22, "sal_tec2014": 4106.91, "sal_tec2015": 4287.64, "sal_tec2016": 4488.96 }, "geometry": { "type": "Point", "coordinates": [ -70.5372859, 19.39023321 ] } },
{ "type": "Feature", "properties": { "code": "DOM-MUL", "name": "Multimodal Caucedo ", "latitude": 18.42636819, "longitude": -69.63506753, "start": 2002.0, "close": 0.0, "type": "private", "sez_id": 60.0, "origin ": 1.0, "inv2000": 0.0, "inv2001": 0.0, "inv2002": 1103830.66, "inv2003": 1211975.0, "inv2004": 98458000.0, "inv2005": 8818000.0, "inv2006": 10050000.0, "inv2007": 10050000.0, "inv2008": 15925000.0, "inv2009": 15815800.0, "inv2010": 16115800.0, "inv2011": 20499000.0, "inv2012": 20435709.36, "inv2013": 20842858.13, "inv2014": 20844020.9, "inv2015": 10264020.9, "inv2016": 10459806.19, "ob_f_2000": 0.0, "tec_f_2000": 0.0, "adm_f_2000": 0.0, "ob_f_2001": 0.0, "tec_f_2001": 0.0, "adm_f_2001": 0.0, "ob_f_2002": 0.0, "tec_f_2002": 3.0, "adm_f_2002": 9.0, "ob_f_2003": 0.0, "tec_f_2003": 1.0, "adm_f_2003": 11.0, "ob_f_2004": 6.0, "tec_f_2004": 2.0, "adm_f_2004": 35.0, "ob_f_2005": 0.0, "tec_f_2005": 1.0, "adm_f_2005": 4.0, "ob_f_2006": 0.0, "tec_f_2006": 0.0, "adm_f_2006": 0.0, "ob_f_2007": 0.0, "tec_f_2007": 0.0, "adm_f_2007": 0.0, "ob_f_2008": 0.0, "tec_f_2008": 0.0, "adm_f_2008": 0.0, "ob_f_2009": 0.0, "tec_f_2009": 0.0, "adm_f_2009": 0.0, "ob_f_2010": 0.0, "tec_f_2010": 0.0, "adm_f_2010": 0.0, "ob_f_2011": 0.0, "tec_f_2011": 0.0, "adm_f_2011": 1.0, "ob_f_2012": 1.0, "tec_f_2012": 0.0, "adm_f_2012": 1.0, "ob_f_2014": 1.0, "tec_f_2014": 1.0, "adm_f_2014": 1.0, "ob_f_2015": 0.0, "tec_f_2015": 0.0, "adm_f_2015": 2.0, "ob_f_2016": 1.0, "tec_f_2016": 0.0, "adm_f_2016": 3.0, "ob_m_2000": 0.0, "tec_m_2000": 0.0, "adm_m_2000": 0.0, "ob_m_2001": 0.0, "tec_m_2001": 0.0, "adm_m_2001": 0.0, "ob_m_2002": 0.0, "tec_m_2002": 58.0, "adm_m_2002": 20.0, "ob_m_2003": 0.0, "tec_m_2003": 14.0, "adm_m_2003": 7.0, "ob_m_2004": 596.0, "tec_m_2004": 151.0, "adm_m_2004": 147.0, "ob_m_2005": 29.0, "tec_m_2005": 25.0, "adm_m_2005": 8.0, "ob_m_2006": 17.0, "tec_m_2006": 24.0, "adm_m_2006": 4.0, "ob_m_2007": 8.0, "tec_m_2007": 7.0, "adm_m_2007": 5.0, "ob_m_2008": 0.0, "tec_m_2008": 2.0, "adm_m_2008": 3.0, "ob_m_2009": 0.0, "tec_m_2009": 2.0, "adm_m_2009": 3.0, "ob_m_2010": 0.0, "tec_m_2010": 4.0, "adm_m_2010": 5.0, "ob_m_2011": 0.0, "tec_m_2011": 7.0, "adm_m_2011": 4.0, "ob_m_2012": 2.0, "tec_m_2012": 6.0, "adm_m_2012": 4.0, "ob_m_2014": 42.0, "tec_m_2014": 8.0, "adm_m_2014": 7.0, "ob_m_2015": 39.0, "tec_m_2015": 27.0, "adm_m_2015": 5.0, "ob_m_2016": 16.0, "tec_m_2016": 24.0, "adm_m_2016": 9.0, "ent2000": 0.0, "ent2001": 0.0, "ent2002": 1.0, "ent2003": 1.0, "ent2004": 4.0, "ent2005": 3.0, "ent2006": 2.0, "ent2007": 2.0, "ent2008": 2.0, "ent2009": 2.0, "ent2010": 3.0, "ent2011": 3.0, "ent2012": 3.0, "ent2013": 4.0, "ent2014": 4.0, "ent2015": 4.0, "ent2016": 4.0, "ele2000": 0.0, "ele2001": 0.0, "ele2002": 0.0, "ele2003": 0.0, "ele2004": 382589.57, "ele2005": 0.0, "ele2006": 0.0, "ele2007": 0.0, "ele2008": 0.0, "ele2009": 0.0, "ele2010": 100000.0, "ele2011": 150000.0, "ele2012": 373305.86, "ele2013": 507341.2, "ele2014": 528593.12, "ele2015": 296750.33, "ele2016": 278.47, "com2000": 0.0, "com2001": 0.0, "com2002": 0.0, "com2003": 4239266.0, "com2004": 3144743.46, "com2005": 1780837.06, "com2006": 0.0, "com2007": 0.0, "com2008": 0.0, "com2009": 0.0, "com2010": 20048.0, "com2011": 10000.0, "com2012": 37067.0, "com2013": 429883.3, "com2014": 251885.28, "com2015": 203613.08, "com2016": 189.24, "inf2000": 0.0, "inf2001": 0.0, "inf2002": 157042.6, "inf2003": 633145.0, "inf2004": 332000.0, "inf2005": 430960.0, "inf2006": 0.0, "inf2007": 0.0, "inf2008": 0.0, "inf2009": 0.0, "inf2010": 0.0, "inf2011": 0.0, "inf2012": 25067.0, "inf2013": 31582.0, "inf2014": 36666.0, "inf2015": 431823.87, "inf2016": 219.18, "wat2000": 0.0, "wat2001": 0.0, "wat2002": 0.0, "wat2003": 0.0, "wat2004": 3521.56, "wat2005": 150000.0, "wat2006": 0.0, "wat2007": 0.0, "wat2008": 0.0, "wat2009": 0.0, "wat2010": 0.0, "wat2011": 0.0, "wat2012": 0.0, "wat2013": 0.0, "wat2014": 0.0, "wat2015": 0.0, "wat2016": 0.0, "tss2000": 0.0, "tss2001": 0.0, "tss2002": 0.0, "tss2003": 1372698.0, "tss2004": 32500.0, "tss2005": 95903.92, "tss2006": 0.0, "tss2007": 0.0, "tss2008": 37124013.0, "tss2009": 69617781.24, "tss2010": 46128232.99, "tss2011": 51770209.9, "tss2012": 53699783.1, "tss2013": 64360982.39, "tss2014": 675339.13, "tss2015": 800017.47, "tss2016": 840.08, "buiilt2000": 0.0, "buiilt2001": 0.0, "buiilt2002": 107600.0, "buiilt2003": 107600.0, "buiilt2004": 96302.0, "buiilt2005": 96302.0, "buiilt2006": 96302.0, "buiilt2007": 96302.0, "buiilt2008": 96302.0, "buiilt2009": 96302.0, "buiilt2010": 96302.0, "buiilt2011": 96302.0, "buiilt2012": 96302.0, "buiilt2013": 96302.0, "buiilt2014": 96302.0, "buiilt2015": 96302.0, "buiilt2016": 96302.0, "ocu2000": 0.0, "ocu2001": 0.0, "ocu2002": 107600.0, "ocu2003": 107600.0, "ocu2004": 96302.0, "ocu2005": 96302.0, "ocu2006": 96302.0, "ocu2007": 96302.0, "ocu2008": 96302.0, "ocu2009": 96302.0, "ocu2010": 96302.0, "ocu2011": 96302.0, "ocu2012": 96302.0, "ocu2013": 96302.0, "ocu2014": 96302.0, "ocu2015": 96302.0, "ocu2016": 96302.0, "sal_op2000": 0.0, "sal_op2001": 0.0, "sal_op2002": 0.0, "sal_op2003": 0.0, "sal_op2004": 1750.0, "sal_op2005": 1950.0, "sal_op2006": 2300.0, "sal_op2007": 2500.0, "sal_op2008": 0.0, "sal_op2009": 0.0, "sal_op2010": 0.0, "sal_op2011": 0.0, "sal_op2012": 3200.0, "sal_op2013": 1771.08, "sal_op2014": 2237.18, "sal_op2015": 2901.01, "sal_op2016": 3823.5, "sal_tec2000": 0.0, "sal_tec2001": 0.0, "sal_tec2002": 1341.0, "sal_tec2003": 2086.0, "sal_tec2004": 4466.67, "sal_tec2005": 3133.33, "sal_tec2006": 3800.0, "sal_tec2007": 4100.0, "sal_tec2008": 2800.0, "sal_tec2009": 5600.0, "sal_tec2010": 4550.0, "sal_tec2011": 4228.33, "sal_tec2012": 4697.67, "sal_tec2013": 4495.27, "sal_tec2014": 3762.5, "sal_tec2015": 3925.0, "sal_tec2016": 5514.5 }, "geometry": { "type": "Point", "coordinates": [ -69.63506753, 18.42636819 ] } },
{ "type": "Feature", "properties": { "code": "DOM-MUT", "name": "Multiparques S.A", "latitude": 18.40888469, "longitude": -70.03948595, "start": 2007.0, "close": 0.0, "type": "private", "sez_id": 61.0, "origin ": 1.0, "inv2000": 0.0, "inv2001": 0.0, "inv2002": 0.0, "inv2003": 0.0, "inv2004": 0.0, "inv2005": 0.0, "inv2006": 0.0, "inv2007": 17400000.0, "inv2008": 17400000.0, "inv2009": 17900000.0, "inv2010": 17900000.0, "inv2011": 18250000.0, "inv2012": 18250000.0, "inv2013": 18405634.0, "inv2014": 18681840.1, "inv2015": 18681840.1, "inv2016": 18776756.54, "ob_f_2000": 0.0, "tec_f_2000": 0.0, "adm_f_2000": 0.0, "ob_f_2001": 0.0, "tec_f_2001": 0.0, "adm_f_2001": 0.0, "ob_f_2002": 0.0, "tec_f_2002": 0.0, "adm_f_2002": 0.0, "ob_f_2003": 0.0, "tec_f_2003": 0.0, "adm_f_2003": 0.0, "ob_f_2004": 0.0, "tec_f_2004": 0.0, "adm_f_2004": 0.0, "ob_f_2005": 0.0, "tec_f_2005": 0.0, "adm_f_2005": 0.0, "ob_f_2006": 0.0, "tec_f_2006": 0.0, "adm_f_2006": 0.0, "ob_f_2007": 5.0, "tec_f_2007": 2.0, "adm_f_2007": 40.0, "ob_f_2008": 5.0, "tec_f_2008": 2.0, "adm_f_2008": 48.0, "ob_f_2009": 5.0, "tec_f_2009": 2.0, "adm_f_2009": 48.0, "ob_f_2010": 5.0, "tec_f_2010": 2.0, "adm_f_2010": 47.0, "ob_f_2011": 5.0, "tec_f_2011": 2.0, "adm_f_2011": 43.0, "ob_f_2012": 5.0, "tec_f_2012": 2.0, "adm_f_2012": 49.0, "ob_f_2014": 5.0, "tec_f_2014": 2.0, "adm_f_2014": 57.0, "ob_f_2015": 42.0, "tec_f_2015": 13.0, "adm_f_2015": 54.0, "ob_f_2016": 6.0, "tec_f_2016": 6.0, "adm_f_2016": 40.0, "ob_m_2000": 0.0, "tec_m_2000": 0.0, "adm_m_2000": 0.0, "ob_m_2001": 0.0, "tec_m_2001": 0.0, "adm_m_2001": 0.0, "ob_m_2002": 0.0, "tec_m_2002": 0.0, "adm_m_2002": 0.0, "ob_m_2003": 0.0, "tec_m_2003": 0.0, "adm_m_2003": 0.0, "ob_m_2004": 0.0, "tec_m_2004": 0.0, "adm_m_2004": 0.0, "ob_m_2005": 0.0, "tec_m_2005": 0.0, "adm_m_2005": 0.0, "ob_m_2006": 0.0, "tec_m_2006": 0.0, "adm_m_2006": 0.0, "ob_m_2007": 180.0, "tec_m_2007": 23.0, "adm_m_2007": 25.0, "ob_m_2008": 194.0, "tec_m_2008": 22.0, "adm_m_2008": 25.0, "ob_m_2009": 179.0, "tec_m_2009": 20.0, "adm_m_2009": 24.0, "ob_m_2010": 137.0, "tec_m_2010": 59.0, "adm_m_2010": 41.0, "ob_m_2011": 134.0, "tec_m_2011": 60.0, "adm_m_2011": 43.0, "ob_m_2012": 153.0, "tec_m_2012": 64.0, "adm_m_2012": 46.0, "ob_m_2014": 185.0, "tec_m_2014": 56.0, "adm_m_2014": 47.0, "ob_m_2015": 298.0, "tec_m_2015": 76.0, "adm_m_2015": 45.0, "ob_m_2016": 146.0, "tec_m_2016": 70.0, "adm_m_2016": 49.0, "ent2000": 0.0, "ent2001": 0.0, "ent2002": 0.0, "ent2003": 0.0, "ent2004": 0.0, "ent2005": 0.0, "ent2006": 0.0, "ent2007": 2.0, "ent2008": 2.0, "ent2009": 2.0, "ent2010": 2.0, "ent2011": 2.0, "ent2012": 2.0, "ent2013": 2.0, "ent2014": 2.0, "ent2015": 2.0, "ent2016": 2.0, "ele2000": 0.0, "ele2001": 0.0, "ele2002": 0.0, "ele2003": 0.0, "ele2004": 0.0, "ele2005": 0.0, "ele2006": 0.0, "ele2007": 24000531.0, "ele2008": 26384380.0, "ele2009": 22344173.0, "ele2010": 30290636.0, "ele2011": 33896416.0, "ele2012": 31144585.0, "ele2013": 38673808.27, "ele2014": 36970014.96, "ele2015": 40311999.49, "ele2016": 32955.06, "com2000": 0.0, "com2001": 0.0, "com2002": 0.0, "com2003": 0.0, "com2004": 0.0, "com2005": 0.0, "com2006": 0.0, "com2007": 4765447.0, "com2008": 4302255.0, "com2009": 3499550.0, "com2010": 2828048.0, "com2011": 3917520.0, "com2012": 2743464.87, "com2013": 4351156.98, "com2014": 3869141.4, "com2015": 4197197.96, "com2016": 3570.06, "inf2000": 0.0, "inf2001": 0.0, "inf2002": 0.0, "inf2003": 0.0, "inf2004": 0.0, "inf2005": 0.0, "inf2006": 0.0, "inf2007": 624874.0, "inf2008": 517915.0, "inf2009": 492526.0, "inf2010": 531557.0, "inf2011": 858518.0, "inf2012": 616657.66, "inf2013": 868077.3, "inf2014": 912769.94, "inf2015": 1198694.24, "inf2016": 1223.71, "wat2000": 0.0, "wat2001": 0.0, "wat2002": 0.0, "wat2003": 0.0, "wat2004": 0.0, "wat2005": 0.0, "wat2006": 0.0, "wat2007": 53568.0, "wat2008": 49392.0, "wat2009": 41178.0, "wat2010": 24729.0, "wat2011": 88046.0, "wat2012": 127578.0, "wat2013": 106557.0, "wat2014": 106462.0, "wat2015": 149646.0, "wat2016": 160.58, "tss2000": 0.0, "tss2001": 0.0, "tss2002": 0.0, "tss2003": 0.0, "tss2004": 0.0, "tss2005": 0.0, "tss2006": 0.0, "tss2007": 4455748.0, "tss2008": 11120066.12, "tss2009": 10900504.82, "tss2010": 13373684.87, "tss2011": 14566085.38, "tss2012": 15022465.48, "tss2013": 18903172.76, "tss2014": 22254967.65, "tss2015": 24823021.82, "tss2016": 25669.93, "buiilt2000": 0.0, "buiilt2001": 0.0, "buiilt2002": 0.0, "buiilt2003": 0.0, "buiilt2004": 0.0, "buiilt2005": 0.0, "buiilt2006": 0.0, "buiilt2007": 392882.0, "buiilt2008": 392882.0, "buiilt2009": 392882.0, "buiilt2010": 392882.0, "buiilt2011": 392882.0, "buiilt2012": 392882.0, "buiilt2013": 392882.0, "buiilt2014": 392882.0, "buiilt2015": 392882.0, "buiilt2016": 392882.0, "ocu2000": 0.0, "ocu2001": 0.0, "ocu2002": 0.0, "ocu2003": 0.0, "ocu2004": 0.0, "ocu2005": 0.0, "ocu2006": 0.0, "ocu2007": 392882.0, "ocu2008": 392882.0, "ocu2009": 392882.0, "ocu2010": 392882.0, "ocu2011": 392882.0, "ocu2012": 392882.0, "ocu2013": 392882.0, "ocu2014": 392882.0, "ocu2015": 392882.0, "ocu2016": 392882.0, "sal_op2000": 0.0, "sal_op2001": 0.0, "sal_op2002": 0.0, "sal_op2003": 0.0, "sal_op2004": 0.0, "sal_op2005": 0.0, "sal_op2006": 0.0, "sal_op2007": 2250.0, "sal_op2008": 3378.0, "sal_op2009": 3604.42, "sal_op2010": 3275.69, "sal_op2011": 3951.5, "sal_op2012": 4551.5, "sal_op2013": 4607.05, "sal_op2014": 4632.0, "sal_op2015": 4517.0, "sal_op2016": 4239.06, "sal_tec2000": 0.0, "sal_tec2001": 0.0, "sal_tec2002": 0.0, "sal_tec2003": 0.0, "sal_tec2004": 0.0, "sal_tec2005": 0.0, "sal_tec2006": 0.0, "sal_tec2007": 3325.0, "sal_tec2008": 6950.0, "sal_tec2009": 6245.15, "sal_tec2010": 5208.32, "sal_tec2011": 7552.5, "sal_tec2012": 7640.5, "sal_tec2013": 7819.06, "sal_tec2014": 7816.0, "sal_tec2015": 6515.5, "sal_tec2016": 7995.61 }, "geometry": { "type": "Point", "coordinates": [ -70.03948595, 18.40888469 ] } },
{ "type": "Feature", "properties": { "code": "DOM-NAV", "name": "Navarrete ", "latitude": 19.56817155, "longitude": -70.87355309, "start": 1996.0, "close": 0.0, "type": "private", "sez_id": 62.0, "origin ": 1.0, "inv2000": 2364156.0, "inv2001": 5700000.0, "inv2002": 5604925.0, "inv2003": 6707000.0, "inv2004": 5890000.0, "inv2005": 3000000.0, "inv2006": 3050000.0, "inv2007": 3000000.0, "inv2008": 3300000.0, "inv2009": 4050000.0, "inv2010": 3665907.2, "inv2011": 3179000.0, "inv2012": 1000000.0, "inv2013": 2969340.0, "inv2014": 2974785.0, "inv2015": 2963405.0, "inv2016": 9649330.0, "ob_f_2000": 756.0, "tec_f_2000": 24.0, "adm_f_2000": 12.0, "ob_f_2001": 389.0, "tec_f_2001": 5.0, "adm_f_2001": 2.0, "ob_f_2002": 485.0, "tec_f_2002": 6.0, "adm_f_2002": 4.0, "ob_f_2003": 659.0, "tec_f_2003": 4.0, "adm_f_2003": 1.0, "ob_f_2004": 1004.0, "tec_f_2004": 27.0, "adm_f_2004": 3.0, "ob_f_2005": 770.0, "tec_f_2005": 82.0, "adm_f_2005": 38.0, "ob_f_2006": 668.0, "tec_f_2006": 80.0, "adm_f_2006": 35.0, "ob_f_2007": 398.0, "tec_f_2007": 15.0, "adm_f_2007": 9.0, "ob_f_2008": 391.0, "tec_f_2008": 3.0, "adm_f_2008": 7.0, "ob_f_2009": 376.0, "tec_f_2009": 8.0, "adm_f_2009": 6.0, "ob_f_2010": 331.0, "tec_f_2010": 6.0, "adm_f_2010": 6.0, "ob_f_2011": 476.0, "tec_f_2011": 15.0, "adm_f_2011": 10.0, "ob_f_2012": 484.0, "tec_f_2012": 17.0, "adm_f_2012": 7.0, "ob_f_2014": 452.0, "tec_f_2014": 32.0, "adm_f_2014": 24.0, "ob_f_2015": 523.0, "tec_f_2015": 46.0, "adm_f_2015": 33.0, "ob_f_2016": 746.0, "tec_f_2016": 74.0, "adm_f_2016": 46.0, "ob_m_2000": 897.0, "tec_m_2000": 43.0, "adm_m_2000": 12.0, "ob_m_2001": 752.0, "tec_m_2001": 12.0, "adm_m_2001": 5.0, "ob_m_2002": 490.0, "tec_m_2002": 20.0, "adm_m_2002": 4.0, "ob_m_2003": 767.0, "tec_m_2003": 6.0, "adm_m_2003": 5.0, "ob_m_2004": 978.0, "tec_m_2004": 34.0, "adm_m_2004": 5.0, "ob_m_2005": 573.0, "tec_m_2005": 59.0, "adm_m_2005": 23.0, "ob_m_2006": 342.0, "tec_m_2006": 55.0, "adm_m_2006": 20.0, "ob_m_2007": 185.0, "tec_m_2007": 35.0, "adm_m_2007": 6.0, "ob_m_2008": 432.0, "tec_m_2008": 31.0, "adm_m_2008": 10.0, "ob_m_2009": 367.0, "tec_m_2009": 17.0, "adm_m_2009": 10.0, "ob_m_2010": 489.0, "tec_m_2010": 17.0, "adm_m_2010": 6.0, "ob_m_2011": 609.0, "tec_m_2011": 19.0, "adm_m_2011": 10.0, "ob_m_2012": 482.0, "tec_m_2012": 18.0, "adm_m_2012": 9.0, "ob_m_2014": 509.0, "tec_m_2014": 37.0, "adm_m_2014": 18.0, "ob_m_2015": 596.0, "tec_m_2015": 51.0, "adm_m_2015": 29.0, "ob_m_2016": 697.0, "tec_m_2016": 89.0, "adm_m_2016": 41.0, "ent2000": 4.0, "ent2001": 2.0, "ent2002": 2.0, "ent2003": 2.0, "ent2004": 2.0, "ent2005": 2.0, "ent2006": 2.0, "ent2007": 1.0, "ent2008": 1.0, "ent2009": 2.0, "ent2010": 2.0, "ent2011": 2.0, "ent2012": 1.0, "ent2013": 4.0, "ent2014": 5.0, "ent2015": 4.0, "ent2016": 6.0, "ele2000": 2383800.0, "ele2001": 2833561.7, "ele2002": 2148851.4, "ele2003": 5050331.0, "ele2004": 5612278.31, "ele2005": 10131215.85, "ele2006": 8259877.55, "ele2007": 4609725.13, "ele2008": 4011440.3, "ele2009": 4158602.92, "ele2010": 6391340.08, "ele2011": 7352062.5, "ele2012": 4680867.9, "ele2013": 8551796.1, "ele2014": 9489340.72, "ele2015": 9602851.91, "ele2016": 11226.56, "com2000": 0.0, "com2001": 0.0, "com2002": 0.0, "com2003": 0.0, "com2004": 1044087.52, "com2005": 514232.94, "com2006": 380517.52, "com2007": 391405.44, "com2008": 332611.03, "com2009": 241825.23, "com2010": 432678.25, "com2011": 533040.0, "com2012": 378499.86, "com2013": 449669.88, "com2014": 722361.93, "com2015": 727174.3, "com2016": 1282.08, "inf2000": 0.0, "inf2001": 149321.0, "inf2002": 200000.0, "inf2003": 230950.96, "inf2004": 586616.15, "inf2005": 314749.31, "inf2006": 345666.04, "inf2007": 288897.66, "inf2008": 511487.64, "inf2009": 476657.0, "inf2010": 554109.0, "inf2011": 583592.0, "inf2012": 621971.0, "inf2013": 711516.0, "inf2014": 1031468.04, "inf2015": 1007316.75, "inf2016": 1048.31, "wat2000": 200956.34, "wat2001": 216175.25, "wat2002": 0.0, "wat2003": 96000.0, "wat2004": 0.0, "wat2005": 64961.28, "wat2006": 64941.6, "wat2007": 59141.6, "wat2008": 57922.5, "wat2009": 73084.56, "wat2010": 69292.8, "wat2011": 115765.0, "wat2012": 54135.0, "wat2013": 67866.0, "wat2014": 75088.3, "wat2015": 138421.0, "wat2016": 197.03, "tss2000": 2085723.0, "tss2001": 2534621.0, "tss2002": 2256000.0, "tss2003": 1418276.5, "tss2004": 3470640.0, "tss2005": 5438136.55, "tss2006": 3025883.81, "tss2007": 7451357.93, "tss2008": 11475305.68, "tss2009": 10788036.3, "tss2010": 12463877.29, "tss2011": 12388848.18, "tss2012": 13897324.72, "tss2013": 15279826.03, "tss2014": 19473611.16, "tss2015": 20681558.04, "tss2016": 18457.54, "buiilt2000": 300000.0, "buiilt2001": 300000.0, "buiilt2002": 200000.0, "buiilt2003": 200000.0, "buiilt2004": 200000.0, "buiilt2005": 200000.0, "buiilt2006": 200000.0, "buiilt2007": 200000.0, "buiilt2008": 200000.0, "buiilt2009": 200000.0, "buiilt2010": 200000.0, "buiilt2011": 200000.0, "buiilt2012": 240002.63, "buiilt2013": 289806.15, "buiilt2014": 328056.65, "buiilt2015": 328056.65, "buiilt2016": 328056.65, "ocu2000": 186591.0, "ocu2001": 186591.0, "ocu2002": 200000.0, "ocu2003": 200000.0, "ocu2004": 111265.0, "ocu2005": 111265.0, "ocu2006": 31500.0, "ocu2007": 30000.0, "ocu2008": 30000.0, "ocu2009": 47670.0, "ocu2010": 108203.43, "ocu2011": 108203.43, "ocu2012": 136241.5, "ocu2013": 145576.7, "ocu2014": 219040.63, "ocu2015": 219040.63, "ocu2016": 249040.63, "sal_op2000": 816.67, "sal_op2001": 650.0, "sal_op2002": 700.0, "sal_op2003": 900.0, "sal_op2004": 1000.0, "sal_op2005": 1322.5, "sal_op2006": 1600.0, "sal_op2007": 1650.0, "sal_op2008": 1550.0, "sal_op2009": 1562.5, "sal_op2010": 1387.66, "sal_op2011": 1800.0, "sal_op2012": 1825.0, "sal_op2013": 1966.07, "sal_op2014": 2200.0, "sal_op2015": 2733.33, "sal_op2016": 2523.03, "sal_tec2000": 1791.67, "sal_tec2001": 1100.0, "sal_tec2002": 1200.0, "sal_tec2003": 1600.0, "sal_tec2004": 1700.0, "sal_tec2005": 1922.5, "sal_tec2006": 2000.0, "sal_tec2007": 2500.0, "sal_tec2008": 3000.0, "sal_tec2009": 3050.0, "sal_tec2010": 2367.0, "sal_tec2011": 3200.0, "sal_tec2012": 3300.0, "sal_tec2013": 3600.0, "sal_tec2014": 3715.25, "sal_tec2015": 4350.75, "sal_tec2016": 4500.0 }, "geometry": { "type": "Point", "coordinates": [ -70.87355309, 19.56817155 ] } },
{ "type": "Feature", "properties": { "code": "DOM-NIG", "name": "Nigua ", "latitude": 18.39069362, "longitude": -70.04615509, "start": 1989.0, "close": 0.0, "type": "private", "sez_id": 63.0, "origin ": 1.0, "inv2000": 40102872.35, "inv2001": 42304221.0, "inv2002": 48719440.0, "inv2003": 45382984.0, "inv2004": 49377353.6, "inv2005": 61298975.2, "inv2006": 64785080.84, "inv2007": 95595446.6, "inv2008": 64419418.85, "inv2009": 65395527.47, "inv2010": 60612832.47, "inv2011": 65181742.5, "inv2012": 64887479.8, "inv2013": 68094863.96, "inv2014": 68666906.5, "inv2015": 78101109.8, "inv2016": 84454679.9, "ob_f_2000": 1065.0, "tec_f_2000": 9.0, "adm_f_2000": 51.0, "ob_f_2001": 1043.0, "tec_f_2001": 17.0, "adm_f_2001": 126.0, "ob_f_2002": 942.0, "tec_f_2002": 23.0, "adm_f_2002": 99.0, "ob_f_2003": 686.0, "tec_f_2003": 25.0, "adm_f_2003": 54.0, "ob_f_2004": 651.0, "tec_f_2004": 39.0, "adm_f_2004": 48.0, "ob_f_2005": 586.0, "tec_f_2005": 30.0, "adm_f_2005": 41.0, "ob_f_2006": 620.0, "tec_f_2006": 24.0, "adm_f_2006": 54.0, "ob_f_2007": 630.0, "tec_f_2007": 30.0, "adm_f_2007": 47.0, "ob_f_2008": 438.0, "tec_f_2008": 17.0, "adm_f_2008": 55.0, "ob_f_2009": 438.0, "tec_f_2009": 16.0, "adm_f_2009": 56.0, "ob_f_2010": 337.0, "tec_f_2010": 19.0, "adm_f_2010": 54.0, "ob_f_2011": 486.0, "tec_f_2011": 39.0, "adm_f_2011": 57.0, "ob_f_2012": 555.0, "tec_f_2012": 58.0, "adm_f_2012": 75.0, "ob_f_2014": 753.0, "tec_f_2014": 78.0, "adm_f_2014": 55.0, "ob_f_2015": 810.0, "tec_f_2015": 80.0, "adm_f_2015": 60.0, "ob_f_2016": 893.0, "tec_f_2016": 114.0, "adm_f_2016": 68.0, "ob_m_2000": 479.0, "tec_m_2000": 45.0, "adm_m_2000": 65.0, "ob_m_2001": 482.0, "tec_m_2001": 53.0, "adm_m_2001": 217.0, "ob_m_2002": 530.0, "tec_m_2002": 102.0, "adm_m_2002": 140.0, "ob_m_2003": 473.0, "tec_m_2003": 136.0, "adm_m_2003": 77.0, "ob_m_2004": 633.0, "tec_m_2004": 175.0, "adm_m_2004": 67.0, "ob_m_2005": 373.0, "tec_m_2005": 170.0, "adm_m_2005": 62.0, "ob_m_2006": 440.0, "tec_m_2006": 154.0, "adm_m_2006": 105.0, "ob_m_2007": 455.0, "tec_m_2007": 122.0, "adm_m_2007": 90.0, "ob_m_2008": 366.0, "tec_m_2008": 153.0, "adm_m_2008": 100.0, "ob_m_2009": 366.0, "tec_m_2009": 128.0, "adm_m_2009": 91.0, "ob_m_2010": 358.0, "tec_m_2010": 148.0, "adm_m_2010": 102.0, "ob_m_2011": 441.0, "tec_m_2011": 192.0, "adm_m_2011": 123.0, "ob_m_2012": 446.0, "tec_m_2012": 219.0, "adm_m_2012": 116.0, "ob_m_2014": 488.0, "tec_m_2014": 278.0, "adm_m_2014": 101.0, "ob_m_2015": 525.0, "tec_m_2015": 271.0, "adm_m_2015": 103.0, "ob_m_2016": 643.0, "tec_m_2016": 325.0, "adm_m_2016": 116.0, "ent2000": 13.0, "ent2001": 16.0, "ent2002": 12.0, "ent2003": 12.0, "ent2004": 14.0, "ent2005": 8.0, "ent2006": 12.0, "ent2007": 11.0, "ent2008": 9.0, "ent2009": 10.0, "ent2010": 9.0, "ent2011": 9.0, "ent2012": 9.0, "ent2013": 8.0, "ent2014": 7.0, "ent2015": 6.0, "ent2016": 7.0, "ele2000": 4990825.74, "ele2001": 10773658.69, "ele2002": 7740662.14, "ele2003": 14439561.49, "ele2004": 26029161.91, "ele2005": 28125967.09, "ele2006": 33135588.11, "ele2007": 32203441.29, "ele2008": 26339314.91, "ele2009": 24101599.92, "ele2010": 31599007.22, "ele2011": 36928008.32, "ele2012": 35169553.2, "ele2013": 36253354.43, "ele2014": 62651614.05, "ele2015": 65850037.58, "ele2016": 40526.58, "com2000": 0.0, "com2001": 0.0, "com2002": 0.0, "com2003": 3185107.93, "com2004": 20879863.65, "com2005": 3377764.79, "com2006": 2678912.77, "com2007": 3114229.16, "com2008": 2302178.81, "com2009": 2538799.83, "com2010": 2133301.91, "com2011": 2959946.25, "com2012": 2596191.06, "com2013": 3015000.0, "com2014": 6785075.28, "com2015": 6395274.07, "com2016": 6585.69, "inf2000": 445024.76, "inf2001": 662848.31, "inf2002": 569020.17, "inf2003": 568067.27, "inf2004": 1074832.3, "inf2005": 832939.12, "inf2006": 1009856.55, "inf2007": 1122435.19, "inf2008": 1020692.34, "inf2009": 1056873.36, "inf2010": 1289326.09, "inf2011": 1281394.0, "inf2012": 1841956.0, "inf2013": 2113036.93, "inf2014": 2738809.31, "inf2015": 3228956.52, "inf2016": 4224.66, "wat2000": 123438.0, "wat2001": 261827.5, "wat2002": 150629.5, "wat2003": 306456.64, "wat2004": 456582.8, "wat2005": 397423.0, "wat2006": 534588.0, "wat2007": 790876.5, "wat2008": 453807.6, "wat2009": 409775.5, "wat2010": 412444.5, "wat2011": 418829.5, "wat2012": 434776.54, "wat2013": 410076.0, "wat2014": 736707.4, "wat2015": 815303.16, "wat2016": 1225.92, "tss2000": 3814033.23, "tss2001": 6300954.18, "tss2002": 4323176.95, "tss2003": 3513308.16, "tss2004": 2070366.9, "tss2005": 2363385.93, "tss2006": 3281255.74, "tss2007": 14666424.93, "tss2008": 22850110.9, "tss2009": 8856559.6, "tss2010": 9231984.13, "tss2011": 33181584.99, "tss2012": 38586738.5, "tss2013": 50098413.58, "tss2014": 52019137.39, "tss2015": 114833927.2, "tss2016": 73092.99, "buiilt2000": 514668.0, "buiilt2001": 514668.0, "buiilt2002": 514668.0, "buiilt2003": 514668.0, "buiilt2004": 514668.0, "buiilt2005": 546436.0, "buiilt2006": 546041.0, "buiilt2007": 546041.0, "buiilt2008": 546041.0, "buiilt2009": 546041.0, "buiilt2010": 546041.0, "buiilt2011": 546041.0, "buiilt2012": 546041.0, "buiilt2013": 546041.0, "buiilt2014": 546041.0, "buiilt2015": 339012.0, "buiilt2016": 373557.0, "ocu2000": 413363.0, "ocu2001": 470363.0, "ocu2002": 397668.0, "ocu2003": 363931.0, "ocu2004": 436041.0, "ocu2005": 393046.0, "ocu2006": 418041.0, "ocu2007": 413041.0, "ocu2008": 184300.0, "ocu2009": 193000.0, "ocu2010": 395041.0, "ocu2011": 212590.0, "ocu2012": 384341.0, "ocu2013": 384341.0, "ocu2014": 225712.0, "ocu2015": 242012.0, "ocu2016": 262557.0, "sal_op2000": 631.31, "sal_op2001": 761.68, "sal_op2002": 745.92, "sal_op2003": 826.2, "sal_op2004": 1474.65, "sal_op2005": 1123.96, "sal_op2006": 1290.84, "sal_op2007": 1248.9, "sal_op2008": 1235.28, "sal_op2009": 1426.27, "sal_op2010": 1673.94, "sal_op2011": 1960.52, "sal_op2012": 1566.84, "sal_op2013": 1915.05, "sal_op2014": 2013.51, "sal_op2015": 2218.46, "sal_op2016": 2251.98, "sal_tec2000": 1333.38, "sal_tec2001": 1946.36, "sal_tec2002": 1649.75, "sal_tec2003": 2148.89, "sal_tec2004": 3266.6, "sal_tec2005": 3122.27, "sal_tec2006": 3214.27, "sal_tec2007": 2861.27, "sal_tec2008": 2902.32, "sal_tec2009": 3938.89, "sal_tec2010": 4336.58, "sal_tec2011": 4435.67, "sal_tec2012": 2932.2, "sal_tec2013": 2867.57, "sal_tec2014": 3599.9, "sal_tec2015": 4260.41, "sal_tec2016": 4325.49 }, "geometry": { "type": "Point", "coordinates": [ -70.04615509, 18.39069362 ] } },
{ "type": "Feature", "properties": { "code": "DOM-NII", "name": "Nigua II", "latitude": 18.49893041, "longitude": -69.79093729, "start": 2018.0, "close": 0.0, "type": "private", "sez_id": 64.0, "origin ": 1.0, "inv2000": 0.0, "inv2001": 0.0, "inv2002": 0.0, "inv2003": 0.0, "inv2004": 0.0, "inv2005": 0.0, "inv2006": 0.0, "inv2007": 0.0, "inv2008": 0.0, "inv2009": 0.0, "inv2010": 0.0, "inv2011": 0.0, "inv2012": 0.0, "inv2013": 0.0, "inv2014": 0.0, "inv2015": 0.0, "inv2016": 0.0, "ob_f_2000": 0.0, "tec_f_2000": 0.0, "adm_f_2000": 0.0, "ob_f_2001": 0.0, "tec_f_2001": 0.0, "adm_f_2001": 0.0, "ob_f_2002": 0.0, "tec_f_2002": 0.0, "adm_f_2002": 0.0, "ob_f_2003": 0.0, "tec_f_2003": 0.0, "adm_f_2003": 0.0, "ob_f_2004": 0.0, "tec_f_2004": 0.0, "adm_f_2004": 0.0, "ob_f_2005": 0.0, "tec_f_2005": 0.0, "adm_f_2005": 0.0, "ob_f_2006": 0.0, "tec_f_2006": 0.0, "adm_f_2006": 0.0, "ob_f_2007": 0.0, "tec_f_2007": 0.0, "adm_f_2007": 0.0, "ob_f_2008": 0.0, "tec_f_2008": 0.0, "adm_f_2008": 0.0, "ob_f_2009": 0.0, "tec_f_2009": 0.0, "adm_f_2009": 0.0, "ob_f_2010": 0.0, "tec_f_2010": 0.0, "adm_f_2010": 0.0, "ob_f_2011": 0.0, "tec_f_2011": 0.0, "adm_f_2011": 0.0, "ob_f_2012": 0.0, "tec_f_2012": 0.0, "adm_f_2012": 0.0, "ob_f_2014": 0.0, "tec_f_2014": 0.0, "adm_f_2014": 0.0, "ob_f_2015": 0.0, "tec_f_2015": 0.0, "adm_f_2015": 0.0, "ob_f_2016": 0.0, "tec_f_2016": 0.0, "adm_f_2016": 0.0, "ob_m_2000": 0.0, "tec_m_2000": 0.0, "adm_m_2000": 0.0, "ob_m_2001": 0.0, "tec_m_2001": 0.0, "adm_m_2001": 0.0, "ob_m_2002": 0.0, "tec_m_2002": 0.0, "adm_m_2002": 0.0, "ob_m_2003": 0.0, "tec_m_2003": 0.0, "adm_m_2003": 0.0, "ob_m_2004": 0.0, "tec_m_2004": 0.0, "adm_m_2004": 0.0, "ob_m_2005": 0.0, "tec_m_2005": 0.0, "adm_m_2005": 0.0, "ob_m_2006": 0.0, "tec_m_2006": 0.0, "adm_m_2006": 0.0, "ob_m_2007": 0.0, "tec_m_2007": 0.0, "adm_m_2007": 0.0, "ob_m_2008": 0.0, "tec_m_2008": 0.0, "adm_m_2008": 0.0, "ob_m_2009": 0.0, "tec_m_2009": 0.0, "adm_m_2009": 0.0, "ob_m_2010": 0.0, "tec_m_2010": 0.0, "adm_m_2010": 0.0, "ob_m_2011": 0.0, "tec_m_2011": 0.0, "adm_m_2011": 0.0, "ob_m_2012": 0.0, "tec_m_2012": 0.0, "adm_m_2012": 0.0, "ob_m_2014": 0.0, "tec_m_2014": 0.0, "adm_m_2014": 0.0, "ob_m_2015": 0.0, "tec_m_2015": 0.0, "adm_m_2015": 0.0, "ob_m_2016": 0.0, "tec_m_2016": 0.0, "adm_m_2016": 0.0, "ent2000": 0.0, "ent2001": 0.0, "ent2002": 0.0, "ent2003": 0.0, "ent2004": 0.0, "ent2005": 0.0, "ent2006": 0.0, "ent2007": 0.0, "ent2008": 0.0, "ent2009": 0.0, "ent2010": 0.0, "ent2011": 0.0, "ent2012": 0.0, "ent2013": 0.0, "ent2014": 0.0, "ent2015": 0.0, "ent2016": 0.0, "ele2000": 0.0, "ele2001": 0.0, "ele2002": 0.0, "ele2003": 0.0, "ele2004": 0.0, "ele2005": 0.0, "ele2006": 0.0, "ele2007": 0.0, "ele2008": 0.0, "ele2009": 0.0, "ele2010": 0.0, "ele2011": 0.0, "ele2012": 0.0, "ele2013": 0.0, "ele2014": 0.0, "ele2015": 0.0, "ele2016": 0.0, "com2000": 0.0, "com2001": 0.0, "com2002": 0.0, "com2003": 0.0, "com2004": 0.0, "com2005": 0.0, "com2006": 0.0, "com2007": 0.0, "com2008": 0.0, "com2009": 0.0, "com2010": 0.0, "com2011": 0.0, "com2012": 0.0, "com2013": 0.0, "com2014": 0.0, "com2015": 0.0, "com2016": 0.0, "inf2000": 0.0, "inf2001": 0.0, "inf2002": 0.0, "inf2003": 0.0, "inf2004": 0.0, "inf2005": 0.0, "inf2006": 0.0, "inf2007": 0.0, "inf2008": 0.0, "inf2009": 0.0, "inf2010": 0.0, "inf2011": 0.0, "inf2012": 0.0, "inf2013": 0.0, "inf2014": 0.0, "inf2015": 0.0, "inf2016": 0.0, "wat2000": 0.0, "wat2001": 0.0, "wat2002": 0.0, "wat2003": 0.0, "wat2004": 0.0, "wat2005": 0.0, "wat2006": 0.0, "wat2007": 0.0, "wat2008": 0.0, "wat2009": 0.0, "wat2010": 0.0, "wat2011": 0.0, "wat2012": 0.0, "wat2013": 0.0, "wat2014": 0.0, "wat2015": 0.0, "wat2016": 0.0, "tss2000": 0.0, "tss2001": 0.0, "tss2002": 0.0, "tss2003": 0.0, "tss2004": 0.0, "tss2005": 0.0, "tss2006": 0.0, "tss2007": 0.0, "tss2008": 0.0, "tss2009": 0.0, "tss2010": 0.0, "tss2011": 0.0, "tss2012": 0.0, "tss2013": 0.0, "tss2014": 0.0, "tss2015": 0.0, "tss2016": 0.0, "buiilt2000": 0.0, "buiilt2001": 0.0, "buiilt2002": 0.0, "buiilt2003": 0.0, "buiilt2004": 0.0, "buiilt2005": 0.0, "buiilt2006": 0.0, "buiilt2007": 0.0, "buiilt2008": 0.0, "buiilt2009": 0.0, "buiilt2010": 0.0, "buiilt2011": 0.0, "buiilt2012": 0.0, "buiilt2013": 0.0, "buiilt2014": 0.0, "buiilt2015": 0.0, "buiilt2016": 0.0, "ocu2000": 0.0, "ocu2001": 0.0, "ocu2002": 0.0, "ocu2003": 0.0, "ocu2004": 0.0, "ocu2005": 0.0, "ocu2006": 0.0, "ocu2007": 0.0, "ocu2008": 0.0, "ocu2009": 0.0, "ocu2010": 0.0, "ocu2011": 0.0, "ocu2012": 0.0, "ocu2013": 0.0, "ocu2014": 0.0, "ocu2015": 0.0, "ocu2016": 0.0, "sal_op2000": 0.0, "sal_op2001": 0.0, "sal_op2002": 0.0, "sal_op2003": 0.0, "sal_op2004": 0.0, "sal_op2005": 0.0, "sal_op2006": 0.0, "sal_op2007": 0.0, "sal_op2008": 0.0, "sal_op2009": 0.0, "sal_op2010": 0.0, "sal_op2011": 0.0, "sal_op2012": 0.0, "sal_op2013": 0.0, "sal_op2014": 0.0, "sal_op2015": 0.0, "sal_op2016": 0.0, "sal_tec2000": 0.0, "sal_tec2001": 0.0, "sal_tec2002": 0.0, "sal_tec2003": 0.0, "sal_tec2004": 0.0, "sal_tec2005": 0.0, "sal_tec2006": 0.0, "sal_tec2007": 0.0, "sal_tec2008": 0.0, "sal_tec2009": 0.0, "sal_tec2010": 0.0, "sal_tec2011": 0.0, "sal_tec2012": 0.0, "sal_tec2013": 0.0, "sal_tec2014": 0.0, "sal_tec2015": 0.0, "sal_tec2016": 0.0 }, "geometry": { "type": "Point", "coordinates": [ -69.79093729, 18.49893041 ] } },
{ "type": "Feature", "properties": { "code": "DOM-NOR", "name": "Zona Franca Industrial del Norte", "latitude": 19.54010463, "longitude": -70.79206329, "start": 2016.0, "close": 0.0, "type": "private", "sez_id": 65.0, "origin ": 1.0, "inv2000": 0.0, "inv2001": 0.0, "inv2002": 0.0, "inv2003": 0.0, "inv2004": 0.0, "inv2005": 0.0, "inv2006": 0.0, "inv2007": 0.0, "inv2008": 0.0, "inv2009": 0.0, "inv2010": 0.0, "inv2011": 0.0, "inv2012": 0.0, "inv2013": 0.0, "inv2014": 0.0, "inv2015": 0.0, "inv2016": 451139.59, "ob_f_2000": 0.0, "tec_f_2000": 0.0, "adm_f_2000": 0.0, "ob_f_2001": 0.0, "tec_f_2001": 0.0, "adm_f_2001": 0.0, "ob_f_2002": 0.0, "tec_f_2002": 0.0, "adm_f_2002": 0.0, "ob_f_2003": 0.0, "tec_f_2003": 0.0, "adm_f_2003": 0.0, "ob_f_2004": 0.0, "tec_f_2004": 0.0, "adm_f_2004": 0.0, "ob_f_2005": 0.0, "tec_f_2005": 0.0, "adm_f_2005": 0.0, "ob_f_2006": 0.0, "tec_f_2006": 0.0, "adm_f_2006": 0.0, "ob_f_2007": 0.0, "tec_f_2007": 0.0, "adm_f_2007": 0.0, "ob_f_2008": 0.0, "tec_f_2008": 0.0, "adm_f_2008": 0.0, "ob_f_2009": 0.0, "tec_f_2009": 0.0, "adm_f_2009": 0.0, "ob_f_2010": 0.0, "tec_f_2010": 0.0, "adm_f_2010": 0.0, "ob_f_2011": 0.0, "tec_f_2011": 0.0, "adm_f_2011": 0.0, "ob_f_2012": 0.0, "tec_f_2012": 0.0, "adm_f_2012": 0.0, "ob_f_2014": 0.0, "tec_f_2014": 0.0, "adm_f_2014": 0.0, "ob_f_2015": 0.0, "tec_f_2015": 0.0, "adm_f_2015": 0.0, "ob_f_2016": 0.0, "tec_f_2016": 0.0, "adm_f_2016": 2.0, "ob_m_2000": 0.0, "tec_m_2000": 0.0, "adm_m_2000": 0.0, "ob_m_2001": 0.0, "tec_m_2001": 0.0, "adm_m_2001": 0.0, "ob_m_2002": 0.0, "tec_m_2002": 0.0, "adm_m_2002": 0.0, "ob_m_2003": 0.0, "tec_m_2003": 0.0, "adm_m_2003": 0.0, "ob_m_2004": 0.0, "tec_m_2004": 0.0, "adm_m_2004": 0.0, "ob_m_2005": 0.0, "tec_m_2005": 0.0, "adm_m_2005": 0.0, "ob_m_2006": 0.0, "tec_m_2006": 0.0, "adm_m_2006": 0.0, "ob_m_2007": 0.0, "tec_m_2007": 0.0, "adm_m_2007": 0.0, "ob_m_2008": 0.0, "tec_m_2008": 0.0, "adm_m_2008": 0.0, "ob_m_2009": 0.0, "tec_m_2009": 0.0, "adm_m_2009": 0.0, "ob_m_2010": 0.0, "tec_m_2010": 0.0, "adm_m_2010": 0.0, "ob_m_2011": 0.0, "tec_m_2011": 0.0, "adm_m_2011": 0.0, "ob_m_2012": 0.0, "tec_m_2012": 0.0, "adm_m_2012": 0.0, "ob_m_2014": 0.0, "tec_m_2014": 0.0, "adm_m_2014": 0.0, "ob_m_2015": 0.0, "tec_m_2015": 0.0, "adm_m_2015": 0.0, "ob_m_2016": 1.0, "tec_m_2016": 0.0, "adm_m_2016": 1.0, "ent2000": 0.0, "ent2001": 0.0, "ent2002": 0.0, "ent2003": 0.0, "ent2004": 0.0, "ent2005": 0.0, "ent2006": 0.0, "ent2007": 0.0, "ent2008": 0.0, "ent2009": 0.0, "ent2010": 0.0, "ent2011": 0.0, "ent2012": 0.0, "ent2013": 0.0, "ent2014": 0.0, "ent2015": 0.0, "ent2016": 2.0, "ele2000": 0.0, "ele2001": 0.0, "ele2002": 0.0, "ele2003": 0.0, "ele2004": 0.0, "ele2005": 0.0, "ele2006": 0.0, "ele2007": 0.0, "ele2008": 0.0, "ele2009": 0.0, "ele2010": 0.0, "ele2011": 0.0, "ele2012": 0.0, "ele2013": 0.0, "ele2014": 0.0, "ele2015": 0.0, "ele2016": 27.6, "com2000": 0.0, "com2001": 0.0, "com2002": 0.0, "com2003": 0.0, "com2004": 0.0, "com2005": 0.0, "com2006": 0.0, "com2007": 0.0, "com2008": 0.0, "com2009": 0.0, "com2010": 0.0, "com2011": 0.0, "com2012": 0.0, "com2013": 0.0, "com2014": 0.0, "com2015": 0.0, "com2016": 8.0, "inf2000": 0.0, "inf2001": 0.0, "inf2002": 0.0, "inf2003": 0.0, "inf2004": 0.0, "inf2005": 0.0, "inf2006": 0.0, "inf2007": 0.0, "inf2008": 0.0, "inf2009": 0.0, "inf2010": 0.0, "inf2011": 0.0, "inf2012": 0.0, "inf2013": 0.0, "inf2014": 0.0, "inf2015": 0.0, "inf2016": 3.2, "wat2000": 0.0, "wat2001": 0.0, "wat2002": 0.0, "wat2003": 0.0, "wat2004": 0.0, "wat2005": 0.0, "wat2006": 0.0, "wat2007": 0.0, "wat2008": 0.0, "wat2009": 0.0, "wat2010": 0.0, "wat2011": 0.0, "wat2012": 0.0, "wat2013": 0.0, "wat2014": 0.0, "wat2015": 0.0, "wat2016": 3.6, "tss2000": 0.0, "tss2001": 0.0, "tss2002": 0.0, "tss2003": 0.0, "tss2004": 0.0, "tss2005": 0.0, "tss2006": 0.0, "tss2007": 0.0, "tss2008": 0.0, "tss2009": 0.0, "tss2010": 0.0, "tss2011": 0.0, "tss2012": 0.0, "tss2013": 0.0, "tss2014": 0.0, "tss2015": 0.0, "tss2016": 55.19, "buiilt2000": 0.0, "buiilt2001": 0.0, "buiilt2002": 0.0, "buiilt2003": 0.0, "buiilt2004": 0.0, "buiilt2005": 0.0, "buiilt2006": 0.0, "buiilt2007": 0.0, "buiilt2008": 0.0, "buiilt2009": 0.0, "buiilt2010": 0.0, "buiilt2011": 0.0, "buiilt2012": 0.0, "buiilt2013": 0.0, "buiilt2014": 0.0, "buiilt2015": 0.0, "buiilt2016": 6797.0, "ocu2000": 0.0, "ocu2001": 0.0, "ocu2002": 0.0, "ocu2003": 0.0, "ocu2004": 0.0, "ocu2005": 0.0, "ocu2006": 0.0, "ocu2007": 0.0, "ocu2008": 0.0, "ocu2009": 0.0, "ocu2010": 0.0, "ocu2011": 0.0, "ocu2012": 0.0, "ocu2013": 0.0, "ocu2014": 0.0, "ocu2015": 0.0, "ocu2016": 6797.0, "sal_op2000": 0.0, "sal_op2001": 0.0, "sal_op2002": 0.0, "sal_op2003": 0.0, "sal_op2004": 0.0, "sal_op2005": 0.0, "sal_op2006": 0.0, "sal_op2007": 0.0, "sal_op2008": 0.0, "sal_op2009": 0.0, "sal_op2010": 0.0, "sal_op2011": 0.0, "sal_op2012": 0.0, "sal_op2013": 0.0, "sal_op2014": 0.0, "sal_op2015": 0.0, "sal_op2016": 3810.62, "sal_tec2000": 0.0, "sal_tec2001": 0.0, "sal_tec2002": 0.0, "sal_tec2003": 0.0, "sal_tec2004": 0.0, "sal_tec2005": 0.0, "sal_tec2006": 0.0, "sal_tec2007": 0.0, "sal_tec2008": 0.0, "sal_tec2009": 0.0, "sal_tec2010": 0.0, "sal_tec2011": 0.0, "sal_tec2012": 0.0, "sal_tec2013": 0.0, "sal_tec2014": 0.0, "sal_tec2015": 0.0, "sal_tec2016": 0.0 }, "geometry": { "type": "Point", "coordinates": [ -70.79206329, 19.54010463 ] } },
{ "type": "Feature", "properties": { "code": "DOM-PAL", "name": "La Palma ", "latitude": 19.47951791, "longitude": -70.59727463, "start": 2004.0, "close": 0.0, "type": "private", "sez_id": 67.0, "origin ": 1.0, "inv2000": 0.0, "inv2001": 0.0, "inv2002": 0.0, "inv2003": 0.0, "inv2004": 1000000.0, "inv2005": 1214000.0, "inv2006": 4164166.0, "inv2007": 4556000.0, "inv2008": 5836575.0, "inv2009": 2483896.54, "inv2010": 3424002.0, "inv2011": 5359568.0, "inv2012": 5833873.04, "inv2013": 4224751.57, "inv2014": 5393078.7, "inv2015": 6212990.1, "inv2016": 5417113.82, "ob_f_2000": 0.0, "tec_f_2000": 0.0, "adm_f_2000": 0.0, "ob_f_2001": 0.0, "tec_f_2001": 0.0, "adm_f_2001": 0.0, "ob_f_2002": 0.0, "tec_f_2002": 0.0, "adm_f_2002": 0.0, "ob_f_2003": 0.0, "tec_f_2003": 0.0, "adm_f_2003": 0.0, "ob_f_2004": 55.0, "tec_f_2004": 2.0, "adm_f_2004": 2.0, "ob_f_2005": 55.0, "tec_f_2005": 2.0, "adm_f_2005": 4.0, "ob_f_2006": 69.0, "tec_f_2006": 2.0, "adm_f_2006": 3.0, "ob_f_2007": 256.0, "tec_f_2007": 0.0, "adm_f_2007": 5.0, "ob_f_2008": 237.0, "tec_f_2008": 0.0, "adm_f_2008": 5.0, "ob_f_2009": 245.0, "tec_f_2009": 2.0, "adm_f_2009": 3.0, "ob_f_2010": 229.0, "tec_f_2010": 1.0, "adm_f_2010": 6.0, "ob_f_2011": 22.0, "tec_f_2011": 0.0, "adm_f_2011": 6.0, "ob_f_2012": 343.0, "tec_f_2012": 3.0, "adm_f_2012": 6.0, "ob_f_2014": 384.0, "tec_f_2014": 1.0, "adm_f_2014": 14.0, "ob_f_2015": 471.0, "tec_f_2015": 1.0, "adm_f_2015": 13.0, "ob_f_2016": 500.0, "tec_f_2016": 13.0, "adm_f_2016": 14.0, "ob_m_2000": 0.0, "tec_m_2000": 0.0, "adm_m_2000": 0.0, "ob_m_2001": 0.0, "tec_m_2001": 0.0, "adm_m_2001": 0.0, "ob_m_2002": 0.0, "tec_m_2002": 0.0, "adm_m_2002": 0.0, "ob_m_2003": 0.0, "tec_m_2003": 0.0, "adm_m_2003": 0.0, "ob_m_2004": 82.0, "tec_m_2004": 4.0, "adm_m_2004": 1.0, "ob_m_2005": 83.0, "tec_m_2005": 6.0, "adm_m_2005": 1.0, "ob_m_2006": 99.0, "tec_m_2006": 6.0, "adm_m_2006": 5.0, "ob_m_2007": 128.0, "tec_m_2007": 6.0, "adm_m_2007": 10.0, "ob_m_2008": 209.0, "tec_m_2008": 15.0, "adm_m_2008": 12.0, "ob_m_2009": 136.0, "tec_m_2009": 6.0, "adm_m_2009": 6.0, "ob_m_2010": 168.0, "tec_m_2010": 7.0, "adm_m_2010": 14.0, "ob_m_2011": 380.0, "tec_m_2011": 17.0, "adm_m_2011": 11.0, "ob_m_2012": 275.0, "tec_m_2012": 22.0, "adm_m_2012": 8.0, "ob_m_2014": 318.0, "tec_m_2014": 17.0, "adm_m_2014": 10.0, "ob_m_2015": 401.0, "tec_m_2015": 31.0, "adm_m_2015": 10.0, "ob_m_2016": 390.0, "tec_m_2016": 7.0, "adm_m_2016": 11.0, "ent2000": 0.0, "ent2001": 0.0, "ent2002": 0.0, "ent2003": 0.0, "ent2004": 1.0, "ent2005": 2.0, "ent2006": 4.0, "ent2007": 4.0, "ent2008": 5.0, "ent2009": 4.0, "ent2010": 5.0, "ent2011": 5.0, "ent2012": 5.0, "ent2013": 5.0, "ent2014": 5.0, "ent2015": 5.0, "ent2016": 5.0, "ele2000": 0.0, "ele2001": 0.0, "ele2002": 0.0, "ele2003": 0.0, "ele2004": 0.0, "ele2005": 240000.0, "ele2006": 359376.0, "ele2007": 552220.44, "ele2008": 908717.81, "ele2009": 589243.21, "ele2010": 991864.3, "ele2011": 1456440.38, "ele2012": 2131815.88, "ele2013": 3216998.6, "ele2014": 1952417.0, "ele2015": 3694818.92, "ele2016": 8262.04, "com2000": 0.0, "com2001": 0.0, "com2002": 0.0, "com2003": 0.0, "com2004": 22000.0, "com2005": 242400.0, "com2006": 503000.0, "com2007": 485693.58, "com2008": 494268.01, "com2009": 290615.9, "com2010": 351512.34, "com2011": 714328.25, "com2012": 794119.43, "com2013": 1072452.0, "com2014": 527681.8, "com2015": 1351002.92, "com2016": 1173.71, "inf2000": 0.0, "inf2001": 0.0, "inf2002": 0.0, "inf2003": 0.0, "inf2004": 0.0, "inf2005": 6492.0, "inf2006": 128276.0, "inf2007": 94067.3, "inf2008": 231597.6, "inf2009": 155383.0, "inf2010": 194840.6, "inf2011": 133503.49, "inf2012": 209661.0, "inf2013": 544762.0, "inf2014": 526375.0, "inf2015": 726104.0, "inf2016": 793.78, "wat2000": 0.0, "wat2001": 0.0, "wat2002": 0.0, "wat2003": 0.0, "wat2004": 1600.0, "wat2005": 21600.0, "wat2006": 21600.0, "wat2007": 4800.0, "wat2008": 28320.0, "wat2009": 24307.0, "wat2010": 69600.0, "wat2011": 27776.61, "wat2012": 27000.0, "wat2013": 172000.0, "wat2014": 0.0, "wat2015": 0.0, "wat2016": 138.0, "tss2000": 0.0, "tss2001": 0.0, "tss2002": 0.0, "tss2003": 0.0, "tss2004": 10000.0, "tss2005": 72000.0, "tss2006": 300500.0, "tss2007": 2501557.57, "tss2008": 5659452.94, "tss2009": 5527375.8, "tss2010": 5820428.58, "tss2011": 7705079.3, "tss2012": 10268310.72, "tss2013": 11977799.96, "tss2014": 13729294.05, "tss2015": 17480606.95, "tss2016": 23513.4, "buiilt2000": 0.0, "buiilt2001": 0.0, "buiilt2002": 0.0, "buiilt2003": 0.0, "buiilt2004": 31000.0, "buiilt2005": 63400.0, "buiilt2006": 63400.0, "buiilt2007": 70000.0, "buiilt2008": 83400.0, "buiilt2009": 107245.0, "buiilt2010": 107245.0, "buiilt2011": 107245.0, "buiilt2012": 107245.0, "buiilt2013": 107245.0, "buiilt2014": 107245.0, "buiilt2015": 107245.0, "buiilt2016": 110760.0, "ocu2000": 0.0, "ocu2001": 0.0, "ocu2002": 0.0, "ocu2003": 0.0, "ocu2004": 18000.0, "ocu2005": 23350.0, "ocu2006": 42750.0, "ocu2007": 46393.0, "ocu2008": 42750.0, "ocu2009": 107245.0, "ocu2010": 107245.0, "ocu2011": 101572.0, "ocu2012": 102443.0, "ocu2013": 102443.0, "ocu2014": 102443.0, "ocu2015": 102443.0, "ocu2016": 110760.0, "sal_op2000": 0.0, "sal_op2001": 0.0, "sal_op2002": 0.0, "sal_op2003": 0.0, "sal_op2004": 1300.0, "sal_op2005": 1650.0, "sal_op2006": 1725.0, "sal_op2007": 1250.0, "sal_op2008": 1778.49, "sal_op2009": 1730.0, "sal_op2010": 1735.02, "sal_op2011": 1721.67, "sal_op2012": 1520.0, "sal_op2013": 1719.86, "sal_op2014": 2408.05, "sal_op2015": 2489.72, "sal_op2016": 2527.41, "sal_tec2000": 0.0, "sal_tec2001": 0.0, "sal_tec2002": 0.0, "sal_tec2003": 0.0, "sal_tec2004": 3500.0, "sal_tec2005": 3500.0, "sal_tec2006": 4230.5, "sal_tec2007": 3000.0, "sal_tec2008": 3800.0, "sal_tec2009": 3175.0, "sal_tec2010": 3566.67, "sal_tec2011": 3867.75, "sal_tec2012": 5805.25, "sal_tec2013": 4791.5, "sal_tec2014": 4670.5, "sal_tec2015": 3921.56, "sal_tec2016": 4129.17 }, "geometry": { "type": "Point", "coordinates": [ -70.59727463, 19.47951791 ] } },
{ "type": "Feature", "properties": { "code": "DOM-PAM", "name": "Palmarejo ", "latitude": 19.53965534, "longitude": -70.79354494, "start": 1997.0, "close": 0.0, "type": "private", "sez_id": 68.0, "origin ": 1.0, "inv2000": 23426111.0, "inv2001": 21816691.0, "inv2002": 25313062.0, "inv2003": 5976065.0, "inv2004": 30828690.65, "inv2005": 90639471.75, "inv2006": 45223430.67, "inv2007": 57949101.84, "inv2008": 66846200.86, "inv2009": 75855965.24, "inv2010": 80389236.4, "inv2011": 79196505.2, "inv2012": 39204030.99, "inv2013": 34233001.47, "inv2014": 38544393.1, "inv2015": 48741389.4, "inv2016": 49619554.78, "ob_f_2000": 354.0, "tec_f_2000": 26.0, "adm_f_2000": 11.0, "ob_f_2001": 303.0, "tec_f_2001": 23.0, "adm_f_2001": 10.0, "ob_f_2002": 299.0, "tec_f_2002": 35.0, "adm_f_2002": 11.0, "ob_f_2003": 324.0, "tec_f_2003": 22.0, "adm_f_2003": 20.0, "ob_f_2004": 515.0, "tec_f_2004": 44.0, "adm_f_2004": 24.0, "ob_f_2005": 565.0, "tec_f_2005": 50.0, "adm_f_2005": 28.0, "ob_f_2006": 603.0, "tec_f_2006": 46.0, "adm_f_2006": 30.0, "ob_f_2007": 677.0, "tec_f_2007": 54.0, "adm_f_2007": 26.0, "ob_f_2008": 444.0, "tec_f_2008": 56.0, "adm_f_2008": 37.0, "ob_f_2009": 310.0, "tec_f_2009": 83.0, "adm_f_2009": 13.0, "ob_f_2010": 385.0, "tec_f_2010": 51.0, "adm_f_2010": 20.0, "ob_f_2011": 284.0, "tec_f_2011": 41.0, "adm_f_2011": 22.0, "ob_f_2012": 411.0, "tec_f_2012": 43.0, "adm_f_2012": 21.0, "ob_f_2014": 569.0, "tec_f_2014": 34.0, "adm_f_2014": 35.0, "ob_f_2015": 498.0, "tec_f_2015": 47.0, "adm_f_2015": 25.0, "ob_f_2016": 464.0, "tec_f_2016": 45.0, "adm_f_2016": 27.0, "ob_m_2000": 328.0, "tec_m_2000": 61.0, "adm_m_2000": 17.0, "ob_m_2001": 312.0, "tec_m_2001": 59.0, "adm_m_2001": 18.0, "ob_m_2002": 349.0, "tec_m_2002": 49.0, "adm_m_2002": 16.0, "ob_m_2003": 337.0, "tec_m_2003": 47.0, "adm_m_2003": 44.0, "ob_m_2004": 419.0, "tec_m_2004": 90.0, "adm_m_2004": 12.0, "ob_m_2005": 505.0, "tec_m_2005": 86.0, "adm_m_2005": 27.0, "ob_m_2006": 533.0, "tec_m_2006": 116.0, "adm_m_2006": 32.0, "ob_m_2007": 688.0, "tec_m_2007": 130.0, "adm_m_2007": 33.0, "ob_m_2008": 488.0, "tec_m_2008": 66.0, "adm_m_2008": 34.0, "ob_m_2009": 323.0, "tec_m_2009": 93.0, "adm_m_2009": 22.0, "ob_m_2010": 352.0, "tec_m_2010": 100.0, "adm_m_2010": 23.0, "ob_m_2011": 323.0, "tec_m_2011": 81.0, "adm_m_2011": 11.0, "ob_m_2012": 315.0, "tec_m_2012": 109.0, "adm_m_2012": 12.0, "ob_m_2014": 396.0, "tec_m_2014": 83.0, "adm_m_2014": 76.0, "ob_m_2015": 293.0, "tec_m_2015": 99.0, "adm_m_2015": 30.0, "ob_m_2016": 305.0, "tec_m_2016": 86.0, "adm_m_2016": 24.0, "ent2000": 3.0, "ent2001": 3.0, "ent2002": 3.0, "ent2003": 5.0, "ent2004": 5.0, "ent2005": 5.0, "ent2006": 5.0, "ent2007": 6.0, "ent2008": 6.0, "ent2009": 6.0, "ent2010": 5.0, "ent2011": 5.0, "ent2012": 5.0, "ent2013": 5.0, "ent2014": 5.0, "ent2015": 5.0, "ent2016": 5.0, "ele2000": 929360.0, "ele2001": 848991.0, "ele2002": 1509640.0, "ele2003": 3169920.0, "ele2004": 3836872.93, "ele2005": 4044706.12, "ele2006": 5207571.5, "ele2007": 5613195.0, "ele2008": 6063778.16, "ele2009": 5376814.52, "ele2010": 4506784.77, "ele2011": 7263328.49, "ele2012": 6472658.23, "ele2013": 8384306.39, "ele2014": 7009679.1, "ele2015": 8137380.4, "ele2016": 9130.11, "com2000": 0.0, "com2001": 0.0, "com2002": 0.0, "com2003": 470470.0, "com2004": 1088923.16, "com2005": 1021998.37, "com2006": 1379221.69, "com2007": 1501098.49, "com2008": 1188037.26, "com2009": 606566.39, "com2010": 791823.21, "com2011": 950128.87, "com2012": 1756413.41, "com2013": 1537505.54, "com2014": 1619761.62, "com2015": 3897028.54, "com2016": 2859.54, "inf2000": 0.0, "inf2001": 310970.0, "inf2002": 415882.0, "inf2003": 721576.0, "inf2004": 864067.44, "inf2005": 987721.83, "inf2006": 1185480.53, "inf2007": 1980443.18, "inf2008": 1410802.21, "inf2009": 1049434.0, "inf2010": 1246469.0, "inf2011": 1251239.0, "inf2012": 822930.0, "inf2013": 128007.91, "inf2014": 1279362.52, "inf2015": 1391097.33, "inf2016": 1613.08, "wat2000": 0.0, "wat2001": 0.0, "wat2002": 0.0, "wat2003": 0.0, "wat2004": 0.0, "wat2005": 0.0, "wat2006": 0.0, "wat2007": 555796.56, "wat2008": 3200000.0, "wat2009": 0.0, "wat2010": 0.0, "wat2011": 0.0, "wat2012": 0.0, "wat2013": 0.0, "wat2014": 0.0, "wat2015": 0.0, "wat2016": 0.0, "tss2000": 2246163.0, "tss2001": 1996525.0, "tss2002": 2706295.0, "tss2003": 3572168.0, "tss2004": 2455634.74, "tss2005": 3183726.95, "tss2006": 2771039.05, "tss2007": 7694138.54, "tss2008": 43862125.68, "tss2009": 33244644.25, "tss2010": 31120141.42, "tss2011": 31609823.43, "tss2012": 19171698.03, "tss2013": 40293597.67, "tss2014": 47209984.72, "tss2015": 63332729.8, "tss2016": 35590.68, "buiilt2000": 134278.0, "buiilt2001": 134278.0, "buiilt2002": 134278.0, "buiilt2003": 134278.0, "buiilt2004": 134278.0, "buiilt2005": 134278.0, "buiilt2006": 339822.0, "buiilt2007": 386996.2, "buiilt2008": 450038.0, "buiilt2009": 450038.0, "buiilt2010": 450038.0, "buiilt2011": 450038.0, "buiilt2012": 450038.0, "buiilt2013": 367614.0, "buiilt2014": 367614.0, "buiilt2015": 367614.0, "buiilt2016": 367614.0, "ocu2000": 134278.0, "ocu2001": 134278.0, "ocu2002": 134278.0, "ocu2003": 134278.0, "ocu2004": 134278.0, "ocu2005": 134278.0, "ocu2006": 339822.0, "ocu2007": 354794.2, "ocu2008": 417834.0, "ocu2009": 281168.72, "ocu2010": 242891.24, "ocu2011": 367614.0, "ocu2012": 243206.44, "ocu2013": 367614.0, "ocu2014": 367614.0, "ocu2015": 367614.0, "ocu2016": 367614.0, "sal_op2000": 1066.67, "sal_op2001": 736.33, "sal_op2002": 986.33, "sal_op2003": 1056.28, "sal_op2004": 1359.37, "sal_op2005": 1368.2, "sal_op2006": 1514.75, "sal_op2007": 1893.56, "sal_op2008": 2061.92, "sal_op2009": 1980.75, "sal_op2010": 1960.2, "sal_op2011": 2325.4, "sal_op2012": 2604.39, "sal_op2013": 3003.77, "sal_op2014": 2952.04, "sal_op2015": 2724.33, "sal_op2016": 2692.55, "sal_tec2000": 1633.33, "sal_tec2001": 1932.67, "sal_tec2002": 1975.67, "sal_tec2003": 2244.77, "sal_tec2004": 2892.8, "sal_tec2005": 3146.0, "sal_tec2006": 4178.9, "sal_tec2007": 3012.0, "sal_tec2008": 3480.86, "sal_tec2009": 2872.78, "sal_tec2010": 2862.6, "sal_tec2011": 3472.8, "sal_tec2012": 3608.86, "sal_tec2013": 3922.92, "sal_tec2014": 3530.31, "sal_tec2015": 4832.09, "sal_tec2016": 4557.43 }, "geometry": { "type": "Point", "coordinates": [ -70.79354494, 19.53965534 ] } },
{ "type": "Feature", "properties": { "code": "DOM-PED", "name": "Pedernales ", "latitude": 18.03212506, "longitude": -71.7361763, "start": 1991.0, "close": 0.0, "type": "public", "sez_id": 69.0, "origin ": 1.0, "inv2000": 182000.0, "inv2001": 182000.0, "inv2002": 150000.0, "inv2003": 266000.0, "inv2004": 300000.0, "inv2005": 300000.0, "inv2006": 550000.0, "inv2007": 600000.0, "inv2008": 2050000.0, "inv2009": 2050000.0, "inv2010": 28000000.0, "inv2011": 17000000.0, "inv2012": 17000000.0, "inv2013": 11500000.0, "inv2014": 9000000.0, "inv2015": 11829180.1, "inv2016": 12000000.0, "ob_f_2000": 1.0, "tec_f_2000": 1.0, "adm_f_2000": 1.0, "ob_f_2001": 59.0, "tec_f_2001": 0.0, "adm_f_2001": 2.0, "ob_f_2002": 43.0, "tec_f_2002": 0.0, "adm_f_2002": 3.0, "ob_f_2003": 60.0, "tec_f_2003": 1.0, "adm_f_2003": 1.0, "ob_f_2004": 88.0, "tec_f_2004": 4.0, "adm_f_2004": 4.0, "ob_f_2005": 80.0, "tec_f_2005": 4.0, "adm_f_2005": 2.0, "ob_f_2006": 116.0, "tec_f_2006": 0.0, "adm_f_2006": 4.0, "ob_f_2007": 217.0, "tec_f_2007": 10.0, "adm_f_2007": 3.0, "ob_f_2008": 222.0, "tec_f_2008": 5.0, "adm_f_2008": 4.0, "ob_f_2009": 185.0, "tec_f_2009": 9.0, "adm_f_2009": 6.0, "ob_f_2010": 291.0, "tec_f_2010": 7.0, "adm_f_2010": 10.0, "ob_f_2011": 305.0, "tec_f_2011": 0.0, "adm_f_2011": 11.0, "ob_f_2012": 194.0, "tec_f_2012": 3.0, "adm_f_2012": 8.0, "ob_f_2014": 182.0, "tec_f_2014": 0.0, "adm_f_2014": 8.0, "ob_f_2015": 248.0, "tec_f_2015": 0.0, "adm_f_2015": 7.0, "ob_f_2016": 349.0, "tec_f_2016": 0.0, "adm_f_2016": 10.0, "ob_m_2000": 1.0, "tec_m_2000": 3.0, "adm_m_2000": 1.0, "ob_m_2001": 7.0, "tec_m_2001": 0.0, "adm_m_2001": 1.0, "ob_m_2002": 6.0, "tec_m_2002": 0.0, "adm_m_2002": 1.0, "ob_m_2003": 14.0, "tec_m_2003": 2.0, "adm_m_2003": 1.0, "ob_m_2004": 25.0, "tec_m_2004": 5.0, "adm_m_2004": 3.0, "ob_m_2005": 32.0, "tec_m_2005": 4.0, "adm_m_2005": 3.0, "ob_m_2006": 112.0, "tec_m_2006": 5.0, "adm_m_2006": 3.0, "ob_m_2007": 124.0, "tec_m_2007": 14.0, "adm_m_2007": 7.0, "ob_m_2008": 147.0, "tec_m_2008": 11.0, "adm_m_2008": 5.0, "ob_m_2009": 435.0, "tec_m_2009": 20.0, "adm_m_2009": 12.0, "ob_m_2010": 233.0, "tec_m_2010": 21.0, "adm_m_2010": 6.0, "ob_m_2011": 274.0, "tec_m_2011": 2.0, "adm_m_2011": 6.0, "ob_m_2012": 156.0, "tec_m_2012": 18.0, "adm_m_2012": 4.0, "ob_m_2014": 165.0, "tec_m_2014": 7.0, "adm_m_2014": 7.0, "ob_m_2015": 244.0, "tec_m_2015": 7.0, "adm_m_2015": 13.0, "ob_m_2016": 284.0, "tec_m_2016": 5.0, "adm_m_2016": 5.0, "ent2000": 1.0, "ent2001": 1.0, "ent2002": 1.0, "ent2003": 1.0, "ent2004": 1.0, "ent2005": 1.0, "ent2006": 1.0, "ent2007": 1.0, "ent2008": 1.0, "ent2009": 1.0, "ent2010": 1.0, "ent2011": 1.0, "ent2012": 1.0, "ent2013": 1.0, "ent2014": 1.0, "ent2015": 1.0, "ent2016": 1.0, "ele2000": 0.0, "ele2001": 24000.0, "ele2002": 24000.0, "ele2003": 95710.29, "ele2004": 250361.0, "ele2005": 284351.0, "ele2006": 730876.41, "ele2007": 823787.63, "ele2008": 823787.63, "ele2009": 922866.82, "ele2010": 1115044.36, "ele2011": 1659603.39, "ele2012": 875241.0, "ele2013": 2064024.15, "ele2014": 1712396.98, "ele2015": 1641805.95, "ele2016": 1745.54, "com2000": 0.0, "com2001": 0.0, "com2002": 0.0, "com2003": 95961.73, "com2004": 83351.0, "com2005": 95546.0, "com2006": 230081.25, "com2007": 261733.27, "com2008": 261733.77, "com2009": 241654.36, "com2010": 225580.13, "com2011": 211238.74, "com2012": 215354.0, "com2013": 285128.35, "com2014": 416231.83, "com2015": 318687.67, "com2016": 347.41, "inf2000": 0.0, "inf2001": 0.0, "inf2002": 0.0, "inf2003": 0.0, "inf2004": 0.0, "inf2005": 0.0, "inf2006": 94507.0, "inf2007": 121956.5, "inf2008": 121956.5, "inf2009": 290000.0, "inf2010": 652869.0, "inf2011": 358782.0, "inf2012": 458231.0, "inf2013": 0.0, "inf2014": 0.0, "inf2015": 0.0, "inf2016": 747.49, "wat2000": 0.0, "wat2001": 0.0, "wat2002": 0.0, "wat2003": 0.0, "wat2004": 23192.0, "wat2005": 18654.0, "wat2006": 143000.0, "wat2007": 249547.0, "wat2008": 249547.0, "wat2009": 1982.0, "wat2010": 126140.0, "wat2011": 292755.0, "wat2012": 176254.0, "wat2013": 0.0, "wat2014": 0.0, "wat2015": 0.0, "wat2016": 0.0, "tss2000": 0.0, "tss2001": 108.0, "tss2002": 90000.0, "tss2003": 72020.0, "tss2004": 65767.0, "tss2005": 0.0, "tss2006": 478127.6, "tss2007": 402857.74, "tss2008": 4362261.64, "tss2009": 5668127.36, "tss2010": 8569554.05, "tss2011": 11247387.82, "tss2012": 9177708.51, "tss2013": 8609534.13, "tss2014": 733991.4, "tss2015": 0.0, "tss2016": 4846.1, "buiilt2000": 30401.06, "buiilt2001": 30401.0, "buiilt2002": 30401.0, "buiilt2003": 30401.0, "buiilt2004": 30401.0, "buiilt2005": 30401.0, "buiilt2006": 60000.0, "buiilt2007": 60000.0, "buiilt2008": 80000.0, "buiilt2009": 80000.0, "buiilt2010": 80000.0, "buiilt2011": 100457.0, "buiilt2012": 100457.0, "buiilt2013": 100457.0, "buiilt2014": 100457.0, "buiilt2015": 100457.0, "buiilt2016": 100457.0, "ocu2000": 30401.0, "ocu2001": 30401.0, "ocu2002": 30401.0, "ocu2003": 30401.0, "ocu2004": 30401.0, "ocu2005": 30401.0, "ocu2006": 60000.0, "ocu2007": 60000.0, "ocu2008": 80000.0, "ocu2009": 80000.0, "ocu2010": 80000.0, "ocu2011": 100457.0, "ocu2012": 100457.0, "ocu2013": 100457.0, "ocu2014": 100457.0, "ocu2015": 100457.0, "ocu2016": 100457.0, "sal_op2000": 600.0, "sal_op2001": 575.0, "sal_op2002": 575.0, "sal_op2003": 847.0, "sal_op2004": 900.0, "sal_op2005": 936.0, "sal_op2006": 1000.0, "sal_op2007": 1000.0, "sal_op2008": 1000.0, "sal_op2009": 1000.0, "sal_op2010": 1154.0, "sal_op2011": 1300.0, "sal_op2012": 1425.0, "sal_op2013": 1580.0, "sal_op2014": 1805.0, "sal_op2015": 1800.0, "sal_op2016": 1743.6, "sal_tec2000": 850.0, "sal_tec2001": 0.0, "sal_tec2002": 0.0, "sal_tec2003": 2500.0, "sal_tec2004": 2600.0, "sal_tec2005": 2354.0, "sal_tec2006": 3092.0, "sal_tec2007": 2220.0, "sal_tec2008": 2800.0, "sal_tec2009": 2800.0, "sal_tec2010": 2770.0, "sal_tec2011": 2800.0, "sal_tec2012": 2800.0, "sal_tec2013": 3500.0, "sal_tec2014": 3500.0, "sal_tec2015": 3500.0, "sal_tec2016": 3145.0 }, "geometry": { "type": "Point", "coordinates": [ -71.7361763, 18.03212506 ] } },
{ "type": "Feature", "properties": { "code": "DOM-PER", "name": "PERLAV", "latitude": 18.52899686, "longitude": -69.99851177, "start": 2010.0, "close": 0.0, "type": "private", "sez_id": 70.0, "origin ": 1.0, "inv2000": 0.0, "inv2001": 0.0, "inv2002": 0.0, "inv2003": 0.0, "inv2004": 0.0, "inv2005": 0.0, "inv2006": 0.0, "inv2007": 0.0, "inv2008": 0.0, "inv2009": 0.0, "inv2010": 39308186.17, "inv2011": 43123873.0, "inv2012": 54986741.08, "inv2013": 70975499.21, "inv2014": 71677360.9, "inv2015": 70122135.8, "inv2016": 73831661.01000001, "ob_f_2000": 0.0, "tec_f_2000": 0.0, "adm_f_2000": 0.0, "ob_f_2001": 0.0, "tec_f_2001": 0.0, "adm_f_2001": 0.0, "ob_f_2002": 0.0, "tec_f_2002": 0.0, "adm_f_2002": 0.0, "ob_f_2003": 0.0, "tec_f_2003": 0.0, "adm_f_2003": 0.0, "ob_f_2004": 0.0, "tec_f_2004": 0.0, "adm_f_2004": 0.0, "ob_f_2005": 0.0, "tec_f_2005": 0.0, "adm_f_2005": 0.0, "ob_f_2006": 0.0, "tec_f_2006": 0.0, "adm_f_2006": 0.0, "ob_f_2007": 0.0, "tec_f_2007": 0.0, "adm_f_2007": 0.0, "ob_f_2008": 0.0, "tec_f_2008": 0.0, "adm_f_2008": 0.0, "ob_f_2009": 0.0, "tec_f_2009": 0.0, "adm_f_2009": 0.0, "ob_f_2010": 99.0, "tec_f_2010": 85.0, "adm_f_2010": 34.0, "ob_f_2011": 168.0, "tec_f_2011": 57.0, "adm_f_2011": 83.0, "ob_f_2012": 144.0, "tec_f_2012": 53.0, "adm_f_2012": 40.0, "ob_f_2014": 160.0, "tec_f_2014": 68.0, "adm_f_2014": 46.0, "ob_f_2015": 147.0, "tec_f_2015": 66.0, "adm_f_2015": 40.0, "ob_f_2016": 141.0, "tec_f_2016": 64.0, "adm_f_2016": 39.0, "ob_m_2000": 0.0, "tec_m_2000": 0.0, "adm_m_2000": 0.0, "ob_m_2001": 0.0, "tec_m_2001": 0.0, "adm_m_2001": 0.0, "ob_m_2002": 0.0, "tec_m_2002": 0.0, "adm_m_2002": 0.0, "ob_m_2003": 0.0, "tec_m_2003": 0.0, "adm_m_2003": 0.0, "ob_m_2004": 0.0, "tec_m_2004": 0.0, "adm_m_2004": 0.0, "ob_m_2005": 0.0, "tec_m_2005": 0.0, "adm_m_2005": 0.0, "ob_m_2006": 0.0, "tec_m_2006": 0.0, "adm_m_2006": 0.0, "ob_m_2007": 0.0, "tec_m_2007": 0.0, "adm_m_2007": 0.0, "ob_m_2008": 0.0, "tec_m_2008": 0.0, "adm_m_2008": 0.0, "ob_m_2009": 0.0, "tec_m_2009": 0.0, "adm_m_2009": 0.0, "ob_m_2010": 27.0, "tec_m_2010": 103.0, "adm_m_2010": 42.0, "ob_m_2011": 100.0, "tec_m_2011": 45.0, "adm_m_2011": 87.0, "ob_m_2012": 108.0, "tec_m_2012": 31.0, "adm_m_2012": 31.0, "ob_m_2014": 101.0, "tec_m_2014": 55.0, "adm_m_2014": 30.0, "ob_m_2015": 102.0, "tec_m_2015": 55.0, "adm_m_2015": 31.0, "ob_m_2016": 97.0, "tec_m_2016": 53.0, "adm_m_2016": 30.0, "ent2000": 0.0, "ent2001": 0.0, "ent2002": 0.0, "ent2003": 0.0, "ent2004": 0.0, "ent2005": 0.0, "ent2006": 0.0, "ent2007": 0.0, "ent2008": 0.0, "ent2009": 0.0, "ent2010": 2.0, "ent2011": 3.0, "ent2012": 3.0, "ent2013": 3.0, "ent2014": 3.0, "ent2015": 3.0, "ent2016": 3.0, "ele2000": 0.0, "ele2001": 0.0, "ele2002": 0.0, "ele2003": 0.0, "ele2004": 0.0, "ele2005": 0.0, "ele2006": 0.0, "ele2007": 0.0, "ele2008": 0.0, "ele2009": 0.0, "ele2010": 0.0, "ele2011": 34242290.28, "ele2012": 42049577.91, "ele2013": 50151982.46, "ele2014": 60875455.28, "ele2015": 49742887.3, "ele2016": 25842.41, "com2000": 0.0, "com2001": 0.0, "com2002": 0.0, "com2003": 0.0, "com2004": 0.0, "com2005": 0.0, "com2006": 0.0, "com2007": 0.0, "com2008": 0.0, "com2009": 0.0, "com2010": 0.0, "com2011": 3549852.91, "com2012": 4009453.13, "com2013": 3453268.71, "com2014": 3450632.82, "com2015": 3657245.43, "com2016": 4705.01, "inf2000": 0.0, "inf2001": 0.0, "inf2002": 0.0, "inf2003": 0.0, "inf2004": 0.0, "inf2005": 0.0, "inf2006": 0.0, "inf2007": 0.0, "inf2008": 0.0, "inf2009": 0.0, "inf2010": 0.0, "inf2011": 1199846.66, "inf2012": 1118268.97, "inf2013": 1110716.71, "inf2014": 1327143.53, "inf2015": 1414134.35, "inf2016": 1299.93, "wat2000": 0.0, "wat2001": 0.0, "wat2002": 0.0, "wat2003": 0.0, "wat2004": 0.0, "wat2005": 0.0, "wat2006": 0.0, "wat2007": 0.0, "wat2008": 0.0, "wat2009": 0.0, "wat2010": 0.0, "wat2011": 315186.76, "wat2012": 344911.24, "wat2013": 399991.67, "wat2014": 491767.54, "wat2015": 641062.57, "wat2016": 2215.29, "tss2000": 0.0, "tss2001": 0.0, "tss2002": 0.0, "tss2003": 0.0, "tss2004": 0.0, "tss2005": 0.0, "tss2006": 0.0, "tss2007": 0.0, "tss2008": 0.0, "tss2009": 0.0, "tss2010": 0.0, "tss2011": 30350686.21, "tss2012": 19372485.44, "tss2013": 25246267.91, "tss2014": 27780688.7, "tss2015": 59535026.12, "tss2016": 31160.18, "buiilt2000": 0.0, "buiilt2001": 0.0, "buiilt2002": 0.0, "buiilt2003": 0.0, "buiilt2004": 0.0, "buiilt2005": 0.0, "buiilt2006": 0.0, "buiilt2007": 0.0, "buiilt2008": 0.0, "buiilt2009": 0.0, "buiilt2010": 258240.0, "buiilt2011": 232534.36, "buiilt2012": 232534.36, "buiilt2013": 232534.36, "buiilt2014": 232534.36, "buiilt2015": 232534.36, "buiilt2016": 232534.36, "ocu2000": 0.0, "ocu2001": 0.0, "ocu2002": 0.0, "ocu2003": 0.0, "ocu2004": 0.0, "ocu2005": 0.0, "ocu2006": 0.0, "ocu2007": 0.0, "ocu2008": 0.0, "ocu2009": 0.0, "ocu2010": 258240.0, "ocu2011": 232534.36, "ocu2012": 232534.36, "ocu2013": 232534.36, "ocu2014": 232534.36, "ocu2015": 232534.36, "ocu2016": 232534.36, "sal_op2000": 0.0, "sal_op2001": 0.0, "sal_op2002": 0.0, "sal_op2003": 0.0, "sal_op2004": 0.0, "sal_op2005": 0.0, "sal_op2006": 0.0, "sal_op2007": 0.0, "sal_op2008": 0.0, "sal_op2009": 0.0, "sal_op2010": 3098.0, "sal_op2011": 3893.63, "sal_op2012": 3900.0, "sal_op2013": 3478.12, "sal_op2014": 3550.0, "sal_op2015": 3000.0, "sal_op2016": 4217.67, "sal_tec2000": 0.0, "sal_tec2001": 0.0, "sal_tec2002": 0.0, "sal_tec2003": 0.0, "sal_tec2004": 0.0, "sal_tec2005": 0.0, "sal_tec2006": 0.0, "sal_tec2007": 0.0, "sal_tec2008": 0.0, "sal_tec2009": 0.0, "sal_tec2010": 5623.0, "sal_tec2011": 5773.78, "sal_tec2012": 5733.33, "sal_tec2013": 6181.71, "sal_tec2014": 7166.67, "sal_tec2015": 4500.0, "sal_tec2016": 6477.5 }, "geometry": { "type": "Point", "coordinates": [ -69.99851177, 18.52899686 ] } },
{ "type": "Feature", "properties": { "code": "DOM-PIS", "name": "Santiago-Navarrete (PISANO) ", "latitude": 19.50852054, "longitude": -70.75994998, "start": 1993.0, "close": 0.0, "type": "private", "sez_id": 72.0, "origin ": 1.0, "inv2000": 24824949.0, "inv2001": 29449717.0, "inv2002": 31358261.0, "inv2003": 34727911.99, "inv2004": 51031152.32, "inv2005": 51906663.2, "inv2006": 291202879.9, "inv2007": 292936282.9, "inv2008": 46345306.82, "inv2009": 34759834.05, "inv2010": 39089445.76, "inv2011": 38503009.9, "inv2012": 44936043.66, "inv2013": 55441461.3, "inv2014": 61922862.3, "inv2015": 84258181.2, "inv2016": 103649145.3, "ob_f_2000": 888.0, "tec_f_2000": 43.0, "adm_f_2000": 68.0, "ob_f_2001": 692.0, "tec_f_2001": 51.0, "adm_f_2001": 82.0, "ob_f_2002": 1132.0, "tec_f_2002": 61.0, "adm_f_2002": 90.0, "ob_f_2003": 1102.0, "tec_f_2003": 46.0, "adm_f_2003": 108.0, "ob_f_2004": 1421.0, "tec_f_2004": 84.0, "adm_f_2004": 125.0, "ob_f_2005": 1276.0, "tec_f_2005": 74.0, "adm_f_2005": 119.0, "ob_f_2006": 1323.0, "tec_f_2006": 63.0, "adm_f_2006": 128.0, "ob_f_2007": 1214.0, "tec_f_2007": 73.0, "adm_f_2007": 138.0, "ob_f_2008": 1087.0, "tec_f_2008": 62.0, "adm_f_2008": 131.0, "ob_f_2009": 947.0, "tec_f_2009": 54.0, "adm_f_2009": 105.0, "ob_f_2010": 1192.0, "tec_f_2010": 17.0, "adm_f_2010": 113.0, "ob_f_2011": 1399.0, "tec_f_2011": 75.0, "adm_f_2011": 121.0, "ob_f_2012": 1522.0, "tec_f_2012": 90.0, "adm_f_2012": 128.0, "ob_f_2014": 1744.0, "tec_f_2014": 122.0, "adm_f_2014": 169.0, "ob_f_2015": 1906.0, "tec_f_2015": 106.0, "adm_f_2015": 176.0, "ob_f_2016": 1875.0, "tec_f_2016": 95.0, "adm_f_2016": 184.0, "ob_m_2000": 1206.0, "tec_m_2000": 192.0, "adm_m_2000": 111.0, "ob_m_2001": 1374.0, "tec_m_2001": 250.0, "adm_m_2001": 127.0, "ob_m_2002": 1727.0, "tec_m_2002": 220.0, "adm_m_2002": 133.0, "ob_m_2003": 1709.0, "tec_m_2003": 203.0, "adm_m_2003": 138.0, "ob_m_2004": 1933.0, "tec_m_2004": 254.0, "adm_m_2004": 183.0, "ob_m_2005": 1848.0, "tec_m_2005": 289.0, "adm_m_2005": 161.0, "ob_m_2006": 1972.0, "tec_m_2006": 331.0, "adm_m_2006": 169.0, "ob_m_2007": 1887.0, "tec_m_2007": 287.0, "adm_m_2007": 163.0, "ob_m_2008": 1711.0, "tec_m_2008": 344.0, "adm_m_2008": 171.0, "ob_m_2009": 1752.0, "tec_m_2009": 310.0, "adm_m_2009": 156.0, "ob_m_2010": 2215.0, "tec_m_2010": 138.0, "adm_m_2010": 172.0, "ob_m_2011": 2424.0, "tec_m_2011": 412.0, "adm_m_2011": 174.0, "ob_m_2012": 2658.0, "tec_m_2012": 389.0, "adm_m_2012": 186.0, "ob_m_2014": 3251.0, "tec_m_2014": 498.0, "adm_m_2014": 263.0, "ob_m_2015": 3141.0, "tec_m_2015": 567.0, "adm_m_2015": 243.0, "ob_m_2016": 2960.0, "tec_m_2016": 561.0, "adm_m_2016": 259.0, "ent2000": 15.0, "ent2001": 26.0, "ent2002": 31.0, "ent2003": 31.0, "ent2004": 36.0, "ent2005": 34.0, "ent2006": 34.0, "ent2007": 34.0, "ent2008": 37.0, "ent2009": 28.0, "ent2010": 24.0, "ent2011": 29.0, "ent2012": 25.0, "ent2013": 26.0, "ent2014": 27.0, "ent2015": 28.0, "ent2016": 27.0, "ele2000": 9166401.0, "ele2001": 3694857.27, "ele2002": 13008163.31, "ele2003": 19555619.53, "ele2004": 46965030.16, "ele2005": 59526504.97, "ele2006": 62519598.46, "ele2007": 65925107.98, "ele2008": 51271347.69, "ele2009": 48973308.86, "ele2010": 24282079.02, "ele2011": 73547178.7, "ele2012": 80591565.56, "ele2013": 109294672.6, "ele2014": 168579823.7, "ele2015": 117681077.5, "ele2016": 101622.47, "com2000": 0.0, "com2001": 0.0, "com2002": 0.0, "com2003": 5362284.53, "com2004": 8742694.21, "com2005": 9259106.6, "com2006": 10602596.8, "com2007": 12123035.85, "com2008": 8157058.74, "com2009": 7241746.78, "com2010": 2580158.85, "com2011": 8331268.42, "com2012": 8497175.56, "com2013": 11003949.63, "com2014": 12044104.24, "com2015": 12919803.72, "com2016": 12265.86, "inf2000": 1468884.0, "inf2001": 808119.03, "inf2002": 2096070.54, "inf2003": 1548329.04, "inf2004": 13792609.54, "inf2005": 3355373.24, "inf2006": 3653875.04, "inf2007": 4444121.98, "inf2008": 3391034.91, "inf2009": 3669995.58, "inf2010": 898364.0, "inf2011": 4604848.18, "inf2012": 5391119.18, "inf2013": 7027399.55, "inf2014": 9427893.24, "inf2015": 10004789.61, "inf2016": 10585.88, "wat2000": 706118.36, "wat2001": 1636405.67, "wat2002": 1945149.15, "wat2003": 1931589.45, "wat2004": 3813733.08, "wat2005": 4095008.15, "wat2006": 3772148.12, "wat2007": 4813419.12, "wat2008": 2956223.34, "wat2009": 3216327.58, "wat2010": 46026.0, "wat2011": 5198000.97, "wat2012": 5444976.04, "wat2013": 5585034.96, "wat2014": 8105770.28, "wat2015": 9331990.98, "wat2016": 9089.68, "tss2000": 9009416.0, "tss2001": 2240227.42, "tss2002": 8932503.46, "tss2003": 8763119.6, "tss2004": 6310733.08, "tss2005": 7293358.24, "tss2006": 9158289.73, "tss2007": 34647947.79, "tss2008": 91154559.18000001, "tss2009": 35430864.54, "tss2010": 24136987.18, "tss2011": 118930578.6, "tss2012": 120855691.7, "tss2013": 76820035.25, "tss2014": 188117598.4, "tss2015": 223219663.6, "tss2016": 231279.02, "buiilt2000": 673135.0, "buiilt2001": 735664.0, "buiilt2002": 758000.0, "buiilt2003": 841000.0, "buiilt2004": 938897.0, "buiilt2005": 940057.72, "buiilt2006": 1014211.0, "buiilt2007": 1014211.0, "buiilt2008": 1014211.0, "buiilt2009": 942262.91, "buiilt2010": 942262.91, "buiilt2011": 942262.91, "buiilt2012": 942262.91, "buiilt2013": 938550.0, "buiilt2014": 959296.17, "buiilt2015": 1000108.85, "buiilt2016": 1044762.02, "ocu2000": 600006.0, "ocu2001": 733317.0, "ocu2002": 726000.0, "ocu2003": 816730.0, "ocu2004": 921000.0, "ocu2005": 882580.82, "ocu2006": 945082.0, "ocu2007": 864078.43, "ocu2008": 989598.89, "ocu2009": 891517.59, "ocu2010": 895930.22, "ocu2011": 931538.02, "ocu2012": 900742.74, "ocu2013": 936350.0, "ocu2014": 957096.17, "ocu2015": 997908.85, "ocu2016": 1044762.02, "sal_op2000": 787.59, "sal_op2001": 963.88, "sal_op2002": 952.32, "sal_op2003": 1096.9, "sal_op2004": 1558.12, "sal_op2005": 1483.17, "sal_op2006": 1805.97, "sal_op2007": 2020.01, "sal_op2008": 2009.72, "sal_op2009": 2399.19, "sal_op2010": 2128.84, "sal_op2011": 2207.89, "sal_op2012": 2264.59, "sal_op2013": 2224.72, "sal_op2014": 2367.0, "sal_op2015": 2569.48, "sal_op2016": 2750.85, "sal_tec2000": 1728.3, "sal_tec2001": 1630.19, "sal_tec2002": 1765.0, "sal_tec2003": 2603.98, "sal_tec2004": 3001.19, "sal_tec2005": 3027.75, "sal_tec2006": 4036.28, "sal_tec2007": 3948.27, "sal_tec2008": 3821.24, "sal_tec2009": 3895.39, "sal_tec2010": 4501.11, "sal_tec2011": 3524.3, "sal_tec2012": 3469.75, "sal_tec2013": 4577.44, "sal_tec2014": 4873.82, "sal_tec2015": 4574.58, "sal_tec2016": 5510.53 }, "geometry": { "type": "Point", "coordinates": [ -70.75994998, 19.50852054 ] } },
{ "type": "Feature", "properties": { "code": "DOM-PUE", "name": "Puerto Plata ", "latitude": 19.80291323, "longitude": -70.72350803, "start": 1983.0, "close": 0.0, "type": "mix", "sez_id": 74.0, "origin ": 1.0, "inv2000": 7084891.3, "inv2001": 7702847.0, "inv2002": 7908010.0, "inv2003": 6737670.0, "inv2004": 7243739.7, "inv2005": 5577664.02, "inv2006": 3957960.35, "inv2007": 3939774.0, "inv2008": 3893221.55, "inv2009": 4699014.8, "inv2010": 2893421.81, "inv2011": 4141555.4, "inv2012": 6387900.94, "inv2013": 8095878.26, "inv2014": 8553756.2, "inv2015": 12873522.6, "inv2016": 13735084.78, "ob_f_2000": 1927.0, "tec_f_2000": 176.0, "adm_f_2000": 48.0, "ob_f_2001": 1818.0, "tec_f_2001": 163.0, "adm_f_2001": 58.0, "ob_f_2002": 1612.0, "tec_f_2002": 201.0, "adm_f_2002": 54.0, "ob_f_2003": 1384.0, "tec_f_2003": 175.0, "adm_f_2003": 42.0, "ob_f_2004": 1509.0, "tec_f_2004": 130.0, "adm_f_2004": 39.0, "ob_f_2005": 915.0, "tec_f_2005": 99.0, "adm_f_2005": 20.0, "ob_f_2006": 390.0, "tec_f_2006": 151.0, "adm_f_2006": 21.0, "ob_f_2007": 690.0, "tec_f_2007": 101.0, "adm_f_2007": 26.0, "ob_f_2008": 539.0, "tec_f_2008": 103.0, "adm_f_2008": 28.0, "ob_f_2009": 427.0, "tec_f_2009": 42.0, "adm_f_2009": 25.0, "ob_f_2010": 373.0, "tec_f_2010": 25.0, "adm_f_2010": 45.0, "ob_f_2011": 496.0, "tec_f_2011": 2.0, "adm_f_2011": 14.0, "ob_f_2012": 466.0, "tec_f_2012": 5.0, "adm_f_2012": 30.0, "ob_f_2014": 389.0, "tec_f_2014": 16.0, "adm_f_2014": 26.0, "ob_f_2015": 484.0, "tec_f_2015": 22.0, "adm_f_2015": 46.0, "ob_f_2016": 560.0, "tec_f_2016": 18.0, "adm_f_2016": 57.0, "ob_m_2000": 1251.0, "tec_m_2000": 144.0, "adm_m_2000": 39.0, "ob_m_2001": 1190.0, "tec_m_2001": 175.0, "adm_m_2001": 47.0, "ob_m_2002": 1091.0, "tec_m_2002": 302.0, "adm_m_2002": 38.0, "ob_m_2003": 1439.0, "tec_m_2003": 404.0, "adm_m_2003": 30.0, "ob_m_2004": 1161.0, "tec_m_2004": 347.0, "adm_m_2004": 32.0, "ob_m_2005": 697.0, "tec_m_2005": 262.0, "adm_m_2005": 31.0, "ob_m_2006": 304.0, "tec_m_2006": 295.0, "adm_m_2006": 25.0, "ob_m_2007": 606.0, "tec_m_2007": 162.0, "adm_m_2007": 22.0, "ob_m_2008": 501.0, "tec_m_2008": 161.0, "adm_m_2008": 21.0, "ob_m_2009": 368.0, "tec_m_2009": 117.0, "adm_m_2009": 22.0, "ob_m_2010": 353.0, "tec_m_2010": 32.0, "adm_m_2010": 42.0, "ob_m_2011": 421.0, "tec_m_2011": 20.0, "adm_m_2011": 12.0, "ob_m_2012": 502.0, "tec_m_2012": 30.0, "adm_m_2012": 17.0, "ob_m_2014": 375.0, "tec_m_2014": 77.0, "adm_m_2014": 20.0, "ob_m_2015": 406.0, "tec_m_2015": 83.0, "adm_m_2015": 24.0, "ob_m_2016": 292.0, "tec_m_2016": 54.0, "adm_m_2016": 28.0, "ent2000": 10.0, "ent2001": 11.0, "ent2002": 12.0, "ent2003": 11.0, "ent2004": 10.0, "ent2005": 9.0, "ent2006": 8.0, "ent2007": 7.0, "ent2008": 6.0, "ent2009": 10.0, "ent2010": 7.0, "ent2011": 6.0, "ent2012": 7.0, "ent2013": 6.0, "ent2014": 6.0, "ent2015": 9.0, "ent2016": 10.0, "ele2000": 5311906.08, "ele2001": 6382882.63, "ele2002": 4801949.0, "ele2003": 9841753.51, "ele2004": 14868005.65, "ele2005": 11835927.0, "ele2006": 10330810.56, "ele2007": 11371193.78, "ele2008": 7811303.43, "ele2009": 10479512.62, "ele2010": 52109546.38, "ele2011": 6687413.52, "ele2012": 8351288.95, "ele2013": 9195261.13, "ele2014": 9095511.43, "ele2015": 13816381.09, "ele2016": 12543.54, "com2000": 0.0, "com2001": 0.0, "com2002": 0.0, "com2003": 2546894.34, "com2004": 3495653.66, "com2005": 2751093.2, "com2006": 2193230.15, "com2007": 1756401.01, "com2008": 1183492.16, "com2009": 2900046.61, "com2010": 7905337.29, "com2011": 770961.32, "com2012": 1926275.46, "com2013": 1004942.44, "com2014": 901997.26, "com2015": 2037517.29, "com2016": 2170.7, "inf2000": 786084.04, "inf2001": 631521.55, "inf2002": 667121.58, "inf2003": 735598.13, "inf2004": 791875.3, "inf2005": 803361.37, "inf2006": 865168.59, "inf2007": 913969.94, "inf2008": 818299.71, "inf2009": 447281.7, "inf2010": 4182443.12, "inf2011": 167248.8, "inf2012": 315526.0, "inf2013": 394529.82, "inf2014": 608851.0, "inf2015": 1150966.61, "inf2016": 1098.78, "wat2000": 145265.0, "wat2001": 129193.0, "wat2002": 1234113.0, "wat2003": 648764.22, "wat2004": 756115.0, "wat2005": 805447.47, "wat2006": 453290.4, "wat2007": 401389.02, "wat2008": 214065.0, "wat2009": 180449.0, "wat2010": 6263721.21, "wat2011": 118063.12, "wat2012": 82041.0, "wat2013": 118915.0, "wat2014": 120081.5, "wat2015": 231799.5, "wat2016": 450.31, "tss2000": 19892838.13, "tss2001": 6419805.95, "tss2002": 8956667.0, "tss2003": 6659583.19, "tss2004": 3581763.78, "tss2005": 3011085.08, "tss2006": 3522521.2, "tss2007": 20366645.86, "tss2008": 18774578.16, "tss2009": 15721814.43, "tss2010": 45396213.8, "tss2011": 7312274.6, "tss2012": 10192293.64, "tss2013": 19794155.08, "tss2014": 19743281.3, "tss2015": 27061971.07, "tss2016": 25730.32, "buiilt2000": 418591.0, "buiilt2001": 407889.0, "buiilt2002": 431740.51, "buiilt2003": 431740.0, "buiilt2004": 444629.0, "buiilt2005": 444629.0, "buiilt2006": 444629.0, "buiilt2007": 444629.0, "buiilt2008": 444629.0, "buiilt2009": 383353.57, "buiilt2010": 412793.17, "buiilt2011": 412793.17, "buiilt2012": 412793.17, "buiilt2013": 447903.0, "buiilt2014": 447903.0, "buiilt2015": 447903.0, "buiilt2016": 451935.0, "ocu2000": 381467.0, "ocu2001": 393169.0, "ocu2002": 418358.0, "ocu2003": 418358.0, "ocu2004": 339683.0, "ocu2005": 171600.68, "ocu2006": 171150.59, "ocu2007": 153961.0, "ocu2008": 150579.34, "ocu2009": 368633.57, "ocu2010": 390573.17, "ocu2011": 289169.57, "ocu2012": 192134.17, "ocu2013": 310461.0, "ocu2014": 390491.0, "ocu2015": 412368.0, "ocu2016": 369515.0, "sal_op2000": 616.94, "sal_op2001": 617.0, "sal_op2002": 806.06, "sal_op2003": 878.92, "sal_op2004": 1131.67, "sal_op2005": 1146.74, "sal_op2006": 1187.66, "sal_op2007": 1458.16, "sal_op2008": 1569.34, "sal_op2009": 1496.51, "sal_op2010": 1836.5, "sal_op2011": 1660.5, "sal_op2012": 1823.72, "sal_op2013": 1784.86, "sal_op2014": 1910.4, "sal_op2015": 2260.84, "sal_op2016": 2371.13, "sal_tec2000": 1437.13, "sal_tec2001": 1280.55, "sal_tec2002": 1486.49, "sal_tec2003": 1720.0, "sal_tec2004": 2056.9, "sal_tec2005": 2167.23, "sal_tec2006": 2306.14, "sal_tec2007": 2891.25, "sal_tec2008": 2969.5, "sal_tec2009": 3064.38, "sal_tec2010": 3522.93, "sal_tec2011": 3325.0, "sal_tec2012": 4500.0, "sal_tec2013": 3974.11, "sal_tec2014": 3575.0, "sal_tec2015": 3785.0, "sal_tec2016": 4466.67 }, "geometry": { "type": "Point", "coordinates": [ -70.72350803, 19.80291323 ] } },
{ "type": "Feature", "properties": { "code": "DOM-QUI", "name": "Quisqueya ", "latitude": 19.48858161, "longitude": -70.65855914, "start": 2001.0, "close": 0.0, "type": "public", "sez_id": 75.0, "origin ": 1.0, "inv2000": 0.0, "inv2001": 172030.0, "inv2002": 800000.0, "inv2003": 800000.0, "inv2004": 200000.0, "inv2005": 0.0, "inv2006": 350000.0, "inv2007": 500000.0, "inv2008": 3350000.0, "inv2009": 0.0, "inv2010": 0.0, "inv2011": 0.0, "inv2012": 0.0, "inv2013": 2119000.0, "inv2014": 200000.0, "inv2015": 225000.0, "inv2016": 213750.0, "ob_f_2000": 0.0, "tec_f_2000": 0.0, "adm_f_2000": 0.0, "ob_f_2001": 3.0, "tec_f_2001": 1.0, "adm_f_2001": 1.0, "ob_f_2002": 12.0, "tec_f_2002": 1.0, "adm_f_2002": 2.0, "ob_f_2003": 5.0, "tec_f_2003": 2.0, "adm_f_2003": 2.0, "ob_f_2004": 5.0, "tec_f_2004": 0.0, "adm_f_2004": 3.0, "ob_f_2005": 0.0, "tec_f_2005": 0.0, "adm_f_2005": 0.0, "ob_f_2006": 11.0, "tec_f_2006": 1.0, "adm_f_2006": 4.0, "ob_f_2007": 10.0, "tec_f_2007": 2.0, "adm_f_2007": 2.0, "ob_f_2008": 183.0, "tec_f_2008": 9.0, "adm_f_2008": 6.0, "ob_f_2009": 0.0, "tec_f_2009": 0.0, "adm_f_2009": 0.0, "ob_f_2010": 0.0, "tec_f_2010": 0.0, "adm_f_2010": 0.0, "ob_f_2011": 0.0, "tec_f_2011": 0.0, "adm_f_2011": 0.0, "ob_f_2012": 0.0, "tec_f_2012": 0.0, "adm_f_2012": 0.0, "ob_f_2014": 129.0, "tec_f_2014": 0.0, "adm_f_2014": 7.0, "ob_f_2015": 137.0, "tec_f_2015": 0.0, "adm_f_2015": 6.0, "ob_f_2016": 111.0, "tec_f_2016": 0.0, "adm_f_2016": 5.0, "ob_m_2000": 0.0, "tec_m_2000": 0.0, "adm_m_2000": 0.0, "ob_m_2001": 13.0, "tec_m_2001": 20.0, "adm_m_2001": 2.0, "ob_m_2002": 39.0, "tec_m_2002": 30.0, "adm_m_2002": 7.0, "ob_m_2003": 90.0, "tec_m_2003": 35.0, "adm_m_2003": 5.0, "ob_m_2004": 40.0, "tec_m_2004": 21.0, "adm_m_2004": 6.0, "ob_m_2005": 0.0, "tec_m_2005": 0.0, "adm_m_2005": 0.0, "ob_m_2006": 51.0, "tec_m_2006": 5.0, "adm_m_2006": 3.0, "ob_m_2007": 47.0, "tec_m_2007": 6.0, "adm_m_2007": 0.0, "ob_m_2008": 82.0, "tec_m_2008": 13.0, "adm_m_2008": 4.0, "ob_m_2009": 0.0, "tec_m_2009": 0.0, "adm_m_2009": 0.0, "ob_m_2010": 0.0, "tec_m_2010": 0.0, "adm_m_2010": 0.0, "ob_m_2011": 0.0, "tec_m_2011": 0.0, "adm_m_2011": 0.0, "ob_m_2012": 0.0, "tec_m_2012": 0.0, "adm_m_2012": 0.0, "ob_m_2014": 158.0, "tec_m_2014": 23.0, "adm_m_2014": 7.0, "ob_m_2015": 95.0, "tec_m_2015": 27.0, "adm_m_2015": 5.0, "ob_m_2016": 58.0, "tec_m_2016": 32.0, "adm_m_2016": 5.0, "ent2000": 0.0, "ent2001": 1.0, "ent2002": 1.0, "ent2003": 1.0, "ent2004": 1.0, "ent2005": 0.0, "ent2006": 1.0, "ent2007": 1.0, "ent2008": 2.0, "ent2009": 0.0, "ent2010": 0.0, "ent2011": 0.0, "ent2012": 0.0, "ent2013": 1.0, "ent2014": 1.0, "ent2015": 1.0, "ent2016": 1.0, "ele2000": 0.0, "ele2001": 0.0, "ele2002": 0.0, "ele2003": 416155.6, "ele2004": 1119632.6, "ele2005": 0.0, "ele2006": 684095.53, "ele2007": 805363.73, "ele2008": 1908460.68, "ele2009": 0.0, "ele2010": 6712632.68, "ele2011": 0.0, "ele2012": 0.0, "ele2013": 0.0, "ele2014": 6161874.67, "ele2015": 6965468.02, "ele2016": 5499.88, "com2000": 0.0, "com2001": 0.0, "com2002": 0.0, "com2003": 436130.57, "com2004": 1827111.81, "com2005": 0.0, "com2006": 574974.05, "com2007": 607350.4, "com2008": 887393.43, "com2009": 0.0, "com2010": 3023953.42, "com2011": 0.0, "com2012": 0.0, "com2013": 0.0, "com2014": 73797.16, "com2015": 0.0, "com2016": 421.27, "inf2000": 0.0, "inf2001": 0.0, "inf2002": 5600.0, "inf2003": 65459.0, "inf2004": 186975.75, "inf2005": 0.0, "inf2006": 42103.61, "inf2007": 18491.48, "inf2008": 365121.23, "inf2009": 0.0, "inf2010": 629685.06, "inf2011": 0.0, "inf2012": 0.0, "inf2013": 0.0, "inf2014": 171207.0, "inf2015": 108734.0, "inf2016": 0.0, "wat2000": 0.0, "wat2001": 0.0, "wat2002": 0.0, "wat2003": 0.0, "wat2004": 0.0, "wat2005": 0.0, "wat2006": 0.0, "wat2007": 0.0, "wat2008": 654603.78, "wat2009": 0.0, "wat2010": 114368.0, "wat2011": 0.0, "wat2012": 0.0, "wat2013": 64800.0, "wat2014": 5225.4, "wat2015": 20901.6, "wat2016": 0.0, "tss2000": 0.0, "tss2001": 0.0, "tss2002": 25000.0, "tss2003": 0.0, "tss2004": 92963.06, "tss2005": 0.0, "tss2006": 26101.44, "tss2007": 852461.2, "tss2008": 860925.16, "tss2009": 504280.65, "tss2010": 10976889.68, "tss2011": 0.0, "tss2012": 0.0, "tss2013": 76317.7, "tss2014": 11575834.7, "tss2015": 6518333.07, "tss2016": 0.0, "buiilt2000": 0.0, "buiilt2001": 52125.31, "buiilt2002": 52125.31, "buiilt2003": 52125.0, "buiilt2004": 50929.0, "buiilt2005": 0.0, "buiilt2006": 50929.0, "buiilt2007": 50929.0, "buiilt2008": 50929.0, "buiilt2009": 0.0, "buiilt2010": 0.0, "buiilt2011": 0.0, "buiilt2012": 0.0, "buiilt2013": 53084.0, "buiilt2014": 53084.0, "buiilt2015": 53084.0, "buiilt2016": 60659.18, "ocu2000": 0.0, "ocu2001": 52125.31, "ocu2002": 52125.31, "ocu2003": 52125.0, "ocu2004": 50929.0, "ocu2005": 0.0, "ocu2006": 50929.0, "ocu2007": 50929.0, "ocu2008": 50929.0, "ocu2009": 0.0, "ocu2010": 0.0, "ocu2011": 0.0, "ocu2012": 0.0, "ocu2013": 50929.0, "ocu2014": 53084.0, "ocu2015": 53084.0, "ocu2016": 60659.18, "sal_op2000": 0.0, "sal_op2001": 780.0, "sal_op2002": 800.0, "sal_op2003": 800.0, "sal_op2004": 1050.0, "sal_op2005": 0.0, "sal_op2006": 1027.0, "sal_op2007": 1200.0, "sal_op2008": 1275.0, "sal_op2009": 0.0, "sal_op2010": 0.0, "sal_op2011": 0.0, "sal_op2012": 0.0, "sal_op2013": 1625.0, "sal_op2014": 2000.0, "sal_op2015": 2544.37, "sal_op2016": 2544.37, "sal_tec2000": 0.0, "sal_tec2001": 1100.0, "sal_tec2002": 2500.0, "sal_tec2003": 2500.0, "sal_tec2004": 2600.0, "sal_tec2005": 0.0, "sal_tec2006": 2500.0, "sal_tec2007": 4000.0, "sal_tec2008": 4000.0, "sal_tec2009": 0.0, "sal_tec2010": 0.0, "sal_tec2011": 0.0, "sal_tec2012": 0.0, "sal_tec2013": 2314.0, "sal_tec2014": 2500.0, "sal_tec2015": 3750.0, "sal_tec2016": 3500.0 }, "geometry": { "type": "Point", "coordinates": [ -70.65855914, 19.48858161 ] } },
{ "type": "Feature", "properties": { "code": "DOM-RIE", "name": "Los Rieles", "latitude": 19.48858161, "longitude": -70.65855914, "start": 2013.0, "close": 0.0, "type": "private", "sez_id": 77.0, "origin ": 1.0, "inv2000": 0.0, "inv2001": 0.0, "inv2002": 0.0, "inv2003": 0.0, "inv2004": 0.0, "inv2005": 0.0, "inv2006": 0.0, "inv2007": 0.0, "inv2008": 0.0, "inv2009": 0.0, "inv2010": 0.0, "inv2011": 0.0, "inv2012": 0.0, "inv2013": 5676067.0, "inv2014": 5600000.0, "inv2015": 13000000.0, "inv2016": 12147579.0, "ob_f_2000": 0.0, "tec_f_2000": 0.0, "adm_f_2000": 0.0, "ob_f_2001": 0.0, "tec_f_2001": 0.0, "adm_f_2001": 0.0, "ob_f_2002": 0.0, "tec_f_2002": 0.0, "adm_f_2002": 0.0, "ob_f_2003": 0.0, "tec_f_2003": 0.0, "adm_f_2003": 0.0, "ob_f_2004": 0.0, "tec_f_2004": 0.0, "adm_f_2004": 0.0, "ob_f_2005": 0.0, "tec_f_2005": 0.0, "adm_f_2005": 0.0, "ob_f_2006": 0.0, "tec_f_2006": 0.0, "adm_f_2006": 0.0, "ob_f_2007": 0.0, "tec_f_2007": 0.0, "adm_f_2007": 0.0, "ob_f_2008": 0.0, "tec_f_2008": 0.0, "adm_f_2008": 0.0, "ob_f_2009": 0.0, "tec_f_2009": 0.0, "adm_f_2009": 0.0, "ob_f_2010": 0.0, "tec_f_2010": 0.0, "adm_f_2010": 0.0, "ob_f_2011": 0.0, "tec_f_2011": 0.0, "adm_f_2011": 0.0, "ob_f_2012": 0.0, "tec_f_2012": 0.0, "adm_f_2012": 0.0, "ob_f_2014": 284.0, "tec_f_2014": 21.0, "adm_f_2014": 26.0, "ob_f_2015": 563.0, "tec_f_2015": 18.0, "adm_f_2015": 8.0, "ob_f_2016": 569.0, "tec_f_2016": 20.0, "adm_f_2016": 2.0, "ob_m_2000": 0.0, "tec_m_2000": 0.0, "adm_m_2000": 0.0, "ob_m_2001": 0.0, "tec_m_2001": 0.0, "adm_m_2001": 0.0, "ob_m_2002": 0.0, "tec_m_2002": 0.0, "adm_m_2002": 0.0, "ob_m_2003": 0.0, "tec_m_2003": 0.0, "adm_m_2003": 0.0, "ob_m_2004": 0.0, "tec_m_2004": 0.0, "adm_m_2004": 0.0, "ob_m_2005": 0.0, "tec_m_2005": 0.0, "adm_m_2005": 0.0, "ob_m_2006": 0.0, "tec_m_2006": 0.0, "adm_m_2006": 0.0, "ob_m_2007": 0.0, "tec_m_2007": 0.0, "adm_m_2007": 0.0, "ob_m_2008": 0.0, "tec_m_2008": 0.0, "adm_m_2008": 0.0, "ob_m_2009": 0.0, "tec_m_2009": 0.0, "adm_m_2009": 0.0, "ob_m_2010": 0.0, "tec_m_2010": 0.0, "adm_m_2010": 0.0, "ob_m_2011": 0.0, "tec_m_2011": 0.0, "adm_m_2011": 0.0, "ob_m_2012": 0.0, "tec_m_2012": 0.0, "adm_m_2012": 0.0, "ob_m_2014": 310.0, "tec_m_2014": 31.0, "adm_m_2014": 10.0, "ob_m_2015": 355.0, "tec_m_2015": 37.0, "adm_m_2015": 10.0, "ob_m_2016": 416.0, "tec_m_2016": 25.0, "adm_m_2016": 3.0, "ent2000": 0.0, "ent2001": 0.0, "ent2002": 0.0, "ent2003": 0.0, "ent2004": 0.0, "ent2005": 0.0, "ent2006": 0.0, "ent2007": 0.0, "ent2008": 0.0, "ent2009": 0.0, "ent2010": 0.0, "ent2011": 0.0, "ent2012": 0.0, "ent2013": 1.0, "ent2014": 1.0, "ent2015": 1.0, "ent2016": 1.0, "ele2000": 0.0, "ele2001": 0.0, "ele2002": 0.0, "ele2003": 0.0, "ele2004": 0.0, "ele2005": 0.0, "ele2006": 0.0, "ele2007": 0.0, "ele2008": 0.0, "ele2009": 0.0, "ele2010": 0.0, "ele2011": 0.0, "ele2012": 0.0, "ele2013": 460540.0, "ele2014": 3300000.0, "ele2015": 3006028.0, "ele2016": 3250.88, "com2000": 0.0, "com2001": 0.0, "com2002": 0.0, "com2003": 0.0, "com2004": 0.0, "com2005": 0.0, "com2006": 0.0, "com2007": 0.0, "com2008": 0.0, "com2009": 0.0, "com2010": 0.0, "com2011": 0.0, "com2012": 0.0, "com2013": 141869.0, "com2014": 210600.0, "com2015": 45345.0, "com2016": 1318.75, "inf2000": 0.0, "inf2001": 0.0, "inf2002": 0.0, "inf2003": 0.0, "inf2004": 0.0, "inf2005": 0.0, "inf2006": 0.0, "inf2007": 0.0, "inf2008": 0.0, "inf2009": 0.0, "inf2010": 0.0, "inf2011": 0.0, "inf2012": 0.0, "inf2013": 43402.0, "inf2014": 265524.0, "inf2015": 206942.0, "inf2016": 877.47, "wat2000": 0.0, "wat2001": 0.0, "wat2002": 0.0, "wat2003": 0.0, "wat2004": 0.0, "wat2005": 0.0, "wat2006": 0.0, "wat2007": 0.0, "wat2008": 0.0, "wat2009": 0.0, "wat2010": 0.0, "wat2011": 0.0, "wat2012": 0.0, "wat2013": 28526.0, "wat2014": 46700.0, "wat2015": 0.0, "wat2016": 65.8, "tss2000": 0.0, "tss2001": 0.0, "tss2002": 0.0, "tss2003": 0.0, "tss2004": 0.0, "tss2005": 0.0, "tss2006": 0.0, "tss2007": 0.0, "tss2008": 0.0, "tss2009": 0.0, "tss2010": 0.0, "tss2011": 0.0, "tss2012": 0.0, "tss2013": 5314568.24, "tss2014": 7048963.64, "tss2015": 15736526.38, "tss2016": 20273.39, "buiilt2000": 0.0, "buiilt2001": 0.0, "buiilt2002": 0.0, "buiilt2003": 0.0, "buiilt2004": 0.0, "buiilt2005": 0.0, "buiilt2006": 0.0, "buiilt2007": 0.0, "buiilt2008": 0.0, "buiilt2009": 0.0, "buiilt2010": 0.0, "buiilt2011": 0.0, "buiilt2012": 0.0, "buiilt2013": 72630.0, "buiilt2014": 72630.0, "buiilt2015": 72630.0, "buiilt2016": 9325.0, "ocu2000": 0.0, "ocu2001": 0.0, "ocu2002": 0.0, "ocu2003": 0.0, "ocu2004": 0.0, "ocu2005": 0.0, "ocu2006": 0.0, "ocu2007": 0.0, "ocu2008": 0.0, "ocu2009": 0.0, "ocu2010": 0.0, "ocu2011": 0.0, "ocu2012": 0.0, "ocu2013": 72630.0, "ocu2014": 72630.0, "ocu2015": 72630.0, "ocu2016": 9325.0, "sal_op2000": 0.0, "sal_op2001": 0.0, "sal_op2002": 0.0, "sal_op2003": 0.0, "sal_op2004": 0.0, "sal_op2005": 0.0, "sal_op2006": 0.0, "sal_op2007": 0.0, "sal_op2008": 0.0, "sal_op2009": 0.0, "sal_op2010": 0.0, "sal_op2011": 0.0, "sal_op2012": 0.0, "sal_op2013": 2200.0, "sal_op2014": 2500.0, "sal_op2015": 2450.0, "sal_op2016": 2500.0, "sal_tec2000": 0.0, "sal_tec2001": 0.0, "sal_tec2002": 0.0, "sal_tec2003": 0.0, "sal_tec2004": 0.0, "sal_tec2005": 0.0, "sal_tec2006": 0.0, "sal_tec2007": 0.0, "sal_tec2008": 0.0, "sal_tec2009": 0.0, "sal_tec2010": 0.0, "sal_tec2011": 0.0, "sal_tec2012": 0.0, "sal_tec2013": 5000.0, "sal_tec2014": 4500.0, "sal_tec2015": 5000.0, "sal_tec2016": 6500.0 }, "geometry": { "type": "Point", "coordinates": [ -70.65855914, 19.48858161 ] } },
{ "type": "Feature", "properties": { "code": "DOM-RII", "name": "La Romana II ", "latitude": 18.44349389, "longitude": -68.97852859, "start": 1987.0, "close": 0.0, "type": "private", "sez_id": 78.0, "origin ": 1.0, "inv2000": 8380289.0, "inv2001": 8748879.0, "inv2002": 9024669.41, "inv2003": 6396839.41, "inv2004": 6113989.41, "inv2005": 3964157.0, "inv2006": 4690000.0, "inv2007": 5483987.29, "inv2008": 5014887.93, "inv2009": 3984599.93, "inv2010": 25974000.0, "inv2011": 25939379.3, "inv2012": 22007694.58, "inv2013": 130033620.4, "inv2014": 153641645.4, "inv2015": 199692125.6, "inv2016": 26320202.75, "ob_f_2000": 1597.0, "tec_f_2000": 83.0, "adm_f_2000": 31.0, "ob_f_2001": 2041.0, "tec_f_2001": 198.0, "adm_f_2001": 30.0, "ob_f_2002": 1664.0, "tec_f_2002": 127.0, "adm_f_2002": 35.0, "ob_f_2003": 1758.0, "tec_f_2003": 186.0, "adm_f_2003": 11.0, "ob_f_2004": 1926.0, "tec_f_2004": 154.0, "adm_f_2004": 20.0, "ob_f_2005": 1437.0, "tec_f_2005": 24.0, "adm_f_2005": 18.0, "ob_f_2006": 1116.0, "tec_f_2006": 15.0, "adm_f_2006": 16.0, "ob_f_2007": 1018.0, "tec_f_2007": 17.0, "adm_f_2007": 13.0, "ob_f_2008": 1024.0, "tec_f_2008": 17.0, "adm_f_2008": 6.0, "ob_f_2009": 985.0, "tec_f_2009": 180.0, "adm_f_2009": 20.0, "ob_f_2010": 1080.0, "tec_f_2010": 209.0, "adm_f_2010": 24.0, "ob_f_2011": 1014.0, "tec_f_2011": 133.0, "adm_f_2011": 40.0, "ob_f_2012": 1359.0, "tec_f_2012": 31.0, "adm_f_2012": 35.0, "ob_f_2014": 1222.0, "tec_f_2014": 289.0, "adm_f_2014": 103.0, "ob_f_2015": 1504.0, "tec_f_2015": 200.0, "adm_f_2015": 95.0, "ob_f_2016": 1508.0, "tec_f_2016": 176.0, "adm_f_2016": 80.0, "ob_m_2000": 403.0, "tec_m_2000": 102.0, "adm_m_2000": 40.0, "ob_m_2001": 532.0, "tec_m_2001": 263.0, "adm_m_2001": 41.0, "ob_m_2002": 602.0, "tec_m_2002": 164.0, "adm_m_2002": 38.0, "ob_m_2003": 512.0, "tec_m_2003": 122.0, "adm_m_2003": 32.0, "ob_m_2004": 534.0, "tec_m_2004": 77.0, "adm_m_2004": 27.0, "ob_m_2005": 306.0, "tec_m_2005": 95.0, "adm_m_2005": 22.0, "ob_m_2006": 276.0, "tec_m_2006": 85.0, "adm_m_2006": 12.0, "ob_m_2007": 300.0, "tec_m_2007": 101.0, "adm_m_2007": 18.0, "ob_m_2008": 299.0, "tec_m_2008": 98.0, "adm_m_2008": 22.0, "ob_m_2009": 223.0, "tec_m_2009": 207.0, "adm_m_2009": 26.0, "ob_m_2010": 253.0, "tec_m_2010": 236.0, "adm_m_2010": 31.0, "ob_m_2011": 265.0, "tec_m_2011": 258.0, "adm_m_2011": 63.0, "ob_m_2012": 440.0, "tec_m_2012": 79.0, "adm_m_2012": 61.0, "ob_m_2014": 622.0, "tec_m_2014": 176.0, "adm_m_2014": 61.0, "ob_m_2015": 485.0, "tec_m_2015": 294.0, "adm_m_2015": 105.0, "ob_m_2016": 508.0, "tec_m_2016": 211.0, "adm_m_2016": 102.0, "ent2000": 6.0, "ent2001": 6.0, "ent2002": 7.0, "ent2003": 6.0, "ent2004": 5.0, "ent2005": 4.0, "ent2006": 4.0, "ent2007": 4.0, "ent2008": 4.0, "ent2009": 3.0, "ent2010": 3.0, "ent2011": 3.0, "ent2012": 3.0, "ent2013": 4.0, "ent2014": 5.0, "ent2015": 5.0, "ent2016": 4.0, "ele2000": 5968526.43, "ele2001": 8627763.89, "ele2002": 9879146.43, "ele2003": 18782739.25, "ele2004": 33819992.38, "ele2005": 27622215.09, "ele2006": 22992789.55, "ele2007": 23672777.38, "ele2008": 29393353.81, "ele2009": 20976522.34, "ele2010": 21025814.36, "ele2011": 26507466.38, "ele2012": 35256865.8, "ele2013": 54959547.86, "ele2014": 58426062.04, "ele2015": 60462198.91, "ele2016": 79362.75, "com2000": 0.0, "com2001": 0.0, "com2002": 0.0, "com2003": 506756.0, "com2004": 1576320.37, "com2005": 5699148.97, "com2006": 4728283.61, "com2007": 6003856.2, "com2008": 4594818.87, "com2009": 4638795.01, "com2010": 6025982.27, "com2011": 6198840.74, "com2012": 6473887.03, "com2013": 5845460.58, "com2014": 8162700.77, "com2015": 8273410.3, "com2016": 10020.11, "inf2000": 0.0, "inf2001": 624279.65, "inf2002": 905626.23, "inf2003": 954827.0, "inf2004": 1168742.04, "inf2005": 502878.0, "inf2006": 313874.0, "inf2007": 1127332.21, "inf2008": 1047717.28, "inf2009": 1451575.72, "inf2010": 1353359.0, "inf2011": 1884397.0, "inf2012": 2221527.0, "inf2013": 2904633.0, "inf2014": 3357378.96, "inf2015": 3899395.0, "inf2016": 5151.76, "wat2000": 243825.0, "wat2001": 412804.0, "wat2002": 589821.0, "wat2003": 757346.5, "wat2004": 455013.0, "wat2005": 92423.0, "wat2006": 393916.0, "wat2007": 601015.8, "wat2008": 425722.0, "wat2009": 565579.0, "wat2010": 1032350.0, "wat2011": 512386.0, "wat2012": 567804.0, "wat2013": 836635.0, "wat2014": 1093525.0, "wat2015": 1453006.0, "wat2016": 1578.83, "tss2000": 8757437.13, "tss2001": 3962954.44, "tss2002": 6543808.04, "tss2003": 5243133.34, "tss2004": 3524698.92, "tss2005": 5316982.53, "tss2006": 3728105.88, "tss2007": 14539918.06, "tss2008": 26239897.7, "tss2009": 25443329.64, "tss2010": 40249767.5, "tss2011": 43656665.89, "tss2012": 46456377.23, "tss2013": 54641356.97, "tss2014": 67856585.87, "tss2015": 84572883.03, "tss2016": 88232.78, "buiilt2000": 377131.0, "buiilt2001": 327131.0, "buiilt2002": 473949.0, "buiilt2003": 473949.0, "buiilt2004": 473949.0, "buiilt2005": 385000.0, "buiilt2006": 385000.0, "buiilt2007": 478853.0, "buiilt2008": 478853.0, "buiilt2009": 482531.0, "buiilt2010": 482531.0, "buiilt2011": 482531.0, "buiilt2012": 482531.0, "buiilt2013": 439431.0, "buiilt2014": 439431.0, "buiilt2015": 439431.0, "buiilt2016": 482531.0, "ocu2000": 377131.0, "ocu2001": 327131.0, "ocu2002": 324289.0, "ocu2003": 287804.0, "ocu2004": 300587.0, "ocu2005": 272804.0, "ocu2006": 355587.0, "ocu2007": 328813.0, "ocu2008": 355587.0, "ocu2009": 270091.0, "ocu2010": 298900.33, "ocu2011": 246680.0, "ocu2012": 283389.0, "ocu2013": 381056.0, "ocu2014": 422771.0, "ocu2015": 439431.0, "ocu2016": 440893.0, "sal_op2000": 713.5, "sal_op2001": 742.44, "sal_op2002": 686.61, "sal_op2003": 928.0, "sal_op2004": 995.84, "sal_op2005": 1811.61, "sal_op2006": 1185.41, "sal_op2007": 1321.32, "sal_op2008": 1484.26, "sal_op2009": 1410.33, "sal_op2010": 1515.49, "sal_op2011": 1413.67, "sal_op2012": 1769.95, "sal_op2013": 1902.15, "sal_op2014": 1954.07, "sal_op2015": 2186.1, "sal_op2016": 2250.76, "sal_tec2000": 1561.83, "sal_tec2001": 1969.61, "sal_tec2002": 1686.33, "sal_tec2003": 2223.33, "sal_tec2004": 2504.0, "sal_tec2005": 4525.0, "sal_tec2006": 3000.0, "sal_tec2007": 3009.96, "sal_tec2008": 3133.33, "sal_tec2009": 3900.0, "sal_tec2010": 4562.5, "sal_tec2011": 3933.33, "sal_tec2012": 3383.72, "sal_tec2013": 4098.33, "sal_tec2014": 5365.0, "sal_tec2015": 4941.45, "sal_tec2016": 3730.95 }, "geometry": { "type": "Point", "coordinates": [ -68.97852859, 18.44349389 ] } },
{ "type": "Feature", "properties": { "code": "DOM-RIO", "name": "Riosur ", "latitude": 18.5195064, "longitude": -69.64306985, "start": 2017.0, "close": 0.0, "type": "private", "sez_id": 79.0, "origin ": 1.0, "inv2000": 0.0, "inv2001": 0.0, "inv2002": 0.0, "inv2003": 0.0, "inv2004": 0.0, "inv2005": 0.0, "inv2006": 0.0, "inv2007": 0.0, "inv2008": 0.0, "inv2009": 0.0, "inv2010": 0.0, "inv2011": 0.0, "inv2012": 0.0, "inv2013": 0.0, "inv2014": 0.0, "inv2015": 0.0, "inv2016": 0.0, "ob_f_2000": 0.0, "tec_f_2000": 0.0, "adm_f_2000": 0.0, "ob_f_2001": 0.0, "tec_f_2001": 0.0, "adm_f_2001": 0.0, "ob_f_2002": 0.0, "tec_f_2002": 0.0, "adm_f_2002": 0.0, "ob_f_2003": 0.0, "tec_f_2003": 0.0, "adm_f_2003": 0.0, "ob_f_2004": 0.0, "tec_f_2004": 0.0, "adm_f_2004": 0.0, "ob_f_2005": 0.0, "tec_f_2005": 0.0, "adm_f_2005": 0.0, "ob_f_2006": 0.0, "tec_f_2006": 0.0, "adm_f_2006": 0.0, "ob_f_2007": 0.0, "tec_f_2007": 0.0, "adm_f_2007": 0.0, "ob_f_2008": 0.0, "tec_f_2008": 0.0, "adm_f_2008": 0.0, "ob_f_2009": 0.0, "tec_f_2009": 0.0, "adm_f_2009": 0.0, "ob_f_2010": 0.0, "tec_f_2010": 0.0, "adm_f_2010": 0.0, "ob_f_2011": 0.0, "tec_f_2011": 0.0, "adm_f_2011": 0.0, "ob_f_2012": 0.0, "tec_f_2012": 0.0, "adm_f_2012": 0.0, "ob_f_2014": 0.0, "tec_f_2014": 0.0, "adm_f_2014": 0.0, "ob_f_2015": 0.0, "tec_f_2015": 0.0, "adm_f_2015": 0.0, "ob_f_2016": 0.0, "tec_f_2016": 0.0, "adm_f_2016": 0.0, "ob_m_2000": 0.0, "tec_m_2000": 0.0, "adm_m_2000": 0.0, "ob_m_2001": 0.0, "tec_m_2001": 0.0, "adm_m_2001": 0.0, "ob_m_2002": 0.0, "tec_m_2002": 0.0, "adm_m_2002": 0.0, "ob_m_2003": 0.0, "tec_m_2003": 0.0, "adm_m_2003": 0.0, "ob_m_2004": 0.0, "tec_m_2004": 0.0, "adm_m_2004": 0.0, "ob_m_2005": 0.0, "tec_m_2005": 0.0, "adm_m_2005": 0.0, "ob_m_2006": 0.0, "tec_m_2006": 0.0, "adm_m_2006": 0.0, "ob_m_2007": 0.0, "tec_m_2007": 0.0, "adm_m_2007": 0.0, "ob_m_2008": 0.0, "tec_m_2008": 0.0, "adm_m_2008": 0.0, "ob_m_2009": 0.0, "tec_m_2009": 0.0, "adm_m_2009": 0.0, "ob_m_2010": 0.0, "tec_m_2010": 0.0, "adm_m_2010": 0.0, "ob_m_2011": 0.0, "tec_m_2011": 0.0, "adm_m_2011": 0.0, "ob_m_2012": 0.0, "tec_m_2012": 0.0, "adm_m_2012": 0.0, "ob_m_2014": 0.0, "tec_m_2014": 0.0, "adm_m_2014": 0.0, "ob_m_2015": 0.0, "tec_m_2015": 0.0, "adm_m_2015": 0.0, "ob_m_2016": 0.0, "tec_m_2016": 0.0, "adm_m_2016": 0.0, "ent2000": 0.0, "ent2001": 0.0, "ent2002": 0.0, "ent2003": 0.0, "ent2004": 0.0, "ent2005": 0.0, "ent2006": 0.0, "ent2007": 0.0, "ent2008": 0.0, "ent2009": 0.0, "ent2010": 0.0, "ent2011": 0.0, "ent2012": 0.0, "ent2013": 0.0, "ent2014": 0.0, "ent2015": 0.0, "ent2016": 0.0, "ele2000": 0.0, "ele2001": 0.0, "ele2002": 0.0, "ele2003": 0.0, "ele2004": 0.0, "ele2005": 0.0, "ele2006": 0.0, "ele2007": 0.0, "ele2008": 0.0, "ele2009": 0.0, "ele2010": 0.0, "ele2011": 0.0, "ele2012": 0.0, "ele2013": 0.0, "ele2014": 0.0, "ele2015": 0.0, "ele2016": 0.0, "com2000": 0.0, "com2001": 0.0, "com2002": 0.0, "com2003": 0.0, "com2004": 0.0, "com2005": 0.0, "com2006": 0.0, "com2007": 0.0, "com2008": 0.0, "com2009": 0.0, "com2010": 0.0, "com2011": 0.0, "com2012": 0.0, "com2013": 0.0, "com2014": 0.0, "com2015": 0.0, "com2016": 0.0, "inf2000": 0.0, "inf2001": 0.0, "inf2002": 0.0, "inf2003": 0.0, "inf2004": 0.0, "inf2005": 0.0, "inf2006": 0.0, "inf2007": 0.0, "inf2008": 0.0, "inf2009": 0.0, "inf2010": 0.0, "inf2011": 0.0, "inf2012": 0.0, "inf2013": 0.0, "inf2014": 0.0, "inf2015": 0.0, "inf2016": 0.0, "wat2000": 0.0, "wat2001": 0.0, "wat2002": 0.0, "wat2003": 0.0, "wat2004": 0.0, "wat2005": 0.0, "wat2006": 0.0, "wat2007": 0.0, "wat2008": 0.0, "wat2009": 0.0, "wat2010": 0.0, "wat2011": 0.0, "wat2012": 0.0, "wat2013": 0.0, "wat2014": 0.0, "wat2015": 0.0, "wat2016": 0.0, "tss2000": 0.0, "tss2001": 0.0, "tss2002": 0.0, "tss2003": 0.0, "tss2004": 0.0, "tss2005": 0.0, "tss2006": 0.0, "tss2007": 0.0, "tss2008": 0.0, "tss2009": 0.0, "tss2010": 0.0, "tss2011": 0.0, "tss2012": 0.0, "tss2013": 0.0, "tss2014": 0.0, "tss2015": 0.0, "tss2016": 0.0, "buiilt2000": 0.0, "buiilt2001": 0.0, "buiilt2002": 0.0, "buiilt2003": 0.0, "buiilt2004": 0.0, "buiilt2005": 0.0, "buiilt2006": 0.0, "buiilt2007": 0.0, "buiilt2008": 0.0, "buiilt2009": 0.0, "buiilt2010": 0.0, "buiilt2011": 0.0, "buiilt2012": 0.0, "buiilt2013": 0.0, "buiilt2014": 0.0, "buiilt2015": 0.0, "buiilt2016": 0.0, "ocu2000": 0.0, "ocu2001": 0.0, "ocu2002": 0.0, "ocu2003": 0.0, "ocu2004": 0.0, "ocu2005": 0.0, "ocu2006": 0.0, "ocu2007": 0.0, "ocu2008": 0.0, "ocu2009": 0.0, "ocu2010": 0.0, "ocu2011": 0.0, "ocu2012": 0.0, "ocu2013": 0.0, "ocu2014": 0.0, "ocu2015": 0.0, "ocu2016": 0.0, "sal_op2000": 0.0, "sal_op2001": 0.0, "sal_op2002": 0.0, "sal_op2003": 0.0, "sal_op2004": 0.0, "sal_op2005": 0.0, "sal_op2006": 0.0, "sal_op2007": 0.0, "sal_op2008": 0.0, "sal_op2009": 0.0, "sal_op2010": 0.0, "sal_op2011": 0.0, "sal_op2012": 0.0, "sal_op2013": 0.0, "sal_op2014": 0.0, "sal_op2015": 0.0, "sal_op2016": 0.0, "sal_tec2000": 0.0, "sal_tec2001": 0.0, "sal_tec2002": 0.0, "sal_tec2003": 0.0, "sal_tec2004": 0.0, "sal_tec2005": 0.0, "sal_tec2006": 0.0, "sal_tec2007": 0.0, "sal_tec2008": 0.0, "sal_tec2009": 0.0, "sal_tec2010": 0.0, "sal_tec2011": 0.0, "sal_tec2012": 0.0, "sal_tec2013": 0.0, "sal_tec2014": 0.0, "sal_tec2015": 0.0, "sal_tec2016": 0.0 }, "geometry": { "type": "Point", "coordinates": [ -69.64306985, 18.5195064 ] } },
{ "type": "Feature", "properties": { "code": "DOM-ROM", "name": "La Romana I ", "latitude": 18.41862181, "longitude": -68.9476164, "start": 1969.0, "close": 0.0, "type": "private", "sez_id": 81.0, "origin ": 1.0, "inv2000": 45767112.0, "inv2001": 45700466.0, "inv2002": 30360202.0, "inv2003": 2504.81, "inv2004": 64475784.34, "inv2005": 86871487.46, "inv2006": 88924034.34, "inv2007": 107540272.8, "inv2008": 142417240.5, "inv2009": 149027694.1, "inv2010": 117961569.5, "inv2011": 96090446.4, "inv2012": 109348909.2, "inv2013": 23976243.91, "inv2014": 22350938.8, "inv2015": 27487893.6, "inv2016": 190093144.4, "ob_f_2000": 7915.0, "tec_f_2000": 518.0, "adm_f_2000": 184.0, "ob_f_2001": 6587.0, "tec_f_2001": 431.0, "adm_f_2001": 171.0, "ob_f_2002": 5035.0, "tec_f_2002": 190.0, "adm_f_2002": 115.0, "ob_f_2003": 4827.0, "tec_f_2003": 356.0, "adm_f_2003": 108.0, "ob_f_2004": 4803.0, "tec_f_2004": 198.0, "adm_f_2004": 102.0, "ob_f_2005": 2476.0, "tec_f_2005": 56.0, "adm_f_2005": 84.0, "ob_f_2006": 2894.0, "tec_f_2006": 77.0, "adm_f_2006": 105.0, "ob_f_2007": 2700.0, "tec_f_2007": 55.0, "adm_f_2007": 97.0, "ob_f_2008": 2682.0, "tec_f_2008": 56.0, "adm_f_2008": 102.0, "ob_f_2009": 2473.0, "tec_f_2009": 43.0, "adm_f_2009": 105.0, "ob_f_2010": 3012.0, "tec_f_2010": 49.0, "adm_f_2010": 107.0, "ob_f_2011": 3150.0, "tec_f_2011": 61.0, "adm_f_2011": 108.0, "ob_f_2012": 2950.0, "tec_f_2012": 82.0, "adm_f_2012": 101.0, "ob_f_2014": 2926.0, "tec_f_2014": 71.0, "adm_f_2014": 121.0, "ob_f_2015": 3066.0, "tec_f_2015": 87.0, "adm_f_2015": 146.0, "ob_f_2016": 2922.0, "tec_f_2016": 136.0, "adm_f_2016": 155.0, "ob_m_2000": 4604.0, "tec_m_2000": 794.0, "adm_m_2000": 237.0, "ob_m_2001": 3993.0, "tec_m_2001": 718.0, "adm_m_2001": 197.0, "ob_m_2002": 3465.0, "tec_m_2002": 407.0, "adm_m_2002": 175.0, "ob_m_2003": 3037.0, "tec_m_2003": 387.0, "adm_m_2003": 161.0, "ob_m_2004": 2705.0, "tec_m_2004": 333.0, "adm_m_2004": 166.0, "ob_m_2005": 1366.0, "tec_m_2005": 218.0, "adm_m_2005": 138.0, "ob_m_2006": 1380.0, "tec_m_2006": 246.0, "adm_m_2006": 135.0, "ob_m_2007": 1228.0, "tec_m_2007": 205.0, "adm_m_2007": 146.0, "ob_m_2008": 1262.0, "tec_m_2008": 205.0, "adm_m_2008": 145.0, "ob_m_2009": 1059.0, "tec_m_2009": 194.0, "adm_m_2009": 155.0, "ob_m_2010": 1394.0, "tec_m_2010": 291.0, "adm_m_2010": 167.0, "ob_m_2011": 1366.0, "tec_m_2011": 323.0, "adm_m_2011": 169.0, "ob_m_2012": 1475.0, "tec_m_2012": 325.0, "adm_m_2012": 165.0, "ob_m_2014": 1357.0, "tec_m_2014": 198.0, "adm_m_2014": 202.0, "ob_m_2015": 1427.0, "tec_m_2015": 188.0, "adm_m_2015": 237.0, "ob_m_2016": 1288.0, "tec_m_2016": 173.0, "adm_m_2016": 239.0, "ent2000": 20.0, "ent2001": 19.0, "ent2002": 15.0, "ent2003": 12.0, "ent2004": 12.0, "ent2005": 8.0, "ent2006": 9.0, "ent2007": 7.0, "ent2008": 7.0, "ent2009": 7.0, "ent2010": 6.0, "ent2011": 7.0, "ent2012": 7.0, "ent2013": 6.0, "ent2014": 6.0, "ent2015": 7.0, "ent2016": 6.0, "ele2000": 38118402.65, "ele2001": 49743540.42, "ele2002": 33182058.49, "ele2003": 47814816.03, "ele2004": 74764835.34, "ele2005": 28743520.15, "ele2006": 29174906.85, "ele2007": 27082637.86, "ele2008": 33532284.52, "ele2009": 27220317.22, "ele2010": 28893398.31, "ele2011": 38452319.51, "ele2012": 38473255.24, "ele2013": 65639346.42, "ele2014": 90106211.87, "ele2015": 89889901.15000001, "ele2016": 85530.98, "com2000": 0.0, "com2001": 0.0, "com2002": 0.0, "com2003": 3232831.04, "com2004": 4027088.78, "com2005": 3607736.85, "com2006": 3270986.63, "com2007": 2589712.94, "com2008": 3004730.52, "com2009": 3531332.78, "com2010": 3221721.58, "com2011": 3122093.57, "com2012": 2310621.26, "com2013": 4992213.38, "com2014": 10748793.01, "com2015": 8125120.12, "com2016": 14004.5, "inf2000": 5255715.34, "inf2001": 3256054.0, "inf2002": 2274663.55, "inf2003": 2534539.02, "inf2004": 3405629.58, "inf2005": 3294138.37, "inf2006": 2703224.98, "inf2007": 2499426.1, "inf2008": 2729242.54, "inf2009": 3121031.46, "inf2010": 3278119.18, "inf2011": 3456330.72, "inf2012": 4133658.15, "inf2013": 5463234.0, "inf2014": 7308210.71, "inf2015": 7541434.38, "inf2016": 7220.9, "wat2000": 1510160.0, "wat2001": 1597092.15, "wat2002": 1616332.75, "wat2003": 2260398.7, "wat2004": 1184616.42, "wat2005": 584209.64, "wat2006": 992612.24, "wat2007": 788032.45, "wat2008": 730458.8, "wat2009": 1383983.0, "wat2010": 863915.65, "wat2011": 1117443.0, "wat2012": 971957.19, "wat2013": 1070666.0, "wat2014": 848204.35, "wat2015": 946506.25, "wat2016": 1521.43, "tss2000": 33173329.0, "tss2001": 33256452.12, "tss2002": 23698701.49, "tss2003": 25379912.02, "tss2004": 17815676.7, "tss2005": 8774893.62, "tss2006": 12584215.74, "tss2007": 29683401.14, "tss2008": 61850187.69, "tss2009": 48362444.22, "tss2010": 76010121.76000001, "tss2011": 87869159.07, "tss2012": 90844829.43000001, "tss2013": 118273570.9, "tss2014": 114852182.7, "tss2015": 135021535.5, "tss2016": 156109.18, "buiilt2000": 1063858.0, "buiilt2001": 1063858.0, "buiilt2002": 1128599.0, "buiilt2003": 1128599.0, "buiilt2004": 1128599.0, "buiilt2005": 1128599.49, "buiilt2006": 1128599.49, "buiilt2007": 1128599.49, "buiilt2008": 639252.0, "buiilt2009": 787190.0, "buiilt2010": 787190.0, "buiilt2011": 787190.0, "buiilt2012": 787190.0, "buiilt2013": 658062.0, "buiilt2014": 694804.0, "buiilt2015": 694804.0, "buiilt2016": 787190.0, "ocu2000": 1063858.0, "ocu2001": 933001.0, "ocu2002": 895409.0, "ocu2003": 823990.0, "ocu2004": 780000.0, "ocu2005": 496184.0, "ocu2006": 499924.0, "ocu2007": 459214.0, "ocu2008": 446054.0, "ocu2009": 714628.0, "ocu2010": 463390.0, "ocu2011": 643236.0, "ocu2012": 643826.0, "ocu2013": 593029.0, "ocu2014": 623433.0, "ocu2015": 638819.78, "ocu2016": 751803.0, "sal_op2000": 729.31, "sal_op2001": 692.11, "sal_op2002": 714.55, "sal_op2003": 957.41, "sal_op2004": 1208.98, "sal_op2005": 1371.27, "sal_op2006": 1581.51, "sal_op2007": 1390.51, "sal_op2008": 1489.58, "sal_op2009": 1431.89, "sal_op2010": 1728.7, "sal_op2011": 1705.13, "sal_op2012": 1941.81, "sal_op2013": 1914.09, "sal_op2014": 2764.25, "sal_op2015": 2946.08, "sal_op2016": 2735.42, "sal_tec2000": 2231.4, "sal_tec2001": 1864.53, "sal_tec2002": 1707.15, "sal_tec2003": 1733.41, "sal_tec2004": 2444.95, "sal_tec2005": 2830.33, "sal_tec2006": 3116.67, "sal_tec2007": 3481.01, "sal_tec2008": 3370.72, "sal_tec2009": 3077.28, "sal_tec2010": 3043.14, "sal_tec2011": 2826.77, "sal_tec2012": 4025.13, "sal_tec2013": 3292.3, "sal_tec2014": 5566.3, "sal_tec2015": 4752.2, "sal_tec2016": 4190.25 }, "geometry": { "type": "Point", "coordinates": [ -68.9476164, 18.41862181 ] } },
{ "type": "Feature", "properties": { "code": "DOM-S12", "name": "Santiago ", "latitude": 19.47670339, "longitude": -70.72489004000001, "start": 1974.0, "close": 0.0, "type": "mix", "sez_id": 82.0, "origin ": 1.0, "inv2000": 225923451.6, "inv2001": 204519706.0, "inv2002": 224106287.1, "inv2003": 249613960.8, "inv2004": 299285306.2, "inv2005": 364876269.1, "inv2006": 388270658.3, "inv2007": 236055928.7, "inv2008": 310274473.9, "inv2009": 300025234.2, "inv2010": 278022900.5, "inv2011": 282651061.6, "inv2012": 300309573.2, "inv2013": 309542374.3, "inv2014": 327431525.0, "inv2015": 394255108.6, "inv2016": 481804920.0, "ob_f_2000": 20499.0, "tec_f_2000": 1279.0, "adm_f_2000": 569.0, "ob_f_2001": 17786.0, "tec_f_2001": 1625.0, "adm_f_2001": 610.0, "ob_f_2002": 18297.0, "tec_f_2002": 1123.0, "adm_f_2002": 657.0, "ob_f_2003": 17572.0, "tec_f_2003": 1306.0, "adm_f_2003": 738.0, "ob_f_2004": 18994.0, "tec_f_2004": 1320.0, "adm_f_2004": 785.0, "ob_f_2005": 14838.0, "tec_f_2005": 1388.0, "adm_f_2005": 644.0, "ob_f_2006": 12664.0, "tec_f_2006": 1538.0, "adm_f_2006": 596.0, "ob_f_2007": 8414.0, "tec_f_2007": 715.0, "adm_f_2007": 441.0, "ob_f_2008": 7843.0, "tec_f_2008": 798.0, "adm_f_2008": 453.0, "ob_f_2009": 6516.0, "tec_f_2009": 541.0, "adm_f_2009": 371.0, "ob_f_2010": 6227.0, "tec_f_2010": 511.0, "adm_f_2010": 344.0, "ob_f_2011": 6641.0, "tec_f_2011": 350.0, "adm_f_2011": 387.0, "ob_f_2012": 7445.0, "tec_f_2012": 436.0, "adm_f_2012": 428.0, "ob_f_2014": 7954.0, "tec_f_2014": 563.0, "adm_f_2014": 453.0, "ob_f_2015": 8331.0, "tec_f_2015": 409.0, "adm_f_2015": 544.0, "ob_f_2016": 7403.0, "tec_f_2016": 391.0, "adm_f_2016": 560.0, "ob_m_2000": 19463.0, "tec_m_2000": 2296.0, "adm_m_2000": 673.0, "ob_m_2001": 15975.0, "tec_m_2001": 2471.0, "adm_m_2001": 720.0, "ob_m_2002": 18429.0, "tec_m_2002": 2493.0, "adm_m_2002": 871.0, "ob_m_2003": 17499.0, "tec_m_2003": 2430.0, "adm_m_2003": 928.0, "ob_m_2004": 19342.0, "tec_m_2004": 2192.0, "adm_m_2004": 955.0, "ob_m_2005": 15273.0, "tec_m_2005": 1982.0, "adm_m_2005": 753.0, "ob_m_2006": 12316.0, "tec_m_2006": 2065.0, "adm_m_2006": 686.0, "ob_m_2007": 6623.0, "tec_m_2007": 974.0, "adm_m_2007": 510.0, "ob_m_2008": 5592.0, "tec_m_2008": 1155.0, "adm_m_2008": 499.0, "ob_m_2009": 5577.0, "tec_m_2009": 1036.0, "adm_m_2009": 490.0, "ob_m_2010": 5308.0, "tec_m_2010": 1072.0, "adm_m_2010": 470.0, "ob_m_2011": 5363.0, "tec_m_2011": 1014.0, "adm_m_2011": 495.0, "ob_m_2012": 6267.0, "tec_m_2012": 1371.0, "adm_m_2012": 505.0, "ob_m_2014": 6952.0, "tec_m_2014": 1449.0, "adm_m_2014": 512.0, "ob_m_2015": 7051.0, "tec_m_2015": 1333.0, "adm_m_2015": 547.0, "ob_m_2016": 7085.0, "tec_m_2016": 1631.0, "adm_m_2016": 556.0, "ent2000": 77.0, "ent2001": 79.0, "ent2002": 84.0, "ent2003": 83.0, "ent2004": 83.0, "ent2005": 77.0, "ent2006": 74.0, "ent2007": 68.0, "ent2008": 65.0, "ent2009": 69.0, "ent2010": 67.0, "ent2011": 70.0, "ent2012": 78.0, "ent2013": 74.0, "ent2014": 74.0, "ent2015": 75.0, "ent2016": 77.0, "ele2000": 101656845.0, "ele2001": 94383489.6, "ele2002": 102560173.3, "ele2003": 201119669.6, "ele2004": 308988769.2, "ele2005": 303091368.2, "ele2006": 293768218.6, "ele2007": 161897027.3, "ele2008": 166163383.1, "ele2009": 129867974.1, "ele2010": 166844336.3, "ele2011": 186080832.9, "ele2012": 194981328.6, "ele2013": 224571070.4, "ele2014": 293475351.9, "ele2015": 291582455.3, "ele2016": 386730.67, "com2000": 0.0, "com2001": 0.0, "com2002": 0.0, "com2003": 21591433.41, "com2004": 33352697.87, "com2005": 33365802.05, "com2006": 35722962.3, "com2007": 25846482.74, "com2008": 23194480.42, "com2009": 24463355.34, "com2010": 23907167.5, "com2011": 24975944.45, "com2012": 29898634.97, "com2013": 31120537.85, "com2014": 37451294.78, "com2015": 42307567.05, "com2016": 44071.28, "inf2000": 13441979.47, "inf2001": 10063519.18, "inf2002": 14482969.58, "inf2003": 16520485.61, "inf2004": 24149543.55, "inf2005": 24579596.4, "inf2006": 24586372.22, "inf2007": 16283965.76, "inf2008": 13158164.02, "inf2009": 12134516.23, "inf2010": 12982721.28, "inf2011": 13756191.89, "inf2012": 15151115.28, "inf2013": 18653705.25, "inf2014": 21115489.4, "inf2015": 24732793.16, "inf2016": 25948.89, "wat2000": 13636879.0, "wat2001": 12194254.78, "wat2002": 17540323.43, "wat2003": 34218860.57, "wat2004": 23892849.44, "wat2005": 32493454.17, "wat2006": 35329977.0, "wat2007": 17583117.16, "wat2008": 13718573.17, "wat2009": 16174542.36, "wat2010": 15411805.21, "wat2011": 17049702.13, "wat2012": 18209285.45, "wat2013": 21814489.68, "wat2014": 26372764.74, "wat2015": 32558019.14, "wat2016": 32161.21, "tss2000": 93401094.0, "tss2001": 71771272.25, "tss2002": 80801193.62, "tss2003": 92329447.79000001, "tss2004": 81698044.19, "tss2005": 94397401.9, "tss2006": 74116296.7, "tss2007": 177824716.7, "tss2008": 372308187.2, "tss2009": 419989450.0, "tss2010": 399145603.4, "tss2011": 338004851.7, "tss2012": 394171662.0, "tss2013": 577291276.6, "tss2014": 375618476.3, "tss2015": 632323833.5, "tss2016": 527000.37, "buiilt2000": 3595618.0, "buiilt2001": 3615811.0, "buiilt2002": 3639349.0, "buiilt2003": 3661475.0, "buiilt2004": 3684117.32, "buiilt2005": 3705996.68, "buiilt2006": 3705996.68, "buiilt2007": 3705997.0, "buiilt2008": 3709700.64, "buiilt2009": 3709700.64, "buiilt2010": 3709700.64, "buiilt2011": 3709700.64, "buiilt2012": 3736116.0, "buiilt2013": 4418208.71, "buiilt2014": 4304254.48, "buiilt2015": 4362630.59, "buiilt2016": 5358867.29, "ocu2000": 3437048.0, "ocu2001": 3575811.0, "ocu2002": 3577607.2, "ocu2003": 3549868.0, "ocu2004": 3684117.32, "ocu2005": 3585213.68, "ocu2006": 3591748.68, "ocu2007": 2672118.0, "ocu2008": 3073242.0, "ocu2009": 3039789.88, "ocu2010": 3027622.0, "ocu2011": 3052291.59, "ocu2012": 3218791.07, "ocu2013": 4418208.71, "ocu2014": 4174200.74, "ocu2015": 4177185.13, "ocu2016": 5328267.29, "sal_op2000": 819.91, "sal_op2001": 885.23, "sal_op2002": 848.04, "sal_op2003": 1028.91, "sal_op2004": 1167.37, "sal_op2005": 1414.48, "sal_op2006": 1575.32, "sal_op2007": 1630.31, "sal_op2008": 1774.77, "sal_op2009": 1724.54, "sal_op2010": 1835.03, "sal_op2011": 1953.6, "sal_op2012": 2054.16, "sal_op2013": 2302.97, "sal_op2014": 2262.25, "sal_op2015": 2533.83, "sal_op2016": 2771.93, "sal_tec2000": 1819.77, "sal_tec2001": 1778.07, "sal_tec2002": 1852.0, "sal_tec2003": 2046.54, "sal_tec2004": 2478.12, "sal_tec2005": 2872.94, "sal_tec2006": 3023.81, "sal_tec2007": 3406.77, "sal_tec2008": 3689.42, "sal_tec2009": 3658.52, "sal_tec2010": 3328.56, "sal_tec2011": 3692.13, "sal_tec2012": 4090.84, "sal_tec2013": 4478.57, "sal_tec2014": 4437.07, "sal_tec2015": 4730.49, "sal_tec2016": 5385.03 }, "geometry": { "type": "Point", "coordinates": [ -70.72489004, 19.47670339 ] } },
{ "type": "Feature", "properties": { "code": "DOM-SAG", "name": "Zona Franca Ind. SAG", "latitude": 19.43723474, "longitude": -70.61735952, "start": 2012.0, "close": 0.0, "type": "private", "sez_id": 83.0, "origin ": 1.0, "inv2000": 0.0, "inv2001": 0.0, "inv2002": 0.0, "inv2003": 0.0, "inv2004": 0.0, "inv2005": 0.0, "inv2006": 0.0, "inv2007": 0.0, "inv2008": 0.0, "inv2009": 0.0, "inv2010": 0.0, "inv2011": 0.0, "inv2012": 3200000.0, "inv2013": 4000000.0, "inv2014": 3875000.0, "inv2015": 3675420.2, "inv2016": 4726408.12, "ob_f_2000": 0.0, "tec_f_2000": 0.0, "adm_f_2000": 0.0, "ob_f_2001": 0.0, "tec_f_2001": 0.0, "adm_f_2001": 0.0, "ob_f_2002": 0.0, "tec_f_2002": 0.0, "adm_f_2002": 0.0, "ob_f_2003": 0.0, "tec_f_2003": 0.0, "adm_f_2003": 0.0, "ob_f_2004": 0.0, "tec_f_2004": 0.0, "adm_f_2004": 0.0, "ob_f_2005": 0.0, "tec_f_2005": 0.0, "adm_f_2005": 0.0, "ob_f_2006": 0.0, "tec_f_2006": 0.0, "adm_f_2006": 0.0, "ob_f_2007": 0.0, "tec_f_2007": 0.0, "adm_f_2007": 0.0, "ob_f_2008": 0.0, "tec_f_2008": 0.0, "adm_f_2008": 0.0, "ob_f_2009": 0.0, "tec_f_2009": 0.0, "adm_f_2009": 0.0, "ob_f_2010": 0.0, "tec_f_2010": 0.0, "adm_f_2010": 0.0, "ob_f_2011": 0.0, "tec_f_2011": 0.0, "adm_f_2011": 0.0, "ob_f_2012": 119.0, "tec_f_2012": 6.0, "adm_f_2012": 4.0, "ob_f_2014": 151.0, "tec_f_2014": 7.0, "adm_f_2014": 12.0, "ob_f_2015": 71.0, "tec_f_2015": 2.0, "adm_f_2015": 8.0, "ob_f_2016": 91.0, "tec_f_2016": 2.0, "adm_f_2016": 8.0, "ob_m_2000": 0.0, "tec_m_2000": 0.0, "adm_m_2000": 0.0, "ob_m_2001": 0.0, "tec_m_2001": 0.0, "adm_m_2001": 0.0, "ob_m_2002": 0.0, "tec_m_2002": 0.0, "adm_m_2002": 0.0, "ob_m_2003": 0.0, "tec_m_2003": 0.0, "adm_m_2003": 0.0, "ob_m_2004": 0.0, "tec_m_2004": 0.0, "adm_m_2004": 0.0, "ob_m_2005": 0.0, "tec_m_2005": 0.0, "adm_m_2005": 0.0, "ob_m_2006": 0.0, "tec_m_2006": 0.0, "adm_m_2006": 0.0, "ob_m_2007": 0.0, "tec_m_2007": 0.0, "adm_m_2007": 0.0, "ob_m_2008": 0.0, "tec_m_2008": 0.0, "adm_m_2008": 0.0, "ob_m_2009": 0.0, "tec_m_2009": 0.0, "adm_m_2009": 0.0, "ob_m_2010": 0.0, "tec_m_2010": 0.0, "adm_m_2010": 0.0, "ob_m_2011": 0.0, "tec_m_2011": 0.0, "adm_m_2011": 0.0, "ob_m_2012": 147.0, "tec_m_2012": 3.0, "adm_m_2012": 14.0, "ob_m_2014": 132.0, "tec_m_2014": 8.0, "adm_m_2014": 5.0, "ob_m_2015": 83.0, "tec_m_2015": 8.0, "adm_m_2015": 3.0, "ob_m_2016": 102.0, "tec_m_2016": 9.0, "adm_m_2016": 4.0, "ent2000": 0.0, "ent2001": 0.0, "ent2002": 0.0, "ent2003": 0.0, "ent2004": 0.0, "ent2005": 0.0, "ent2006": 0.0, "ent2007": 0.0, "ent2008": 0.0, "ent2009": 0.0, "ent2010": 0.0, "ent2011": 0.0, "ent2012": 2.0, "ent2013": 2.0, "ent2014": 1.0, "ent2015": 1.0, "ent2016": 1.0, "ele2000": 0.0, "ele2001": 0.0, "ele2002": 0.0, "ele2003": 0.0, "ele2004": 0.0, "ele2005": 0.0, "ele2006": 0.0, "ele2007": 0.0, "ele2008": 0.0, "ele2009": 0.0, "ele2010": 0.0, "ele2011": 0.0, "ele2012": 1904171.69, "ele2013": 3007786.0, "ele2014": 2404431.0, "ele2015": 2062396.65, "ele2016": 2062.4, "com2000": 0.0, "com2001": 0.0, "com2002": 0.0, "com2003": 0.0, "com2004": 0.0, "com2005": 0.0, "com2006": 0.0, "com2007": 0.0, "com2008": 0.0, "com2009": 0.0, "com2010": 0.0, "com2011": 0.0, "com2012": 691475.94, "com2013": 833279.05, "com2014": 681447.0, "com2015": 708673.57, "com2016": 708.67, "inf2000": 0.0, "inf2001": 0.0, "inf2002": 0.0, "inf2003": 0.0, "inf2004": 0.0, "inf2005": 0.0, "inf2006": 0.0, "inf2007": 0.0, "inf2008": 0.0, "inf2009": 0.0, "inf2010": 0.0, "inf2011": 0.0, "inf2012": 169376.0, "inf2013": 335147.0, "inf2014": 406436.0, "inf2015": 263429.26, "inf2016": 263.43, "wat2000": 0.0, "wat2001": 0.0, "wat2002": 0.0, "wat2003": 0.0, "wat2004": 0.0, "wat2005": 0.0, "wat2006": 0.0, "wat2007": 0.0, "wat2008": 0.0, "wat2009": 0.0, "wat2010": 0.0, "wat2011": 0.0, "wat2012": 67184.0, "wat2013": 109114.0, "wat2014": 178068.0, "wat2015": 178492.17, "wat2016": 178.49, "tss2000": 0.0, "tss2001": 0.0, "tss2002": 0.0, "tss2003": 0.0, "tss2004": 0.0, "tss2005": 0.0, "tss2006": 0.0, "tss2007": 0.0, "tss2008": 0.0, "tss2009": 0.0, "tss2010": 0.0, "tss2011": 0.0, "tss2012": 5977094.35, "tss2013": 7223336.71, "tss2014": 8837135.14, "tss2015": 5636840.71, "tss2016": 7043.4, "buiilt2000": 0.0, "buiilt2001": 0.0, "buiilt2002": 0.0, "buiilt2003": 0.0, "buiilt2004": 0.0, "buiilt2005": 0.0, "buiilt2006": 0.0, "buiilt2007": 0.0, "buiilt2008": 0.0, "buiilt2009": 0.0, "buiilt2010": 0.0, "buiilt2011": 0.0, "buiilt2012": 66635.7, "buiilt2013": 66635.7, "buiilt2014": 66635.7, "buiilt2015": 66635.7, "buiilt2016": 66635.7, "ocu2000": 0.0, "ocu2001": 0.0, "ocu2002": 0.0, "ocu2003": 0.0, "ocu2004": 0.0, "ocu2005": 0.0, "ocu2006": 0.0, "ocu2007": 0.0, "ocu2008": 0.0, "ocu2009": 0.0, "ocu2010": 0.0, "ocu2011": 0.0, "ocu2012": 66635.7, "ocu2013": 66635.7, "ocu2014": 66635.7, "ocu2015": 66635.7, "ocu2016": 66635.7, "sal_op2000": 0.0, "sal_op2001": 0.0, "sal_op2002": 0.0, "sal_op2003": 0.0, "sal_op2004": 0.0, "sal_op2005": 0.0, "sal_op2006": 0.0, "sal_op2007": 0.0, "sal_op2008": 0.0, "sal_op2009": 0.0, "sal_op2010": 0.0, "sal_op2011": 0.0, "sal_op2012": 1600.0, "sal_op2013": 2850.0, "sal_op2014": 1850.0, "sal_op2015": 1850.0, "sal_op2016": 2100.0, "sal_tec2000": 0.0, "sal_tec2001": 0.0, "sal_tec2002": 0.0, "sal_tec2003": 0.0, "sal_tec2004": 0.0, "sal_tec2005": 0.0, "sal_tec2006": 0.0, "sal_tec2007": 0.0, "sal_tec2008": 0.0, "sal_tec2009": 0.0, "sal_tec2010": 0.0, "sal_tec2011": 0.0, "sal_tec2012": 2250.0, "sal_tec2013": 3625.0, "sal_tec2014": 4100.0, "sal_tec2015": 4745.0, "sal_tec2016": 5150.0 }, "geometry": { "type": "Point", "coordinates": [ -70.61735952, 19.43723474 ] } },
{ "type": "Feature", "properties": { "code": "DOM-SEI", "name": "El Seibo ", "latitude": 18.76891317, "longitude": -69.05392215000001, "start": 2000.0, "close": 0.0, "type": "public", "sez_id": 85.0, "origin ": 1.0, "inv2000": 0.0, "inv2001": 1100000.0, "inv2002": 1000000.0, "inv2003": 1000000.0, "inv2004": 1200000.0, "inv2005": 1280000.0, "inv2006": 380000.0, "inv2007": 270000.0, "inv2008": 485000.0, "inv2009": 100000.0, "inv2010": 180000.0, "inv2011": 165428.0, "inv2012": 350000.0, "inv2013": 400000.0, "inv2014": 500000.0, "inv2015": 500000.0, "inv2016": 750000.0, "ob_f_2000": 84.0, "tec_f_2000": 2.0, "adm_f_2000": 2.0, "ob_f_2001": 237.0, "tec_f_2001": 0.0, "adm_f_2001": 8.0, "ob_f_2002": 268.0, "tec_f_2002": 0.0, "adm_f_2002": 0.0, "ob_f_2003": 298.0, "tec_f_2003": 0.0, "adm_f_2003": 2.0, "ob_f_2004": 263.0, "tec_f_2004": 1.0, "adm_f_2004": 2.0, "ob_f_2005": 272.0, "tec_f_2005": 3.0, "adm_f_2005": 3.0, "ob_f_2006": 135.0, "tec_f_2006": 18.0, "adm_f_2006": 1.0, "ob_f_2007": 86.0, "tec_f_2007": 13.0, "adm_f_2007": 1.0, "ob_f_2008": 109.0, "tec_f_2008": 1.0, "adm_f_2008": 4.0, "ob_f_2009": 65.0, "tec_f_2009": 0.0, "adm_f_2009": 3.0, "ob_f_2010": 81.0, "tec_f_2010": 0.0, "adm_f_2010": 5.0, "ob_f_2011": 73.0, "tec_f_2011": 1.0, "adm_f_2011": 6.0, "ob_f_2012": 100.0, "tec_f_2012": 1.0, "adm_f_2012": 2.0, "ob_f_2014": 130.0, "tec_f_2014": 2.0, "adm_f_2014": 9.0, "ob_f_2015": 114.0, "tec_f_2015": 1.0, "adm_f_2015": 4.0, "ob_f_2016": 117.0, "tec_f_2016": 1.0, "adm_f_2016": 0.0, "ob_m_2000": 53.0, "tec_m_2000": 6.0, "adm_m_2000": 3.0, "ob_m_2001": 7.0, "tec_m_2001": 9.0, "adm_m_2001": 4.0, "ob_m_2002": 3.0, "tec_m_2002": 11.0, "adm_m_2002": 7.0, "ob_m_2003": 24.0, "tec_m_2003": 0.0, "adm_m_2003": 2.0, "ob_m_2004": 81.0, "tec_m_2004": 2.0, "adm_m_2004": 2.0, "ob_m_2005": 104.0, "tec_m_2005": 8.0, "adm_m_2005": 3.0, "ob_m_2006": 58.0, "tec_m_2006": 8.0, "adm_m_2006": 4.0, "ob_m_2007": 15.0, "tec_m_2007": 6.0, "adm_m_2007": 1.0, "ob_m_2008": 9.0, "tec_m_2008": 5.0, "adm_m_2008": 3.0, "ob_m_2009": 2.0, "tec_m_2009": 1.0, "adm_m_2009": 3.0, "ob_m_2010": 5.0, "tec_m_2010": 2.0, "adm_m_2010": 0.0, "ob_m_2011": 8.0, "tec_m_2011": 2.0, "adm_m_2011": 2.0, "ob_m_2012": 11.0, "tec_m_2012": 4.0, "adm_m_2012": 0.0, "ob_m_2014": 7.0, "tec_m_2014": 2.0, "adm_m_2014": 6.0, "ob_m_2015": 17.0, "tec_m_2015": 3.0, "adm_m_2015": 1.0, "ob_m_2016": 13.0, "tec_m_2016": 2.0, "adm_m_2016": 1.0, "ent2000": 1.0, "ent2001": 1.0, "ent2002": 1.0, "ent2003": 1.0, "ent2004": 1.0, "ent2005": 2.0, "ent2006": 2.0, "ent2007": 1.0, "ent2008": 2.0, "ent2009": 1.0, "ent2010": 1.0, "ent2011": 1.0, "ent2012": 2.0, "ent2013": 2.0, "ent2014": 2.0, "ent2015": 2.0, "ent2016": 2.0, "ele2000": 0.0, "ele2001": 0.0, "ele2002": 0.0, "ele2003": 0.0, "ele2004": 0.0, "ele2005": 1059585.08, "ele2006": 0.0, "ele2007": 612457.0, "ele2008": 785000.0, "ele2009": 336000.0, "ele2010": 540000.0, "ele2011": 521478.0, "ele2012": 542318.0, "ele2013": 300000.0, "ele2014": 855805.0, "ele2015": 909547.0, "ele2016": 919.6, "com2000": 0.0, "com2001": 0.0, "com2002": 0.0, "com2003": 51516.0, "com2004": 95540.0, "com2005": 162826.17, "com2006": 439202.0, "com2007": 165365.25, "com2008": 181800.0, "com2009": 69600.0, "com2010": 66720.0, "com2011": 68251.0, "com2012": 77769.0, "com2013": 13400.0, "com2014": 93528.0, "com2015": 138000.0, "com2016": 146.28, "inf2000": 0.0, "inf2001": 79024.0, "inf2002": 80000.0, "inf2003": 80000.0, "inf2004": 85000.0, "inf2005": 18547.0, "inf2006": 159505.21, "inf2007": 10458.0, "inf2008": 50078.64, "inf2009": 30000.0, "inf2010": 30000.0, "inf2011": 23251.0, "inf2012": 53038.0, "inf2013": 12320.0, "inf2014": 85058.0, "inf2015": 107324.0, "inf2016": 102.37, "wat2000": 0.0, "wat2001": 60000.0, "wat2002": 36000.0, "wat2003": 36000.0, "wat2004": 38450.0, "wat2005": 58471.4, "wat2006": 0.0, "wat2007": 20245.0, "wat2008": 56493.0, "wat2009": 22356.0, "wat2010": 22344.0, "wat2011": 32002.0, "wat2012": 34344.0, "wat2013": 21724.0, "wat2014": 39802.0, "wat2015": 22344.0, "wat2016": 32.84, "tss2000": 0.0, "tss2001": 790246.0, "tss2002": 480000.0, "tss2003": 480000.0, "tss2004": 200000.0, "tss2005": 0.0, "tss2006": 497872.54, "tss2007": 135016.0, "tss2008": 457382.55, "tss2009": 598589.94, "tss2010": 941028.41, "tss2011": 1388704.73, "tss2012": 1503183.87, "tss2013": 1636707.65, "tss2014": 1836406.72, "tss2015": 2171268.1, "tss2016": 2750.05, "buiilt2000": 48561.0, "buiilt2001": 32375.0, "buiilt2002": 48561.0, "buiilt2003": 32374.0, "buiilt2004": 48563.0, "buiilt2005": 48563.0, "buiilt2006": 48563.0, "buiilt2007": 48563.0, "buiilt2008": 48563.0, "buiilt2009": 48563.0, "buiilt2010": 48563.0, "buiilt2011": 48563.0, "buiilt2012": 48563.0, "buiilt2013": 487111.04, "buiilt2014": 48711.04, "buiilt2015": 48711.04, "buiilt2016": 48775.71, "ocu2000": 16187.0, "ocu2001": 32375.0, "ocu2002": 32374.0, "ocu2003": 32374.0, "ocu2004": 48563.0, "ocu2005": 32375.0, "ocu2006": 32375.0, "ocu2007": 32375.0, "ocu2008": 32375.0, "ocu2009": 16188.0, "ocu2010": 16040.0, "ocu2011": 48563.0, "ocu2012": 48563.0, "ocu2013": 487111.04, "ocu2014": 48711.04, "ocu2015": 48711.04, "ocu2016": 48775.71, "sal_op2000": 570.0, "sal_op2001": 610.0, "sal_op2002": 649.0, "sal_op2003": 844.0, "sal_op2004": 950.0, "sal_op2005": 1012.0, "sal_op2006": 1030.48, "sal_op2007": 1142.58, "sal_op2008": 1117.0, "sal_op2009": 1450.0, "sal_op2010": 1450.0, "sal_op2011": 1475.0, "sal_op2012": 1567.62, "sal_op2013": 1671.34, "sal_op2014": 1707.5, "sal_op2015": 1937.85, "sal_op2016": 1919.0, "sal_tec2000": 850.0, "sal_tec2001": 1600.0, "sal_tec2002": 1200.0, "sal_tec2003": 2000.0, "sal_tec2004": 2100.0, "sal_tec2005": 1999.5, "sal_tec2006": 3000.0, "sal_tec2007": 3650.0, "sal_tec2008": 6000.0, "sal_tec2009": 4500.0, "sal_tec2010": 4500.0, "sal_tec2011": 4800.0, "sal_tec2012": 3811.5, "sal_tec2013": 3811.5, "sal_tec2014": 3722.5, "sal_tec2015": 2875.0, "sal_tec2016": 3700.0 }, "geometry": { "type": "Point", "coordinates": [ -69.05392215, 18.76891317 ] } },
{ "type": "Feature", "properties": { "code": "DOM-SLI", "name": "Parque Tecnologico de Santiago ", "latitude": 19.4462542, "longitude": -70.639953, "start": 1993.0, "close": 0.0, "type": "private", "sez_id": 86.0, "origin ": 1.0, "inv2000": 5324144.0, "inv2001": 5841036.0, "inv2002": 5266436.0, "inv2003": 5096523.67, "inv2004": 5896089.89, "inv2005": 6888061.78, "inv2006": 5602682.06, "inv2007": 6624658.03, "inv2008": 8454945.33, "inv2009": 8538773.87, "inv2010": 7826394.28, "inv2011": 6885414.8, "inv2012": 4546693.8, "inv2013": 9760616.35, "inv2014": 6167959.6, "inv2015": 7697014.1, "inv2016": 8488603.96, "ob_f_2000": 440.0, "tec_f_2000": 9.0, "adm_f_2000": 18.0, "ob_f_2001": 429.0, "tec_f_2001": 25.0, "adm_f_2001": 21.0, "ob_f_2002": 252.0, "tec_f_2002": 12.0, "adm_f_2002": 24.0, "ob_f_2003": 160.0, "tec_f_2003": 9.0, "adm_f_2003": 26.0, "ob_f_2004": 236.0, "tec_f_2004": 23.0, "adm_f_2004": 26.0, "ob_f_2005": 206.0, "tec_f_2005": 17.0, "adm_f_2005": 41.0, "ob_f_2006": 34.0, "tec_f_2006": 4.0, "adm_f_2006": 18.0, "ob_f_2007": 17.0, "tec_f_2007": 6.0, "adm_f_2007": 9.0, "ob_f_2008": 56.0, "tec_f_2008": 1.0, "adm_f_2008": 17.0, "ob_f_2009": 82.0, "tec_f_2009": 2.0, "adm_f_2009": 7.0, "ob_f_2010": 63.0, "tec_f_2010": 3.0, "adm_f_2010": 9.0, "ob_f_2011": 85.0, "tec_f_2011": 5.0, "adm_f_2011": 9.0, "ob_f_2012": 87.0, "tec_f_2012": 5.0, "adm_f_2012": 10.0, "ob_f_2014": 83.0, "tec_f_2014": 3.0, "adm_f_2014": 9.0, "ob_f_2015": 66.0, "tec_f_2015": 1.0, "adm_f_2015": 10.0, "ob_f_2016": 73.0, "tec_f_2016": 1.0, "adm_f_2016": 13.0, "ob_m_2000": 606.0, "tec_m_2000": 36.0, "adm_m_2000": 11.0, "ob_m_2001": 536.0, "tec_m_2001": 85.0, "adm_m_2001": 17.0, "ob_m_2002": 409.0, "tec_m_2002": 52.0, "adm_m_2002": 15.0, "ob_m_2003": 378.0, "tec_m_2003": 45.0, "adm_m_2003": 18.0, "ob_m_2004": 529.0, "tec_m_2004": 51.0, "adm_m_2004": 19.0, "ob_m_2005": 349.0, "tec_m_2005": 59.0, "adm_m_2005": 69.0, "ob_m_2006": 141.0, "tec_m_2006": 13.0, "adm_m_2006": 7.0, "ob_m_2007": 61.0, "tec_m_2007": 32.0, "adm_m_2007": 6.0, "ob_m_2008": 211.0, "tec_m_2008": 6.0, "adm_m_2008": 17.0, "ob_m_2009": 178.0, "tec_m_2009": 9.0, "adm_m_2009": 11.0, "ob_m_2010": 184.0, "tec_m_2010": 6.0, "adm_m_2010": 8.0, "ob_m_2011": 117.0, "tec_m_2011": 6.0, "adm_m_2011": 11.0, "ob_m_2012": 117.0, "tec_m_2012": 10.0, "adm_m_2012": 7.0, "ob_m_2014": 210.0, "tec_m_2014": 4.0, "adm_m_2014": 11.0, "ob_m_2015": 165.0, "tec_m_2015": 4.0, "adm_m_2015": 14.0, "ob_m_2016": 179.0, "tec_m_2016": 7.0, "adm_m_2016": 14.0, "ent2000": 7.0, "ent2001": 7.0, "ent2002": 9.0, "ent2003": 11.0, "ent2004": 12.0, "ent2005": 11.0, "ent2006": 7.0, "ent2007": 7.0, "ent2008": 8.0, "ent2009": 8.0, "ent2010": 8.0, "ent2011": 9.0, "ent2012": 8.0, "ent2013": 8.0, "ent2014": 8.0, "ent2015": 8.0, "ent2016": 9.0, "ele2000": 990083.26, "ele2001": 1543339.11, "ele2002": 2129339.17, "ele2003": 1372721.6, "ele2004": 7994044.26, "ele2005": 8818173.82, "ele2006": 3091175.19, "ele2007": 3788948.8, "ele2008": 2823416.28, "ele2009": 4382922.63, "ele2010": 4969175.89, "ele2011": 4793079.86, "ele2012": 4358267.17, "ele2013": 7256028.88, "ele2014": 6436875.41, "ele2015": 6000754.68, "ele2016": 6945.19, "com2000": 0.0, "com2001": 0.0, "com2002": 0.0, "com2003": 912937.19, "com2004": 1613941.0, "com2005": 1995157.97, "com2006": 1769901.0, "com2007": 1449649.33, "com2008": 820269.95, "com2009": 843597.41, "com2010": 892153.21, "com2011": 812426.51, "com2012": 472843.03, "com2013": 546428.37, "com2014": 459926.77, "com2015": 568696.68, "com2016": 595.45, "inf2000": 0.0, "inf2001": 226326.05, "inf2002": 220157.78, "inf2003": 99751.2, "inf2004": 438906.89, "inf2005": 751988.75, "inf2006": 197569.86, "inf2007": 146439.83, "inf2008": 146174.29, "inf2009": 217540.05, "inf2010": 256937.0, "inf2011": 246967.0, "inf2012": 226855.0, "inf2013": 267533.0, "inf2014": 192579.24, "inf2015": 356271.97, "inf2016": 426.52, "wat2000": 112392.83, "wat2001": 93684.86, "wat2002": 114952.3, "wat2003": 59152.5, "wat2004": 167367.5, "wat2005": 188442.23, "wat2006": 117567.74, "wat2007": 110292.36, "wat2008": 143693.7, "wat2009": 145396.5, "wat2010": 122343.0, "wat2011": 190269.0, "wat2012": 169468.0, "wat2013": 204585.0, "wat2014": 199839.0, "wat2015": 274253.0, "wat2016": 314.55, "tss2000": 754365.0, "tss2001": 1244326.49, "tss2002": 1411553.4, "tss2003": 333102.6, "tss2004": 831191.0, "tss2005": 989251.42, "tss2006": 115086.17, "tss2007": 1888681.38, "tss2008": 6305425.57, "tss2009": 5287273.28, "tss2010": 5915651.74, "tss2011": 6050267.9, "tss2012": 4505223.74, "tss2013": 6639110.01, "tss2014": 6846228.67, "tss2015": 7847364.7, "tss2016": 9347.21, "buiilt2000": 155000.0, "buiilt2001": 155000.0, "buiilt2002": 162000.0, "buiilt2003": 162000.0, "buiilt2004": 162000.0, "buiilt2005": 162000.0, "buiilt2006": 177750.0, "buiilt2007": 177750.0, "buiilt2008": 177750.0, "buiilt2009": 150500.0, "buiilt2010": 150500.0, "buiilt2011": 150500.0, "buiilt2012": 150500.0, "buiilt2013": 146500.0, "buiilt2014": 146500.0, "buiilt2015": 146500.0, "buiilt2016": 146500.0, "ocu2000": 147250.0, "ocu2001": 145351.0, "ocu2002": 133500.0, "ocu2003": 142500.0, "ocu2004": 150000.0, "ocu2005": 141000.0, "ocu2006": 126500.0, "ocu2007": 79500.0, "ocu2008": 103500.0, "ocu2009": 77500.0, "ocu2010": 77500.0, "ocu2011": 127500.0, "ocu2012": 65400.0, "ocu2013": 92500.0, "ocu2014": 92500.0, "ocu2015": 106450.0, "ocu2016": 106450.0, "sal_op2000": 862.0, "sal_op2001": 838.82, "sal_op2002": 919.38, "sal_op2003": 1184.29, "sal_op2004": 1348.65, "sal_op2005": 1591.77, "sal_op2006": 1336.05, "sal_op2007": 1347.71, "sal_op2008": 1851.89, "sal_op2009": 1627.6, "sal_op2010": 1546.42, "sal_op2011": 2001.05, "sal_op2012": 2101.45, "sal_op2013": 2208.2, "sal_op2014": 2209.8, "sal_op2015": 2433.42, "sal_op2016": 3106.92, "sal_tec2000": 2207.4, "sal_tec2001": 1440.83, "sal_tec2002": 1247.0, "sal_tec2003": 2499.3, "sal_tec2004": 3569.22, "sal_tec2005": 2898.55, "sal_tec2006": 3953.14, "sal_tec2007": 3424.13, "sal_tec2008": 3925.0, "sal_tec2009": 3085.71, "sal_tec2010": 2990.04, "sal_tec2011": 3202.71, "sal_tec2012": 3516.67, "sal_tec2013": 4145.83, "sal_tec2014": 6693.75, "sal_tec2015": 5641.67, "sal_tec2016": 6605.0 }, "geometry": { "type": "Point", "coordinates": [ -70.639953, 19.4462542 ] } },
{ "type": "Feature", "properties": { "code": "DOM-TAL", "name": "Intercontinental ", "latitude": 18.56054395, "longitude": -70.07035003, "start": 2015.0, "close": 0.0, "type": "private", "sez_id": 89.0, "origin ": 1.0, "inv2000": 0.0, "inv2001": 0.0, "inv2002": 0.0, "inv2003": 0.0, "inv2004": 0.0, "inv2005": 0.0, "inv2006": 0.0, "inv2007": 0.0, "inv2008": 0.0, "inv2009": 0.0, "inv2010": 0.0, "inv2011": 0.0, "inv2012": 0.0, "inv2013": 0.0, "inv2014": 0.0, "inv2015": 146216.0, "inv2016": 1050670.4, "ob_f_2000": 0.0, "tec_f_2000": 0.0, "adm_f_2000": 0.0, "ob_f_2001": 0.0, "tec_f_2001": 0.0, "adm_f_2001": 0.0, "ob_f_2002": 0.0, "tec_f_2002": 0.0, "adm_f_2002": 0.0, "ob_f_2003": 0.0, "tec_f_2003": 0.0, "adm_f_2003": 0.0, "ob_f_2004": 0.0, "tec_f_2004": 0.0, "adm_f_2004": 0.0, "ob_f_2005": 0.0, "tec_f_2005": 0.0, "adm_f_2005": 0.0, "ob_f_2006": 0.0, "tec_f_2006": 0.0, "adm_f_2006": 0.0, "ob_f_2007": 0.0, "tec_f_2007": 0.0, "adm_f_2007": 0.0, "ob_f_2008": 0.0, "tec_f_2008": 0.0, "adm_f_2008": 0.0, "ob_f_2009": 0.0, "tec_f_2009": 0.0, "adm_f_2009": 0.0, "ob_f_2010": 0.0, "tec_f_2010": 0.0, "adm_f_2010": 0.0, "ob_f_2011": 0.0, "tec_f_2011": 0.0, "adm_f_2011": 0.0, "ob_f_2012": 0.0, "tec_f_2012": 0.0, "adm_f_2012": 0.0, "ob_f_2014": 0.0, "tec_f_2014": 0.0, "adm_f_2014": 0.0, "ob_f_2015": 0.0, "tec_f_2015": 0.0, "adm_f_2015": 0.0, "ob_f_2016": 0.0, "tec_f_2016": 0.0, "adm_f_2016": 1.0, "ob_m_2000": 0.0, "tec_m_2000": 0.0, "adm_m_2000": 0.0, "ob_m_2001": 0.0, "tec_m_2001": 0.0, "adm_m_2001": 0.0, "ob_m_2002": 0.0, "tec_m_2002": 0.0, "adm_m_2002": 0.0, "ob_m_2003": 0.0, "tec_m_2003": 0.0, "adm_m_2003": 0.0, "ob_m_2004": 0.0, "tec_m_2004": 0.0, "adm_m_2004": 0.0, "ob_m_2005": 0.0, "tec_m_2005": 0.0, "adm_m_2005": 0.0, "ob_m_2006": 0.0, "tec_m_2006": 0.0, "adm_m_2006": 0.0, "ob_m_2007": 0.0, "tec_m_2007": 0.0, "adm_m_2007": 0.0, "ob_m_2008": 0.0, "tec_m_2008": 0.0, "adm_m_2008": 0.0, "ob_m_2009": 0.0, "tec_m_2009": 0.0, "adm_m_2009": 0.0, "ob_m_2010": 0.0, "tec_m_2010": 0.0, "adm_m_2010": 0.0, "ob_m_2011": 0.0, "tec_m_2011": 0.0, "adm_m_2011": 0.0, "ob_m_2012": 0.0, "tec_m_2012": 0.0, "adm_m_2012": 0.0, "ob_m_2014": 0.0, "tec_m_2014": 0.0, "adm_m_2014": 0.0, "ob_m_2015": 0.0, "tec_m_2015": 1.0, "adm_m_2015": 1.0, "ob_m_2016": 33.0, "tec_m_2016": 1.0, "adm_m_2016": 5.0, "ent2000": 0.0, "ent2001": 0.0, "ent2002": 0.0, "ent2003": 0.0, "ent2004": 0.0, "ent2005": 0.0, "ent2006": 0.0, "ent2007": 0.0, "ent2008": 0.0, "ent2009": 0.0, "ent2010": 0.0, "ent2011": 0.0, "ent2012": 0.0, "ent2013": 0.0, "ent2014": 0.0, "ent2015": 1.0, "ent2016": 2.0, "ele2000": 0.0, "ele2001": 0.0, "ele2002": 0.0, "ele2003": 0.0, "ele2004": 0.0, "ele2005": 0.0, "ele2006": 0.0, "ele2007": 0.0, "ele2008": 0.0, "ele2009": 0.0, "ele2010": 0.0, "ele2011": 0.0, "ele2012": 0.0, "ele2013": 0.0, "ele2014": 0.0, "ele2015": 0.0, "ele2016": 1251.31, "com2000": 0.0, "com2001": 0.0, "com2002": 0.0, "com2003": 0.0, "com2004": 0.0, "com2005": 0.0, "com2006": 0.0, "com2007": 0.0, "com2008": 0.0, "com2009": 0.0, "com2010": 0.0, "com2011": 0.0, "com2012": 0.0, "com2013": 0.0, "com2014": 0.0, "com2015": 24508.98, "com2016": 179.33, "inf2000": 0.0, "inf2001": 0.0, "inf2002": 0.0, "inf2003": 0.0, "inf2004": 0.0, "inf2005": 0.0, "inf2006": 0.0, "inf2007": 0.0, "inf2008": 0.0, "inf2009": 0.0, "inf2010": 0.0, "inf2011": 0.0, "inf2012": 0.0, "inf2013": 0.0, "inf2014": 0.0, "inf2015": 3745.0, "inf2016": 20.08, "wat2000": 0.0, "wat2001": 0.0, "wat2002": 0.0, "wat2003": 0.0, "wat2004": 0.0, "wat2005": 0.0, "wat2006": 0.0, "wat2007": 0.0, "wat2008": 0.0, "wat2009": 0.0, "wat2010": 0.0, "wat2011": 0.0, "wat2012": 0.0, "wat2013": 0.0, "wat2014": 0.0, "wat2015": 0.0, "wat2016": 0.0, "tss2000": 0.0, "tss2001": 0.0, "tss2002": 0.0, "tss2003": 0.0, "tss2004": 0.0, "tss2005": 0.0, "tss2006": 0.0, "tss2007": 0.0, "tss2008": 0.0, "tss2009": 0.0, "tss2010": 0.0, "tss2011": 0.0, "tss2012": 0.0, "tss2013": 0.0, "tss2014": 0.0, "tss2015": 40132.19, "tss2016": 624.92, "buiilt2000": 0.0, "buiilt2001": 0.0, "buiilt2002": 0.0, "buiilt2003": 0.0, "buiilt2004": 0.0, "buiilt2005": 0.0, "buiilt2006": 0.0, "buiilt2007": 0.0, "buiilt2008": 0.0, "buiilt2009": 0.0, "buiilt2010": 0.0, "buiilt2011": 0.0, "buiilt2012": 0.0, "buiilt2013": 0.0, "buiilt2014": 0.0, "buiilt2015": 51432.0, "buiilt2016": 62577.0, "ocu2000": 0.0, "ocu2001": 0.0, "ocu2002": 0.0, "ocu2003": 0.0, "ocu2004": 0.0, "ocu2005": 0.0, "ocu2006": 0.0, "ocu2007": 0.0, "ocu2008": 0.0, "ocu2009": 0.0, "ocu2010": 0.0, "ocu2011": 0.0, "ocu2012": 0.0, "ocu2013": 0.0, "ocu2014": 0.0, "ocu2015": 43040.0, "ocu2016": 62577.0, "sal_op2000": 0.0, "sal_op2001": 0.0, "sal_op2002": 0.0, "sal_op2003": 0.0, "sal_op2004": 0.0, "sal_op2005": 0.0, "sal_op2006": 0.0, "sal_op2007": 0.0, "sal_op2008": 0.0, "sal_op2009": 0.0, "sal_op2010": 0.0, "sal_op2011": 0.0, "sal_op2012": 0.0, "sal_op2013": 0.0, "sal_op2014": 0.0, "sal_op2015": 0.0, "sal_op2016": 2296.75, "sal_tec2000": 0.0, "sal_tec2001": 0.0, "sal_tec2002": 0.0, "sal_tec2003": 0.0, "sal_tec2004": 0.0, "sal_tec2005": 0.0, "sal_tec2006": 0.0, "sal_tec2007": 0.0, "sal_tec2008": 0.0, "sal_tec2009": 0.0, "sal_tec2010": 0.0, "sal_tec2011": 0.0, "sal_tec2012": 0.0, "sal_tec2013": 0.0, "sal_tec2014": 0.0, "sal_tec2015": 5736.96, "sal_tec2016": 5800.0 }, "geometry": { "type": "Point", "coordinates": [ -70.07035003, 18.56054395 ] } },
{ "type": "Feature", "properties": { "code": "DOM-TAM", "name": "Tamboril ", "latitude": 19.48142597, "longitude": -70.63333181, "start": 1997.0, "close": 0.0, "type": "private", "sez_id": 90.0, "origin ": 1.0, "inv2000": 220900.0, "inv2001": 1105421.0, "inv2002": 1712597.0, "inv2003": 2820734.09, "inv2004": 2960950.0, "inv2005": 2493256.3, "inv2006": 5051256.3, "inv2007": 11281686.0, "inv2008": 19152530.4, "inv2009": 25009980.96, "inv2010": 25743439.15, "inv2011": 31327567.4, "inv2012": 34757363.57, "inv2013": 119387204.2, "inv2014": 119205726.2, "inv2015": 135653985.1, "inv2016": 135588673.2, "ob_f_2000": 14.0, "tec_f_2000": 0.0, "adm_f_2000": 1.0, "ob_f_2001": 69.0, "tec_f_2001": 8.0, "adm_f_2001": 2.0, "ob_f_2002": 48.0, "tec_f_2002": 14.0, "adm_f_2002": 3.0, "ob_f_2003": 265.0, "tec_f_2003": 19.0, "adm_f_2003": 25.0, "ob_f_2004": 221.0, "tec_f_2004": 13.0, "adm_f_2004": 21.0, "ob_f_2005": 150.0, "tec_f_2005": 32.0, "adm_f_2005": 27.0, "ob_f_2006": 160.0, "tec_f_2006": 17.0, "adm_f_2006": 39.0, "ob_f_2007": 315.0, "tec_f_2007": 1.0, "adm_f_2007": 11.0, "ob_f_2008": 681.0, "tec_f_2008": 6.0, "adm_f_2008": 30.0, "ob_f_2009": 602.0, "tec_f_2009": 2.0, "adm_f_2009": 20.0, "ob_f_2010": 394.0, "tec_f_2010": 23.0, "adm_f_2010": 22.0, "ob_f_2011": 1819.0, "tec_f_2011": 45.0, "adm_f_2011": 75.0, "ob_f_2012": 2086.0, "tec_f_2012": 58.0, "adm_f_2012": 79.0, "ob_f_2014": 2778.0, "tec_f_2014": 165.0, "adm_f_2014": 76.0, "ob_f_2015": 2387.0, "tec_f_2015": 217.0, "adm_f_2015": 104.0, "ob_f_2016": 2452.0, "tec_f_2016": 144.0, "adm_f_2016": 93.0, "ob_m_2000": 5.0, "tec_m_2000": 0.0, "adm_m_2000": 5.0, "ob_m_2001": 87.0, "tec_m_2001": 16.0, "adm_m_2001": 7.0, "ob_m_2002": 160.0, "tec_m_2002": 34.0, "adm_m_2002": 9.0, "ob_m_2003": 250.0, "tec_m_2003": 53.0, "adm_m_2003": 14.0, "ob_m_2004": 332.0, "tec_m_2004": 26.0, "adm_m_2004": 14.0, "ob_m_2005": 268.0, "tec_m_2005": 72.0, "adm_m_2005": 26.0, "ob_m_2006": 159.0, "tec_m_2006": 32.0, "adm_m_2006": 24.0, "ob_m_2007": 204.0, "tec_m_2007": 11.0, "adm_m_2007": 23.0, "ob_m_2008": 530.0, "tec_m_2008": 26.0, "adm_m_2008": 67.0, "ob_m_2009": 294.0, "tec_m_2009": 25.0, "adm_m_2009": 41.0, "ob_m_2010": 190.0, "tec_m_2010": 72.0, "adm_m_2010": 32.0, "ob_m_2011": 997.0, "tec_m_2011": 67.0, "adm_m_2011": 44.0, "ob_m_2012": 1286.0, "tec_m_2012": 161.0, "adm_m_2012": 64.0, "ob_m_2014": 2113.0, "tec_m_2014": 398.0, "adm_m_2014": 92.0, "ob_m_2015": 1932.0, "tec_m_2015": 413.0, "adm_m_2015": 113.0, "ob_m_2016": 2433.0, "tec_m_2016": 368.0, "adm_m_2016": 114.0, "ent2000": 1.0, "ent2001": 1.0, "ent2002": 2.0, "ent2003": 5.0, "ent2004": 5.0, "ent2005": 5.0, "ent2006": 4.0, "ent2007": 3.0, "ent2008": 5.0, "ent2009": 5.0, "ent2010": 8.0, "ent2011": 9.0, "ent2012": 7.0, "ent2013": 8.0, "ent2014": 10.0, "ent2015": 10.0, "ent2016": 11.0, "ele2000": 4500.0, "ele2001": 1280000.0, "ele2002": 2366981.78, "ele2003": 4691649.35, "ele2004": 7464937.92, "ele2005": 10465287.93, "ele2006": 12144439.26, "ele2007": 7647898.55, "ele2008": 10643103.24, "ele2009": 15307395.82, "ele2010": 8487711.31, "ele2011": 21213843.83, "ele2012": 39412130.31, "ele2013": 47207755.04, "ele2014": 75931434.73, "ele2015": 80861818.16, "ele2016": 151758.85, "com2000": 0.0, "com2001": 0.0, "com2002": 0.0, "com2003": 1135211.05, "com2004": 2384349.3, "com2005": 1742157.93, "com2006": 1729837.67, "com2007": 737265.01, "com2008": 907525.86, "com2009": 2222398.76, "com2010": 1000568.06, "com2011": 2469710.24, "com2012": 2175364.52, "com2013": 2000905.4, "com2014": 2566912.95, "com2015": 3014177.21, "com2016": 4552.47, "inf2000": 0.0, "inf2001": 24000.0, "inf2002": 32121.0, "inf2003": 74234.54, "inf2004": 283577.59, "inf2005": 440309.86, "inf2006": 341408.41, "inf2007": 15015.0, "inf2008": 901435.3, "inf2009": 816230.55, "inf2010": 470710.92, "inf2011": 1704566.0, "inf2012": 2926636.56, "inf2013": 4202369.0, "inf2014": 5449801.67, "inf2015": 5922129.16, "inf2016": 8303.48, "wat2000": 0.0, "wat2001": 6000.0, "wat2002": 29500.0, "wat2003": 525165.16, "wat2004": 292089.01, "wat2005": 230730.0, "wat2006": 281895.0, "wat2007": 125577.0, "wat2008": 221300.0, "wat2009": 187893.2, "wat2010": 150799.2, "wat2011": 362295.2, "wat2012": 288050.0, "wat2013": 1592860.73, "wat2014": 1519316.27, "wat2015": 2060706.32, "wat2016": 4596.8, "tss2000": 15230.0, "tss2001": 315000.0, "tss2002": 391718.5, "tss2003": 359637.5, "tss2004": 695833.11, "tss2005": 1477759.33, "tss2006": 980921.13, "tss2007": 1767131.69, "tss2008": 32580057.42, "tss2009": 7381582.97, "tss2010": 5986772.08, "tss2011": 40468244.36, "tss2012": 75275387.33, "tss2013": 88128892.89, "tss2014": 117687230.4, "tss2015": 137435425.2, "tss2016": 160109.11, "buiilt2000": 80000.0, "buiilt2001": 191724.0, "buiilt2002": 184879.0, "buiilt2003": 184879.0, "buiilt2004": 184879.0, "buiilt2005": 216000.0, "buiilt2006": 216000.0, "buiilt2007": 216000.0, "buiilt2008": 216000.0, "buiilt2009": 216000.0, "buiilt2010": 270685.33, "buiilt2011": 388000.0, "buiilt2012": 388000.0, "buiilt2013": 688640.0, "buiilt2014": 688640.0, "buiilt2015": 656119.0, "buiilt2016": 824250.0, "ocu2000": 20000.0, "ocu2001": 191724.0, "ocu2002": 165374.0, "ocu2003": 184879.0, "ocu2004": 184879.0, "ocu2005": 171653.0, "ocu2006": 171653.0, "ocu2007": 88410.0, "ocu2008": 107666.59, "ocu2009": 216000.0, "ocu2010": 235078.0, "ocu2011": 388000.0, "ocu2012": 388000.0, "ocu2013": 688640.0, "ocu2014": 688640.0, "ocu2015": 656119.0, "ocu2016": 620403.0, "sal_op2000": 650.0, "sal_op2001": 700.0, "sal_op2002": 725.0, "sal_op2003": 1288.25, "sal_op2004": 883.75, "sal_op2005": 1362.83, "sal_op2006": 1499.25, "sal_op2007": 1130.78, "sal_op2008": 1420.51, "sal_op2009": 2533.26, "sal_op2010": 1986.5, "sal_op2011": 1671.2, "sal_op2012": 2065.5, "sal_op2013": 2221.74, "sal_op2014": 2189.5, "sal_op2015": 2305.13, "sal_op2016": 2393.55, "sal_tec2000": 0.0, "sal_tec2001": 1800.0, "sal_tec2002": 1600.0, "sal_tec2003": 1703.46, "sal_tec2004": 2370.0, "sal_tec2005": 2648.4, "sal_tec2006": 3350.67, "sal_tec2007": 2833.33, "sal_tec2008": 3575.0, "sal_tec2009": 2962.75, "sal_tec2010": 3116.93, "sal_tec2011": 3286.85, "sal_tec2012": 4650.03, "sal_tec2013": 4100.0, "sal_tec2014": 4103.83, "sal_tec2015": 4749.78, "sal_tec2016": 4563.17 }, "geometry": { "type": "Point", "coordinates": [ -70.63333181, 19.48142597 ] } },
{ "type": "Feature", "properties": { "code": "DOM-VEG", "name": "La Vega ", "latitude": 19.24673204, "longitude": -70.55649026, "start": 1987.0, "close": 0.0, "type": "public", "sez_id": 91.0, "origin ": 1.0, "inv2000": 45018217.52, "inv2001": 35333650.95, "inv2002": 33358579.75, "inv2003": 28916103.0, "inv2004": 25048742.11, "inv2005": 36825806.62, "inv2006": 67878688.21, "inv2007": 58628083.13, "inv2008": 29048057.92, "inv2009": 31272807.25, "inv2010": 41049789.56, "inv2011": 40072679.2, "inv2012": 41397804.18, "inv2013": 43884802.95, "inv2014": 44213754.4, "inv2015": 49863556.7, "inv2016": 48503969.15, "ob_f_2000": 5597.0, "tec_f_2000": 277.0, "adm_f_2000": 156.0, "ob_f_2001": 4217.0, "tec_f_2001": 248.0, "adm_f_2001": 195.0, "ob_f_2002": 4557.0, "tec_f_2002": 187.0, "adm_f_2002": 153.0, "ob_f_2003": 4343.0, "tec_f_2003": 281.0, "adm_f_2003": 141.0, "ob_f_2004": 4393.0, "tec_f_2004": 241.0, "adm_f_2004": 157.0, "ob_f_2005": 2908.0, "tec_f_2005": 136.0, "adm_f_2005": 103.0, "ob_f_2006": 2978.0, "tec_f_2006": 140.0, "adm_f_2006": 110.0, "ob_f_2007": 2044.0, "tec_f_2007": 78.0, "adm_f_2007": 80.0, "ob_f_2008": 2027.0, "tec_f_2008": 64.0, "adm_f_2008": 71.0, "ob_f_2009": 1588.0, "tec_f_2009": 61.0, "adm_f_2009": 51.0, "ob_f_2010": 2427.0, "tec_f_2010": 82.0, "adm_f_2010": 60.0, "ob_f_2011": 2504.0, "tec_f_2011": 90.0, "adm_f_2011": 60.0, "ob_f_2012": 2404.0, "tec_f_2012": 122.0, "adm_f_2012": 51.0, "ob_f_2014": 2992.0, "tec_f_2014": 158.0, "adm_f_2014": 102.0, "ob_f_2015": 3053.0, "tec_f_2015": 125.0, "adm_f_2015": 70.0, "ob_f_2016": 2654.0, "tec_f_2016": 116.0, "adm_f_2016": 58.0, "ob_m_2000": 6720.0, "tec_m_2000": 526.0, "adm_m_2000": 204.0, "ob_m_2001": 4970.0, "tec_m_2001": 451.0, "adm_m_2001": 243.0, "ob_m_2002": 5415.0, "tec_m_2002": 542.0, "adm_m_2002": 140.0, "ob_m_2003": 5182.0, "tec_m_2003": 587.0, "adm_m_2003": 136.0, "ob_m_2004": 4700.0, "tec_m_2004": 607.0, "adm_m_2004": 154.0, "ob_m_2005": 3224.0, "tec_m_2005": 349.0, "adm_m_2005": 139.0, "ob_m_2006": 3032.0, "tec_m_2006": 383.0, "adm_m_2006": 140.0, "ob_m_2007": 2100.0, "tec_m_2007": 242.0, "adm_m_2007": 72.0, "ob_m_2008": 2027.0, "tec_m_2008": 266.0, "adm_m_2008": 111.0, "ob_m_2009": 1616.0, "tec_m_2009": 239.0, "adm_m_2009": 62.0, "ob_m_2010": 2528.0, "tec_m_2010": 332.0, "adm_m_2010": 58.0, "ob_m_2011": 2245.0, "tec_m_2011": 390.0, "adm_m_2011": 64.0, "ob_m_2012": 2200.0, "tec_m_2012": 449.0, "adm_m_2012": 59.0, "ob_m_2014": 2982.0, "tec_m_2014": 468.0, "adm_m_2014": 131.0, "ob_m_2015": 2901.0, "tec_m_2015": 453.0, "adm_m_2015": 77.0, "ob_m_2016": 2508.0, "tec_m_2016": 442.0, "adm_m_2016": 90.0, "ent2000": 30.0, "ent2001": 28.0, "ent2002": 32.0, "ent2003": 32.0, "ent2004": 30.0, "ent2005": 21.0, "ent2006": 27.0, "ent2007": 24.0, "ent2008": 22.0, "ent2009": 19.0, "ent2010": 23.0, "ent2011": 21.0, "ent2012": 19.0, "ent2013": 18.0, "ent2014": 16.0, "ent2015": 17.0, "ent2016": 17.0, "ele2000": 19505860.5, "ele2001": 18458617.35, "ele2002": 25404777.15, "ele2003": 36287644.7, "ele2004": 62456738.43, "ele2005": 42998044.02, "ele2006": 55704977.32, "ele2007": 37044662.79, "ele2008": 30021879.85, "ele2009": 22856282.57, "ele2010": 35713830.0, "ele2011": 50243306.14, "ele2012": 57437671.39, "ele2013": 67115276.52, "ele2014": 129657135.5, "ele2015": 61770972.74, "ele2016": 50380.11, "com2000": 0.0, "com2001": 0.0, "com2002": 0.0, "com2003": 6395237.19, "com2004": 8066854.47, "com2005": 6693525.45, "com2006": 9667117.76, "com2007": 6660364.34, "com2008": 5135740.31, "com2009": 2792625.3, "com2010": 3636941.93, "com2011": 4709304.3, "com2012": 4885253.45, "com2013": 4497035.91, "com2014": 4984907.91, "com2015": 5568246.32, "com2016": 6435.25, "inf2000": 2669151.67, "inf2001": 10642320.08, "inf2002": 3302158.89, "inf2003": 2877482.27, "inf2004": 3806124.69, "inf2005": 3271956.75, "inf2006": 3962920.62, "inf2007": 2169976.68, "inf2008": 1872791.36, "inf2009": 1099318.98, "inf2010": 1724458.5, "inf2011": 2388481.0, "inf2012": 2583834.45, "inf2013": 3403121.05, "inf2014": 11961332.15, "inf2015": 4513150.0, "inf2016": 4535.28, "wat2000": 1031627.0, "wat2001": 813431.79, "wat2002": 528176.65, "wat2003": 1383746.7, "wat2004": 1579188.62, "wat2005": 633163.5, "wat2006": 1276016.28, "wat2007": 882786.0, "wat2008": 770575.63, "wat2009": 413403.0, "wat2010": 740548.49, "wat2011": 1073158.17, "wat2012": 895640.7, "wat2013": 1050411.41, "wat2014": 1886356.32, "wat2015": 1793569.0, "wat2016": 2539.47, "tss2000": 18751875.0, "tss2001": 87093851.53, "tss2002": 24636162.19, "tss2003": 33048282.13, "tss2004": 16118619.59, "tss2005": 13783180.84, "tss2006": 16521788.65, "tss2007": 23892615.3, "tss2008": 42926959.0, "tss2009": 15508283.6, "tss2010": 46127044.08, "tss2011": 58945323.97, "tss2012": 58689408.68, "tss2013": 86171875.77, "tss2014": 102344837.0, "tss2015": 107008260.7, "tss2016": 109065.73, "buiilt2000": 1283873.0, "buiilt2001": 1116683.0, "buiilt2002": 1116683.0, "buiilt2003": 1116683.0, "buiilt2004": 1228505.0, "buiilt2005": 1208176.0, "buiilt2006": 1208176.0, "buiilt2007": 1208176.0, "buiilt2008": 1208176.0, "buiilt2009": 1208176.0, "buiilt2010": 1208176.0, "buiilt2011": 1173226.0, "buiilt2012": 1173226.0, "buiilt2013": 1122197.2, "buiilt2014": 1122197.2, "buiilt2015": 1122197.0, "buiilt2016": 1261076.26, "ocu2000": 1283873.0, "ocu2001": 1116683.0, "ocu2002": 1116683.0, "ocu2003": 1116683.0, "ocu2004": 1228505.0, "ocu2005": 1208176.0, "ocu2006": 1208176.0, "ocu2007": 1093112.0, "ocu2008": 1093112.0, "ocu2009": 1048074.0, "ocu2010": 1021199.0, "ocu2011": 1142783.0, "ocu2012": 920888.74, "ocu2013": 994814.98, "ocu2014": 1067969.53, "ocu2015": 1122197.0, "ocu2016": 1157306.67, "sal_op2000": 716.77, "sal_op2001": 720.88, "sal_op2002": 779.86, "sal_op2003": 846.96, "sal_op2004": 1024.4, "sal_op2005": 1170.43, "sal_op2006": 1233.65, "sal_op2007": 1281.53, "sal_op2008": 1358.65, "sal_op2009": 1329.78, "sal_op2010": 1466.29, "sal_op2011": 1584.76, "sal_op2012": 1727.62, "sal_op2013": 1894.85, "sal_op2014": 1942.0, "sal_op2015": 2176.73, "sal_op2016": 2221.09, "sal_tec2000": 1608.1, "sal_tec2001": 1740.93, "sal_tec2002": 1657.9, "sal_tec2003": 1769.4, "sal_tec2004": 2185.83, "sal_tec2005": 2490.48, "sal_tec2006": 2891.53, "sal_tec2007": 3836.31, "sal_tec2008": 2984.12, "sal_tec2009": 3021.27, "sal_tec2010": 3190.84, "sal_tec2011": 3356.29, "sal_tec2012": 3686.81, "sal_tec2013": 3737.21, "sal_tec2014": 4189.4, "sal_tec2015": 4754.71, "sal_tec2016": 4671.84 }, "geometry": { "type": "Point", "coordinates": [ -70.55649026, 19.24673204 ] } },
{ "type": "Feature", "properties": { "code": "DOM-VER", "name": "Luperon Verde ", "latitude": 19.79325036, "longitude": -70.68090459, "start": 2019.0, "close": 0.0, "type": "private", "sez_id": 92.0, "origin ": 1.0, "inv2000": 0.0, "inv2001": 0.0, "inv2002": 0.0, "inv2003": 0.0, "inv2004": 0.0, "inv2005": 0.0, "inv2006": 0.0, "inv2007": 0.0, "inv2008": 0.0, "inv2009": 0.0, "inv2010": 0.0, "inv2011": 0.0, "inv2012": 0.0, "inv2013": 0.0, "inv2014": 0.0, "inv2015": 0.0, "inv2016": 0.0, "ob_f_2000": 0.0, "tec_f_2000": 0.0, "adm_f_2000": 0.0, "ob_f_2001": 0.0, "tec_f_2001": 0.0, "adm_f_2001": 0.0, "ob_f_2002": 0.0, "tec_f_2002": 0.0, "adm_f_2002": 0.0, "ob_f_2003": 0.0, "tec_f_2003": 0.0, "adm_f_2003": 0.0, "ob_f_2004": 0.0, "tec_f_2004": 0.0, "adm_f_2004": 0.0, "ob_f_2005": 0.0, "tec_f_2005": 0.0, "adm_f_2005": 0.0, "ob_f_2006": 0.0, "tec_f_2006": 0.0, "adm_f_2006": 0.0, "ob_f_2007": 0.0, "tec_f_2007": 0.0, "adm_f_2007": 0.0, "ob_f_2008": 0.0, "tec_f_2008": 0.0, "adm_f_2008": 0.0, "ob_f_2009": 0.0, "tec_f_2009": 0.0, "adm_f_2009": 0.0, "ob_f_2010": 0.0, "tec_f_2010": 0.0, "adm_f_2010": 0.0, "ob_f_2011": 0.0, "tec_f_2011": 0.0, "adm_f_2011": 0.0, "ob_f_2012": 0.0, "tec_f_2012": 0.0, "adm_f_2012": 0.0, "ob_f_2014": 0.0, "tec_f_2014": 0.0, "adm_f_2014": 0.0, "ob_f_2015": 0.0, "tec_f_2015": 0.0, "adm_f_2015": 0.0, "ob_f_2016": 0.0, "tec_f_2016": 0.0, "adm_f_2016": 0.0, "ob_m_2000": 0.0, "tec_m_2000": 0.0, "adm_m_2000": 0.0, "ob_m_2001": 0.0, "tec_m_2001": 0.0, "adm_m_2001": 0.0, "ob_m_2002": 0.0, "tec_m_2002": 0.0, "adm_m_2002": 0.0, "ob_m_2003": 0.0, "tec_m_2003": 0.0, "adm_m_2003": 0.0, "ob_m_2004": 0.0, "tec_m_2004": 0.0, "adm_m_2004": 0.0, "ob_m_2005": 0.0, "tec_m_2005": 0.0, "adm_m_2005": 0.0, "ob_m_2006": 0.0, "tec_m_2006": 0.0, "adm_m_2006": 0.0, "ob_m_2007": 0.0, "tec_m_2007": 0.0, "adm_m_2007": 0.0, "ob_m_2008": 0.0, "tec_m_2008": 0.0, "adm_m_2008": 0.0, "ob_m_2009": 0.0, "tec_m_2009": 0.0, "adm_m_2009": 0.0, "ob_m_2010": 0.0, "tec_m_2010": 0.0, "adm_m_2010": 0.0, "ob_m_2011": 0.0, "tec_m_2011": 0.0, "adm_m_2011": 0.0, "ob_m_2012": 0.0, "tec_m_2012": 0.0, "adm_m_2012": 0.0, "ob_m_2014": 0.0, "tec_m_2014": 0.0, "adm_m_2014": 0.0, "ob_m_2015": 0.0, "tec_m_2015": 0.0, "adm_m_2015": 0.0, "ob_m_2016": 0.0, "tec_m_2016": 0.0, "adm_m_2016": 0.0, "ent2000": 0.0, "ent2001": 0.0, "ent2002": 0.0, "ent2003": 0.0, "ent2004": 0.0, "ent2005": 0.0, "ent2006": 0.0, "ent2007": 0.0, "ent2008": 0.0, "ent2009": 0.0, "ent2010": 0.0, "ent2011": 0.0, "ent2012": 0.0, "ent2013": 0.0, "ent2014": 0.0, "ent2015": 0.0, "ent2016": 0.0, "ele2000": 0.0, "ele2001": 0.0, "ele2002": 0.0, "ele2003": 0.0, "ele2004": 0.0, "ele2005": 0.0, "ele2006": 0.0, "ele2007": 0.0, "ele2008": 0.0, "ele2009": 0.0, "ele2010": 0.0, "ele2011": 0.0, "ele2012": 0.0, "ele2013": 0.0, "ele2014": 0.0, "ele2015": 0.0, "ele2016": 0.0, "com2000": 0.0, "com2001": 0.0, "com2002": 0.0, "com2003": 0.0, "com2004": 0.0, "com2005": 0.0, "com2006": 0.0, "com2007": 0.0, "com2008": 0.0, "com2009": 0.0, "com2010": 0.0, "com2011": 0.0, "com2012": 0.0, "com2013": 0.0, "com2014": 0.0, "com2015": 0.0, "com2016": 0.0, "inf2000": 0.0, "inf2001": 0.0, "inf2002": 0.0, "inf2003": 0.0, "inf2004": 0.0, "inf2005": 0.0, "inf2006": 0.0, "inf2007": 0.0, "inf2008": 0.0, "inf2009": 0.0, "inf2010": 0.0, "inf2011": 0.0, "inf2012": 0.0, "inf2013": 0.0, "inf2014": 0.0, "inf2015": 0.0, "inf2016": 0.0, "wat2000": 0.0, "wat2001": 0.0, "wat2002": 0.0, "wat2003": 0.0, "wat2004": 0.0, "wat2005": 0.0, "wat2006": 0.0, "wat2007": 0.0, "wat2008": 0.0, "wat2009": 0.0, "wat2010": 0.0, "wat2011": 0.0, "wat2012": 0.0, "wat2013": 0.0, "wat2014": 0.0, "wat2015": 0.0, "wat2016": 0.0, "tss2000": 0.0, "tss2001": 0.0, "tss2002": 0.0, "tss2003": 0.0, "tss2004": 0.0, "tss2005": 0.0, "tss2006": 0.0, "tss2007": 0.0, "tss2008": 0.0, "tss2009": 0.0, "tss2010": 0.0, "tss2011": 0.0, "tss2012": 0.0, "tss2013": 0.0, "tss2014": 0.0, "tss2015": 0.0, "tss2016": 0.0, "buiilt2000": 0.0, "buiilt2001": 0.0, "buiilt2002": 0.0, "buiilt2003": 0.0, "buiilt2004": 0.0, "buiilt2005": 0.0, "buiilt2006": 0.0, "buiilt2007": 0.0, "buiilt2008": 0.0, "buiilt2009": 0.0, "buiilt2010": 0.0, "buiilt2011": 0.0, "buiilt2012": 0.0, "buiilt2013": 0.0, "buiilt2014": 0.0, "buiilt2015": 0.0, "buiilt2016": 0.0, "ocu2000": 0.0, "ocu2001": 0.0, "ocu2002": 0.0, "ocu2003": 0.0, "ocu2004": 0.0, "ocu2005": 0.0, "ocu2006": 0.0, "ocu2007": 0.0, "ocu2008": 0.0, "ocu2009": 0.0, "ocu2010": 0.0, "ocu2011": 0.0, "ocu2012": 0.0, "ocu2013": 0.0, "ocu2014": 0.0, "ocu2015": 0.0, "ocu2016": 0.0, "sal_op2000": 0.0, "sal_op2001": 0.0, "sal_op2002": 0.0, "sal_op2003": 0.0, "sal_op2004": 0.0, "sal_op2005": 0.0, "sal_op2006": 0.0, "sal_op2007": 0.0, "sal_op2008": 0.0, "sal_op2009": 0.0, "sal_op2010": 0.0, "sal_op2011": 0.0, "sal_op2012": 0.0, "sal_op2013": 0.0, "sal_op2014": 0.0, "sal_op2015": 0.0, "sal_op2016": 0.0, "sal_tec2000": 0.0, "sal_tec2001": 0.0, "sal_tec2002": 0.0, "sal_tec2003": 0.0, "sal_tec2004": 0.0, "sal_tec2005": 0.0, "sal_tec2006": 0.0, "sal_tec2007": 0.0, "sal_tec2008": 0.0, "sal_tec2009": 0.0, "sal_tec2010": 0.0, "sal_tec2011": 0.0, "sal_tec2012": 0.0, "sal_tec2013": 0.0, "sal_tec2014": 0.0, "sal_tec2015": 0.0, "sal_tec2016": 0.0 }, "geometry": { "type": "Point", "coordinates": [ -70.68090459, 19.79325036 ] } },
{ "type": "Feature", "properties": { "code": "DOM-VIS", "name": "Bella Vista ", "latitude": 18.61321459, "longitude": -69.70844704, "start": 2004.0, "close": 0.0, "type": "private", "sez_id": 93.0, "origin ": 1.0, "inv2000": 0.0, "inv2001": 0.0, "inv2002": 0.0, "inv2003": 0.0, "inv2004": 268000.0, "inv2005": 61659000.0, "inv2006": 58000000.0, "inv2007": 113481652.0, "inv2008": 131602799.7, "inv2009": 131602799.7, "inv2010": 140000000.0, "inv2011": 151000000.0, "inv2012": 152692579.4, "inv2013": 151900000.0, "inv2014": 283200500.0, "inv2015": 283200500.0, "inv2016": 283200500.0, "ob_f_2000": 0.0, "tec_f_2000": 0.0, "adm_f_2000": 0.0, "ob_f_2001": 0.0, "tec_f_2001": 0.0, "adm_f_2001": 0.0, "ob_f_2002": 0.0, "tec_f_2002": 0.0, "adm_f_2002": 0.0, "ob_f_2003": 0.0, "tec_f_2003": 0.0, "adm_f_2003": 0.0, "ob_f_2004": 1.0, "tec_f_2004": 0.0, "adm_f_2004": 4.0, "ob_f_2005": 97.0, "tec_f_2005": 11.0, "adm_f_2005": 12.0, "ob_f_2006": 44.0, "tec_f_2006": 20.0, "adm_f_2006": 28.0, "ob_f_2007": 58.0, "tec_f_2007": 1.0, "adm_f_2007": 21.0, "ob_f_2008": 56.0, "tec_f_2008": 1.0, "adm_f_2008": 31.0, "ob_f_2009": 36.0, "tec_f_2009": 5.0, "adm_f_2009": 29.0, "ob_f_2010": 120.0, "tec_f_2010": 3.0, "adm_f_2010": 38.0, "ob_f_2011": 66.0, "tec_f_2011": 41.0, "adm_f_2011": 34.0, "ob_f_2012": 56.0, "tec_f_2012": 18.0, "adm_f_2012": 49.0, "ob_f_2014": 52.0, "tec_f_2014": 19.0, "adm_f_2014": 47.0, "ob_f_2015": 123.0, "tec_f_2015": 10.0, "adm_f_2015": 84.0, "ob_f_2016": 336.0, "tec_f_2016": 19.0, "adm_f_2016": 94.0, "ob_m_2000": 0.0, "tec_m_2000": 0.0, "adm_m_2000": 0.0, "ob_m_2001": 0.0, "tec_m_2001": 0.0, "adm_m_2001": 0.0, "ob_m_2002": 0.0, "tec_m_2002": 0.0, "adm_m_2002": 0.0, "ob_m_2003": 0.0, "tec_m_2003": 0.0, "adm_m_2003": 0.0, "ob_m_2004": 30.0, "tec_m_2004": 15.0, "adm_m_2004": 3.0, "ob_m_2005": 395.0, "tec_m_2005": 57.0, "adm_m_2005": 52.0, "ob_m_2006": 720.0, "tec_m_2006": 218.0, "adm_m_2006": 165.0, "ob_m_2007": 486.0, "tec_m_2007": 389.0, "adm_m_2007": 166.0, "ob_m_2008": 847.0, "tec_m_2008": 102.0, "adm_m_2008": 112.0, "ob_m_2009": 757.0, "tec_m_2009": 125.0, "adm_m_2009": 103.0, "ob_m_2010": 805.0, "tec_m_2010": 119.0, "adm_m_2010": 109.0, "ob_m_2011": 487.0, "tec_m_2011": 442.0, "adm_m_2011": 61.0, "ob_m_2012": 500.0, "tec_m_2012": 347.0, "adm_m_2012": 164.0, "ob_m_2014": 518.0, "tec_m_2014": 425.0, "adm_m_2014": 123.0, "ob_m_2015": 659.0, "tec_m_2015": 113.0, "adm_m_2015": 72.0, "ob_m_2016": 1076.0, "tec_m_2016": 151.0, "adm_m_2016": 84.0, "ent2000": 0.0, "ent2001": 0.0, "ent2002": 0.0, "ent2003": 0.0, "ent2004": 1.0, "ent2005": 2.0, "ent2006": 2.0, "ent2007": 1.0, "ent2008": 1.0, "ent2009": 1.0, "ent2010": 1.0, "ent2011": 1.0, "ent2012": 1.0, "ent2013": 1.0, "ent2014": 1.0, "ent2015": 1.0, "ent2016": 1.0, "ele2000": 0.0, "ele2001": 0.0, "ele2002": 0.0, "ele2003": 0.0, "ele2004": 145500.0, "ele2005": 73211.41, "ele2006": 85024900.0, "ele2007": 146663382.3, "ele2008": 215730058.9, "ele2009": 4224434.65, "ele2010": 10085000.0, "ele2011": 173500000.0, "ele2012": 5013142.46, "ele2013": 393295000.0, "ele2014": 374700000.0, "ele2015": 315649590.4, "ele2016": 254413.1, "com2000": 0.0, "com2001": 0.0, "com2002": 0.0, "com2003": 0.0, "com2004": 185000.0, "com2005": 272934.73, "com2006": 3209490.99, "com2007": 4297577.79, "com2008": 3902908.41, "com2009": 4074717.2, "com2010": 8070000.0, "com2011": 11600000.0, "com2012": 2960080.59, "com2013": 11407000.0, "com2014": 4365000.0, "com2015": 885510.8, "com2016": 5231.0, "inf2000": 0.0, "inf2001": 0.0, "inf2002": 0.0, "inf2003": 0.0, "inf2004": 0.0, "inf2005": 0.0, "inf2006": 1137654.35, "inf2007": 1448370.0, "inf2008": 1532104.0, "inf2009": 1973480.0, "inf2010": 1950000.0, "inf2011": 2563800.0, "inf2012": 2632573.0, "inf2013": 2505000.0, "inf2014": 3023000.0, "inf2015": 3173190.0, "inf2016": 3001.83, "wat2000": 0.0, "wat2001": 0.0, "wat2002": 0.0, "wat2003": 0.0, "wat2004": 90000.0, "wat2005": 49071.0, "wat2006": 8000000.0, "wat2007": 7642081.0, "wat2008": 12451533.0, "wat2009": 12696529.0, "wat2010": 9700000.0, "wat2011": 17191000.0, "wat2012": 16354196.0, "wat2013": 19591000.0, "wat2014": 19924000.0, "wat2015": 21329496.0, "wat2016": 16800.0, "tss2000": 0.0, "tss2001": 0.0, "tss2002": 0.0, "tss2003": 0.0, "tss2004": 56400.0, "tss2005": 207217.3, "tss2006": 171681.98, "tss2007": 24860776.08, "tss2008": 33782555.03, "tss2009": 30144336.33, "tss2010": 40627668.25, "tss2011": 50224417.22, "tss2012": 44747426.19, "tss2013": 53594927.27, "tss2014": 57600351.29, "tss2015": 60854461.67, "tss2016": 65013.44, "buiilt2000": 0.0, "buiilt2001": 0.0, "buiilt2002": 0.0, "buiilt2003": 0.0, "buiilt2004": 506796.0, "buiilt2005": 506796.0, "buiilt2006": 444890.0, "buiilt2007": 486352.0, "buiilt2008": 486352.0, "buiilt2009": 388922.96, "buiilt2010": 388922.96, "buiilt2011": 421816.0, "buiilt2012": 421816.0, "buiilt2013": 421816.0, "buiilt2014": 421834.0, "buiilt2015": 421834.0, "buiilt2016": 421834.0, "ocu2000": 0.0, "ocu2001": 0.0, "ocu2002": 0.0, "ocu2003": 0.0, "ocu2004": 506796.0, "ocu2005": 506796.0, "ocu2006": 444890.0, "ocu2007": 486352.0, "ocu2008": 486352.0, "ocu2009": 388922.96, "ocu2010": 388922.96, "ocu2011": 421816.0, "ocu2012": 421816.0, "ocu2013": 421816.0, "ocu2014": 421834.0, "ocu2015": 421834.0, "ocu2016": 421834.0, "sal_op2000": 0.0, "sal_op2001": 0.0, "sal_op2002": 0.0, "sal_op2003": 0.0, "sal_op2004": 1350.0, "sal_op2005": 1313.0, "sal_op2006": 1900.0, "sal_op2007": 0.0, "sal_op2008": 1130.0, "sal_op2009": 3121.0, "sal_op2010": 3000.0, "sal_op2011": 2561.0, "sal_op2012": 3561.36, "sal_op2013": 2423.7, "sal_op2014": 2617.6, "sal_op2015": 2750.0, "sal_op2016": 2800.0, "sal_tec2000": 0.0, "sal_tec2001": 0.0, "sal_tec2002": 0.0, "sal_tec2003": 0.0, "sal_tec2004": 6500.0, "sal_tec2005": 3000.0, "sal_tec2006": 4500.0, "sal_tec2007": 0.0, "sal_tec2008": 4569.0, "sal_tec2009": 4615.0, "sal_tec2010": 5375.0, "sal_tec2011": 4698.0, "sal_tec2012": 6863.0, "sal_tec2013": 6433.17, "sal_tec2014": 7015.64, "sal_tec2015": 4450.0, "sal_tec2016": 4500.0 }, "geometry": { "type": "Point", "coordinates": [ -69.70844704, 18.61321459 ] } },
{ "type": "Feature", "properties": { "code": "DOM-YAQ", "name": "Parque Industrial y de Servicios Yaque", "latitude": 19.46972418, "longitude": -70.71437329, "start": 2010.0, "close": 0.0, "type": "private", "sez_id": 94.0, "origin ": 1.0, "inv2000": 0.0, "inv2001": 0.0, "inv2002": 0.0, "inv2003": 0.0, "inv2004": 0.0, "inv2005": 0.0, "inv2006": 0.0, "inv2007": 0.0, "inv2008": 0.0, "inv2009": 0.0, "inv2010": 7861425.67, "inv2011": 7876503.3, "inv2012": 7478342.0, "inv2013": 10877463.4, "inv2014": 14000000.0, "inv2015": 14800000.0, "inv2016": 15053412.0, "ob_f_2000": 0.0, "tec_f_2000": 0.0, "adm_f_2000": 0.0, "ob_f_2001": 0.0, "tec_f_2001": 0.0, "adm_f_2001": 0.0, "ob_f_2002": 0.0, "tec_f_2002": 0.0, "adm_f_2002": 0.0, "ob_f_2003": 0.0, "tec_f_2003": 0.0, "adm_f_2003": 0.0, "ob_f_2004": 0.0, "tec_f_2004": 0.0, "adm_f_2004": 0.0, "ob_f_2005": 0.0, "tec_f_2005": 0.0, "adm_f_2005": 0.0, "ob_f_2006": 0.0, "tec_f_2006": 0.0, "adm_f_2006": 0.0, "ob_f_2007": 0.0, "tec_f_2007": 0.0, "adm_f_2007": 0.0, "ob_f_2008": 0.0, "tec_f_2008": 0.0, "adm_f_2008": 0.0, "ob_f_2009": 0.0, "tec_f_2009": 0.0, "adm_f_2009": 0.0, "ob_f_2010": 0.0, "tec_f_2010": 0.0, "adm_f_2010": 25.0, "ob_f_2011": 2.0, "tec_f_2011": 1.0, "adm_f_2011": 28.0, "ob_f_2012": 2.0, "tec_f_2012": 0.0, "adm_f_2012": 25.0, "ob_f_2014": 0.0, "tec_f_2014": 0.0, "adm_f_2014": 25.0, "ob_f_2015": 2.0, "tec_f_2015": 1.0, "adm_f_2015": 30.0, "ob_f_2016": 2.0, "tec_f_2016": 1.0, "adm_f_2016": 24.0, "ob_m_2000": 0.0, "tec_m_2000": 0.0, "adm_m_2000": 0.0, "ob_m_2001": 0.0, "tec_m_2001": 0.0, "adm_m_2001": 0.0, "ob_m_2002": 0.0, "tec_m_2002": 0.0, "adm_m_2002": 0.0, "ob_m_2003": 0.0, "tec_m_2003": 0.0, "adm_m_2003": 0.0, "ob_m_2004": 0.0, "tec_m_2004": 0.0, "adm_m_2004": 0.0, "ob_m_2005": 0.0, "tec_m_2005": 0.0, "adm_m_2005": 0.0, "ob_m_2006": 0.0, "tec_m_2006": 0.0, "adm_m_2006": 0.0, "ob_m_2007": 0.0, "tec_m_2007": 0.0, "adm_m_2007": 0.0, "ob_m_2008": 0.0, "tec_m_2008": 0.0, "adm_m_2008": 0.0, "ob_m_2009": 0.0, "tec_m_2009": 0.0, "adm_m_2009": 0.0, "ob_m_2010": 198.0, "tec_m_2010": 25.0, "adm_m_2010": 35.0, "ob_m_2011": 221.0, "tec_m_2011": 29.0, "adm_m_2011": 39.0, "ob_m_2012": 162.0, "tec_m_2012": 25.0, "adm_m_2012": 44.0, "ob_m_2014": 180.0, "tec_m_2014": 24.0, "adm_m_2014": 51.0, "ob_m_2015": 169.0, "tec_m_2015": 22.0, "adm_m_2015": 48.0, "ob_m_2016": 157.0, "tec_m_2016": 37.0, "adm_m_2016": 30.0, "ent2000": 0.0, "ent2001": 0.0, "ent2002": 0.0, "ent2003": 0.0, "ent2004": 0.0, "ent2005": 0.0, "ent2006": 0.0, "ent2007": 0.0, "ent2008": 0.0, "ent2009": 0.0, "ent2010": 1.0, "ent2011": 1.0, "ent2012": 1.0, "ent2013": 2.0, "ent2014": 2.0, "ent2015": 2.0, "ent2016": 2.0, "ele2000": 0.0, "ele2001": 0.0, "ele2002": 0.0, "ele2003": 0.0, "ele2004": 0.0, "ele2005": 0.0, "ele2006": 0.0, "ele2007": 0.0, "ele2008": 0.0, "ele2009": 0.0, "ele2010": 14179092.89, "ele2011": 12995959.54, "ele2012": 10715418.68, "ele2013": 24736054.62, "ele2014": 17042645.24, "ele2015": 31201560.66, "ele2016": 24382.6, "com2000": 0.0, "com2001": 0.0, "com2002": 0.0, "com2003": 0.0, "com2004": 0.0, "com2005": 0.0, "com2006": 0.0, "com2007": 0.0, "com2008": 0.0, "com2009": 0.0, "com2010": 1086816.97, "com2011": 1194829.95, "com2012": 1058579.59, "com2013": 1147109.02, "com2014": 1883188.91, "com2015": 1635297.82, "com2016": 1206.38, "inf2000": 0.0, "inf2001": 0.0, "inf2002": 0.0, "inf2003": 0.0, "inf2004": 0.0, "inf2005": 0.0, "inf2006": 0.0, "inf2007": 0.0, "inf2008": 0.0, "inf2009": 0.0, "inf2010": 444397.0, "inf2011": 526602.0, "inf2012": 467575.0, "inf2013": 598000.0, "inf2014": 548265.72, "inf2015": 746458.8, "inf2016": 589.07, "wat2000": 0.0, "wat2001": 0.0, "wat2002": 0.0, "wat2003": 0.0, "wat2004": 0.0, "wat2005": 0.0, "wat2006": 0.0, "wat2007": 0.0, "wat2008": 0.0, "wat2009": 0.0, "wat2010": 2298237.0, "wat2011": 3714850.0, "wat2012": 3156085.3, "wat2013": 3742830.0, "wat2014": 3807223.2, "wat2015": 5308903.2, "wat2016": 4489.82, "tss2000": 0.0, "tss2001": 0.0, "tss2002": 0.0, "tss2003": 0.0, "tss2004": 0.0, "tss2005": 0.0, "tss2006": 0.0, "tss2007": 0.0, "tss2008": 0.0, "tss2009": 0.0, "tss2010": 9265803.94, "tss2011": 10633548.99, "tss2012": 10276500.28, "tss2013": 10654576.9, "tss2014": 11242981.56, "tss2015": 12581423.11, "tss2016": 11917.76, "buiilt2000": 0.0, "buiilt2001": 0.0, "buiilt2002": 0.0, "buiilt2003": 0.0, "buiilt2004": 0.0, "buiilt2005": 0.0, "buiilt2006": 0.0, "buiilt2007": 0.0, "buiilt2008": 0.0, "buiilt2009": 0.0, "buiilt2010": 200738.56, "buiilt2011": 200738.56, "buiilt2012": 200738.56, "buiilt2013": 200738.56, "buiilt2014": 200738.56, "buiilt2015": 200738.56, "buiilt2016": 200738.56, "ocu2000": 0.0, "ocu2001": 0.0, "ocu2002": 0.0, "ocu2003": 0.0, "ocu2004": 0.0, "ocu2005": 0.0, "ocu2006": 0.0, "ocu2007": 0.0, "ocu2008": 0.0, "ocu2009": 0.0, "ocu2010": 143000.0, "ocu2011": 200738.56, "ocu2012": 200738.56, "ocu2013": 200738.56, "ocu2014": 200738.56, "ocu2015": 200738.56, "ocu2016": 200738.56, "sal_op2000": 0.0, "sal_op2001": 0.0, "sal_op2002": 0.0, "sal_op2003": 0.0, "sal_op2004": 0.0, "sal_op2005": 0.0, "sal_op2006": 0.0, "sal_op2007": 0.0, "sal_op2008": 0.0, "sal_op2009": 0.0, "sal_op2010": 1448.41, "sal_op2011": 1475.0, "sal_op2012": 1924.56, "sal_op2013": 2270.86, "sal_op2014": 2059.76, "sal_op2015": 2019.23, "sal_op2016": 2479.82, "sal_tec2000": 0.0, "sal_tec2001": 0.0, "sal_tec2002": 0.0, "sal_tec2003": 0.0, "sal_tec2004": 0.0, "sal_tec2005": 0.0, "sal_tec2006": 0.0, "sal_tec2007": 0.0, "sal_tec2008": 0.0, "sal_tec2009": 0.0, "sal_tec2010": 3439.6, "sal_tec2011": 4800.0, "sal_tec2012": 3417.45, "sal_tec2013": 3807.43, "sal_tec2014": 2897.1, "sal_tec2015": 3996.96, "sal_tec2016": 5841.01 }, "geometry": { "type": "Point", "coordinates": [ -70.71437329, 19.46972418 ] } },
{ "type": "Feature", "properties": { "code": "DOM-ZOF", "name": "Zofinma (Mao)", "latitude": 19.5539567, "longitude": -71.09162809, "start": 1993.0, "close": 2006.0, "type": "private", "sez_id": 95.0, "origin ": 1.0, "inv2000": 413004.0, "inv2001": 593364.0, "inv2002": 593364.0, "inv2003": 593364.0, "inv2004": 610000.0, "inv2005": 610000.0, "inv2006": 549000.0, "inv2007": 0.0, "inv2008": 0.0, "inv2009": 0.0, "inv2010": 0.0, "inv2011": 0.0, "inv2012": 0.0, "inv2013": 0.0, "inv2014": 0.0, "inv2015": 0.0, "inv2016": 0.0, "ob_f_2000": 82.0, "tec_f_2000": 2.0, "adm_f_2000": 3.0, "ob_f_2001": 151.0, "tec_f_2001": 6.0, "adm_f_2001": 2.0, "ob_f_2002": 135.0, "tec_f_2002": 6.0, "adm_f_2002": 2.0, "ob_f_2003": 128.0, "tec_f_2003": 2.0, "adm_f_2003": 5.0, "ob_f_2004": 127.0, "tec_f_2004": 1.0, "adm_f_2004": 5.0, "ob_f_2005": 243.0, "tec_f_2005": 15.0, "adm_f_2005": 9.0, "ob_f_2006": 223.0, "tec_f_2006": 15.0, "adm_f_2006": 9.0, "ob_f_2007": 0.0, "tec_f_2007": 0.0, "adm_f_2007": 0.0, "ob_f_2008": 0.0, "tec_f_2008": 0.0, "adm_f_2008": 0.0, "ob_f_2009": 0.0, "tec_f_2009": 0.0, "adm_f_2009": 0.0, "ob_f_2010": 0.0, "tec_f_2010": 0.0, "adm_f_2010": 0.0, "ob_f_2011": 0.0, "tec_f_2011": 0.0, "adm_f_2011": 0.0, "ob_f_2012": 0.0, "tec_f_2012": 0.0, "adm_f_2012": 0.0, "ob_f_2014": 0.0, "tec_f_2014": 0.0, "adm_f_2014": 0.0, "ob_f_2015": 0.0, "tec_f_2015": 0.0, "adm_f_2015": 0.0, "ob_f_2016": 0.0, "tec_f_2016": 0.0, "adm_f_2016": 0.0, "ob_m_2000": 108.0, "tec_m_2000": 8.0, "adm_m_2000": 2.0, "ob_m_2001": 323.0, "tec_m_2001": 22.0, "adm_m_2001": 1.0, "ob_m_2002": 285.0, "tec_m_2002": 20.0, "adm_m_2002": 1.0, "ob_m_2003": 280.0, "tec_m_2003": 16.0, "adm_m_2003": 4.0, "ob_m_2004": 258.0, "tec_m_2004": 19.0, "adm_m_2004": 2.0, "ob_m_2005": 122.0, "tec_m_2005": 4.0, "adm_m_2005": 5.0, "ob_m_2006": 107.0, "tec_m_2006": 4.0, "adm_m_2006": 5.0, "ob_m_2007": 0.0, "tec_m_2007": 0.0, "adm_m_2007": 0.0, "ob_m_2008": 0.0, "tec_m_2008": 0.0, "adm_m_2008": 0.0, "ob_m_2009": 0.0, "tec_m_2009": 0.0, "adm_m_2009": 0.0, "ob_m_2010": 0.0, "tec_m_2010": 0.0, "adm_m_2010": 0.0, "ob_m_2011": 0.0, "tec_m_2011": 0.0, "adm_m_2011": 0.0, "ob_m_2012": 0.0, "tec_m_2012": 0.0, "adm_m_2012": 0.0, "ob_m_2014": 0.0, "tec_m_2014": 0.0, "adm_m_2014": 0.0, "ob_m_2015": 0.0, "tec_m_2015": 0.0, "adm_m_2015": 0.0, "ob_m_2016": 0.0, "tec_m_2016": 0.0, "adm_m_2016": 0.0, "ent2000": 1.0, "ent2001": 1.0, "ent2002": 1.0, "ent2003": 1.0, "ent2004": 1.0, "ent2005": 1.0, "ent2006": 1.0, "ent2007": 0.0, "ent2008": 0.0, "ent2009": 0.0, "ent2010": 0.0, "ent2011": 0.0, "ent2012": 0.0, "ent2013": 0.0, "ent2014": 0.0, "ent2015": 0.0, "ent2016": 0.0, "ele2000": 30000.0, "ele2001": 420000.0, "ele2002": 420000.0, "ele2003": 1697505.69, "ele2004": 2400000.0, "ele2005": 2240217.31, "ele2006": 2302379.65, "ele2007": 0.0, "ele2008": 0.0, "ele2009": 0.0, "ele2010": 0.0, "ele2011": 0.0, "ele2012": 0.0, "ele2013": 0.0, "ele2014": 0.0, "ele2015": 0.0, "ele2016": 0.0, "com2000": 0.0, "com2001": 0.0, "com2002": 0.0, "com2003": 276210.84, "com2004": 456000.0, "com2005": 463374.94, "com2006": 349726.58, "com2007": 0.0, "com2008": 0.0, "com2009": 0.0, "com2010": 0.0, "com2011": 0.0, "com2012": 0.0, "com2013": 0.0, "com2014": 0.0, "com2015": 0.0, "com2016": 0.0, "inf2000": 0.0, "inf2001": 26000.0, "inf2002": 26000.0, "inf2003": 84503.15, "inf2004": 189731.16, "inf2005": 296186.09, "inf2006": 397886.67, "inf2007": 0.0, "inf2008": 0.0, "inf2009": 0.0, "inf2010": 0.0, "inf2011": 0.0, "inf2012": 0.0, "inf2013": 0.0, "inf2014": 0.0, "inf2015": 0.0, "inf2016": 0.0, "wat2000": 7500.0, "wat2001": 9000.0, "wat2002": 9000.0, "wat2003": 36716.4, "wat2004": 36672.0, "wat2005": 53510.0, "wat2006": 55044.0, "wat2007": 0.0, "wat2008": 0.0, "wat2009": 0.0, "wat2010": 0.0, "wat2011": 0.0, "wat2012": 0.0, "wat2013": 0.0, "wat2014": 0.0, "wat2015": 0.0, "wat2016": 0.0, "tss2000": 33729.37, "tss2001": 540000.0, "tss2002": 540000.0, "tss2003": 914262.81, "tss2004": 1683150.0, "tss2005": 1371528.13, "tss2006": 1068000.0, "tss2007": 0.0, "tss2008": 0.0, "tss2009": 0.0, "tss2010": 0.0, "tss2011": 0.0, "tss2012": 0.0, "tss2013": 0.0, "tss2014": 0.0, "tss2015": 0.0, "tss2016": 0.0, "buiilt2000": 38000.0, "buiilt2001": 38000.0, "buiilt2002": 38000.0, "buiilt2003": 38000.0, "buiilt2004": 38000.0, "buiilt2005": 38000.0, "buiilt2006": 38000.0, "buiilt2007": 0.0, "buiilt2008": 0.0, "buiilt2009": 0.0, "buiilt2010": 0.0, "buiilt2011": 0.0, "buiilt2012": 0.0, "buiilt2013": 0.0, "buiilt2014": 0.0, "buiilt2015": 0.0, "buiilt2016": 0.0, "ocu2000": 38000.0, "ocu2001": 38000.0, "ocu2002": 38000.0, "ocu2003": 22000.0, "ocu2004": 22500.0, "ocu2005": 22500.0, "ocu2006": 22500.0, "ocu2007": 0.0, "ocu2008": 0.0, "ocu2009": 0.0, "ocu2010": 0.0, "ocu2011": 0.0, "ocu2012": 0.0, "ocu2013": 0.0, "ocu2014": 0.0, "ocu2015": 0.0, "ocu2016": 0.0, "sal_op2000": 765.0, "sal_op2001": 802.0, "sal_op2002": 802.0, "sal_op2003": 1050.0, "sal_op2004": 1319.0, "sal_op2005": 1450.0, "sal_op2006": 1250.0, "sal_op2007": 0.0, "sal_op2008": 0.0, "sal_op2009": 0.0, "sal_op2010": 0.0, "sal_op2011": 0.0, "sal_op2012": 0.0, "sal_op2013": 0.0, "sal_op2014": 0.0, "sal_op2015": 0.0, "sal_op2016": 0.0, "sal_tec2000": 2000.0, "sal_tec2001": 2778.0, "sal_tec2002": 2778.0, "sal_tec2003": 1900.0, "sal_tec2004": 2500.0, "sal_tec2005": 4000.0, "sal_tec2006": 4000.0, "sal_tec2007": 0.0, "sal_tec2008": 0.0, "sal_tec2009": 0.0, "sal_tec2010": 0.0, "sal_tec2011": 0.0, "sal_tec2012": 0.0, "sal_tec2013": 0.0, "sal_tec2014": 0.0, "sal_tec2015": 0.0, "sal_tec2016": 0.0 }, "geometry": { "type": "Point", "coordinates": [ -71.09162809, 19.5539567 ] } }
]
}
